DROP DATABASE IF EXISTS snet1509;

CREATE DATABASE snet1509;

-- с указанием кодировки
-- create database snet1509 character set utf8mb4;

use snet1509;

DROP TABLE IF EXISTS users;

CREATE TABLE users (
	id serial PRIMARY KEY, -- SERIAL = BIGINT UNSIGNED NOT NULL AUTO_INCREMENT UNIQUE
	name varchar(50),
	surname varchar(50),
	email varchar(120) UNIQUE,
	phone bigint,
	gender char(1),
	birthday date,
	hometown varchar(50),
	photo_id bigint unsigned,
	pass char(50),
	created_at datetime DEFAULT CURRENT_TIMESTAMP,
	-- soft delete ('мягкое' удаление)
	-- is_deleted bool
	-- deleted_at datetime

	INDEX (phone),
	INDEX (email),
	INDEX (name,
		surname)
);

DROP TABLE IF EXISTS messages;

CREATE TABLE messages (
	id serial PRIMARY KEY,
	from_user_id bigint unsigned NOT NULL,
	to_user_id bigint unsigned NOT NULL,
	body text,
	is_read bool DEFAULT 0,
	created_at datetime DEFAULT CURRENT_TIMESTAMP,
	FOREIGN KEY (from_user_id) REFERENCES users (id),
	FOREIGN KEY (to_user_id) REFERENCES users (id)
);

DROP TABLE IF EXISTS friend_requests;

CREATE TABLE friend_requests (
	-- id serial primary key,
	initiator_user_id bigint unsigned NOT NULL,
	target_user_id bigint unsigned NOT NULL,
	status enum ('requested',
		'approved',
		'unfriended',
		'declined') DEFAULT 'requested',
	requested_at datetime DEFAULT now(),
	confirmed_at datetime DEFAULT CURRENT_TIMESTAMP ON UPDATE CURRENT_TIMESTAMP,
	PRIMARY KEY (initiator_user_id, target_user_id),
	FOREIGN KEY (initiator_user_id) REFERENCES users (id),
	FOREIGN KEY (target_user_id) REFERENCES users (id)
);

ALTER TABLE friend_requests
	ADD INDEX (initiator_user_id);

DROP TABLE IF EXISTS communities;

CREATE TABLE communities (
	id serial PRIMARY KEY,
	name varchar(150),
	INDEX communities_name_idx (name)
);

DROP TABLE IF EXISTS users_communities;

CREATE TABLE users_communities (
	user_id bigint unsigned NOT NULL,
	community_id bigint unsigned NOT NULL,
	is_admin bool DEFAULT 0,
	PRIMARY KEY (user_id, community_id),
	FOREIGN KEY (user_id) REFERENCES users (id),
	FOREIGN KEY (community_id) REFERENCES communities (id)
);

DROP TABLE IF EXISTS posts;

CREATE TABLE posts (
	id serial PRIMARY KEY,
	user_id bigint unsigned NOT NULL,
	body text,
	metadata json,
	created_at datetime DEFAULT CURRENT_TIMESTAMP,
	updated_at datetime DEFAULT CURRENT_TIMESTAMP ON UPDATE CURRENT_TIMESTAMP,
	FOREIGN KEY (user_id) REFERENCES users (id)
);

DROP TABLE IF EXISTS comments;

CREATE TABLE comments (
	id serial PRIMARY KEY,
	user_id bigint unsigned NOT NULL,
	post_id bigint unsigned NOT NULL,
	body text,
	created_at datetime DEFAULT CURRENT_TIMESTAMP,
	updated_at datetime DEFAULT CURRENT_TIMESTAMP ON UPDATE CURRENT_TIMESTAMP,
	FOREIGN KEY (user_id) REFERENCES users (id),
	FOREIGN KEY (post_id) REFERENCES posts (id)
);

DROP TABLE IF EXISTS photos;

CREATE TABLE photos (
	id serial PRIMARY KEY,
	user_id bigint unsigned NOT NULL,
	description text,
	filename varchar(250),
	FOREIGN KEY (user_id) REFERENCES users (id)
);

DROP TABLE IF EXISTS users_likes;

CREATE TABLE users_likes (
	initiator_user_id bigint unsigned NOT NULL,
	target_user_id bigint unsigned NOT NULL,
	liked_at datetime DEFAULT CURRENT_TIMESTAMP,
	PRIMARY KEY (initiator_user_id, target_user_id),
	FOREIGN KEY (initiator_user_id) REFERENCES users (id),
	FOREIGN KEY (target_user_id) REFERENCES users (id)
);

DROP TABLE IF EXISTS photos_likes;

CREATE TABLE photos_likes (
	user_id bigint unsigned NOT NULL,
	photo_id bigint unsigned NOT NULL,
	liked_at datetime DEFAULT CURRENT_TIMESTAMP,
	PRIMARY KEY (user_id, photo_id),
	FOREIGN KEY (user_id) REFERENCES users (id),
	FOREIGN KEY (photo_id) REFERENCES photos (id)
);

DROP TABLE IF EXISTS posts_likes;

CREATE TABLE posts_likes (
	user_id bigint unsigned NOT NULL,
	post_id bigint unsigned NOT NULL,
	liked_at datetime DEFAULT CURRENT_TIMESTAMP,
	PRIMARY KEY (user_id, post_id),
	FOREIGN KEY (user_id) REFERENCES users (id),
	FOREIGN KEY (post_id) REFERENCES posts (id)
);

INSERT INTO `users` (`id`, `name`, `surname`, `email`, `phone`, `gender`, `birthday`, `hometown`, `photo_id`, `pass`, `created_at`) VALUES ('1', 'Chelsey', 'Kuhic', 'qprosacco@example.com', '529', 'm', '1993-10-15', 'Chayabury', '0', '16f34330d5f248033e424b1648f3af3a', '2016-11-08 18:43:04');
INSERT INTO `users` (`id`, `name`, `surname`, `email`, `phone`, `gender`, `birthday`, `hometown`, `photo_id`, `pass`, `created_at`) VALUES ('2', 'Zack', 'Blanda', 'gcollins@example.com', '974546445', 'm', '1994-04-23', 'East Alanahaven', '0', '10125c959293992d64349abb200411f3', '1984-02-26 03:23:05');
INSERT INTO `users` (`id`, `name`, `surname`, `email`, `phone`, `gender`, `birthday`, `hometown`, `photo_id`, `pass`, `created_at`) VALUES ('3', 'Dewayne', 'Ratke', 'norris.stanton@example.net', '1', 'f', '1984-09-14', 'Devonview', '0', 'f5f488dad7412e5e17793efdaf4ae9b8', '1975-06-24 02:53:09');
INSERT INTO `users` (`id`, `name`, `surname`, `email`, `phone`, `gender`, `birthday`, `hometown`, `photo_id`, `pass`, `created_at`) VALUES ('4', 'Armani', 'Olson', 'kling.danyka@example.com', '196096', 'f', '2017-10-26', 'Astridchester', '0', '1a4eece79c14e292d94b9d658e24564b', '2001-12-08 15:32:00');
INSERT INTO `users` (`id`, `name`, `surname`, `email`, `phone`, `gender`, `birthday`, `hometown`, `photo_id`, `pass`, `created_at`) VALUES ('5', 'Laverna', 'Kuhlman', 'zechariah.kemmer@example.org', '1', 'm', '1988-08-04', 'Port Agnes', '0', '5f9a893012776ec08a955406c081e9dc', '2007-07-22 19:45:57');
INSERT INTO `users` (`id`, `name`, `surname`, `email`, `phone`, `gender`, `birthday`, `hometown`, `photo_id`, `pass`, `created_at`) VALUES ('6', 'Ernesto', 'Hilll', 'fkuvalis@example.org', '798', 'm', '2004-08-02', 'Frederiquebury', '0', '760b5ceb4694eb057ba28c47ddbcc009', '2018-11-23 17:57:29');
INSERT INTO `users` (`id`, `name`, `surname`, `email`, `phone`, `gender`, `birthday`, `hometown`, `photo_id`, `pass`, `created_at`) VALUES ('7', 'Jaylin', 'Ernser', 'pmcdermott@example.com', '789727', 'm', '1976-07-15', 'Mayerfurt', '0', 'f10e8337dcd2d3b70a7e7fe904ca08f2', '1974-10-24 16:00:04');
INSERT INTO `users` (`id`, `name`, `surname`, `email`, `phone`, `gender`, `birthday`, `hometown`, `photo_id`, `pass`, `created_at`) VALUES ('8', 'Estelle', 'Feeney', 'theodore.lang@example.net', '68', 'f', '2018-02-14', 'North Kylehaven', '0', '03cd0d4b3d0724698d76ed78881a0204', '1992-01-20 11:07:19');
INSERT INTO `users` (`id`, `name`, `surname`, `email`, `phone`, `gender`, `birthday`, `hometown`, `photo_id`, `pass`, `created_at`) VALUES ('9', 'Ferne', 'Kiehn', 'eve78@example.net', '1', 'f', '1971-11-15', 'New Leonorhaven', '0', '7cdb235ada636ca3ac7188ef1b0938a9', '1977-08-30 01:21:59');
INSERT INTO `users` (`id`, `name`, `surname`, `email`, `phone`, `gender`, `birthday`, `hometown`, `photo_id`, `pass`, `created_at`) VALUES ('10', 'Keagan', 'Lemke', 'qskiles@example.net', '1', 'f', '1991-01-16', 'Dorothyside', '0', 'bf4d4e1793974747dd7c258e86eb9d60', '1971-12-12 05:57:27');
INSERT INTO `users` (`id`, `name`, `surname`, `email`, `phone`, `gender`, `birthday`, `hometown`, `photo_id`, `pass`, `created_at`) VALUES ('11', 'August', 'Raynor', 'otillman@example.net', '1', 'f', '2007-09-06', 'Rogahnland', '0', '3f96e40f902f6a084ae36d075419679f', '2017-05-14 00:57:06');
INSERT INTO `users` (`id`, `name`, `surname`, `email`, `phone`, `gender`, `birthday`, `hometown`, `photo_id`, `pass`, `created_at`) VALUES ('12', 'Tyshawn', 'Haag', 'vita32@example.net', '947493', 'm', '1975-06-05', 'New Haileyport', '0', '9cae437a06ae3320afd873195e269664', '2011-08-04 16:50:53');
INSERT INTO `users` (`id`, `name`, `surname`, `email`, `phone`, `gender`, `birthday`, `hometown`, `photo_id`, `pass`, `created_at`) VALUES ('13', 'Johnpaul', 'Mills', 'go\'reilly@example.net', '9995539116', 'm', '2007-06-10', 'North Lily', '0', '0ea2c9fddc8cfff454fa863017978789', '2012-08-18 08:15:04');
INSERT INTO `users` (`id`, `name`, `surname`, `email`, `phone`, `gender`, `birthday`, `hometown`, `photo_id`, `pass`, `created_at`) VALUES ('14', 'Malika', 'Osinski', 'mwehner@example.com', '99', 'f', '2008-09-17', 'Port Daisha', '0', '99a53699819720765a0aafc06ab18303', '1988-12-02 05:03:45');
INSERT INTO `users` (`id`, `name`, `surname`, `email`, `phone`, `gender`, `birthday`, `hometown`, `photo_id`, `pass`, `created_at`) VALUES ('15', 'Kraig', 'Kulas', 'henri41@example.com', '738', 'm', '1977-05-02', 'New Wava', '0', 'baf41c658db570ccffbed4a49db6769d', '2010-01-05 12:02:11');
INSERT INTO `users` (`id`, `name`, `surname`, `email`, `phone`, `gender`, `birthday`, `hometown`, `photo_id`, `pass`, `created_at`) VALUES ('16', 'Glenna', 'Collier', 'friedrich.stracke@example.com', '0', 'f', '1998-11-28', 'South Hertha', '0', '4573897a08b1ca9c4b95ed56eea07ae0', '1983-12-26 06:54:26');
INSERT INTO `users` (`id`, `name`, `surname`, `email`, `phone`, `gender`, `birthday`, `hometown`, `photo_id`, `pass`, `created_at`) VALUES ('17', 'Kenna', 'Maggio', 'daniela.kshlerin@example.com', '1', 'm', '2003-05-12', 'West Rodrick', '0', 'ba750077beaa8bbc03b10d85c1da5e6e', '1987-12-23 22:41:32');
INSERT INTO `users` (`id`, `name`, `surname`, `email`, `phone`, `gender`, `birthday`, `hometown`, `photo_id`, `pass`, `created_at`) VALUES ('18', 'Lenore', 'Ankunding', 'georgianna39@example.net', '465', 'm', '2014-12-25', 'East Marleneshire', '0', 'cb0a00de81585a99360423a3ee84efc7', '1987-01-02 17:25:05');
INSERT INTO `users` (`id`, `name`, `surname`, `email`, `phone`, `gender`, `birthday`, `hometown`, `photo_id`, `pass`, `created_at`) VALUES ('19', 'Keon', 'Hahn', 'aaron.glover@example.net', '1', 'm', '2002-12-18', 'South Edbury', '0', '16dcfc07fef4ce217d5a32e6e75ffd5e', '1973-09-30 05:58:10');
INSERT INTO `users` (`id`, `name`, `surname`, `email`, `phone`, `gender`, `birthday`, `hometown`, `photo_id`, `pass`, `created_at`) VALUES ('20', 'Manuela', 'Murray', 'junior15@example.net', '714858', 'f', '2000-08-26', 'Laishaview', '0', 'bec9f70c03405a6c3252da4ba6d7c32c', '1985-08-14 13:42:10');
INSERT INTO `users` (`id`, `name`, `surname`, `email`, `phone`, `gender`, `birthday`, `hometown`, `photo_id`, `pass`, `created_at`) VALUES ('21', 'Gregg', 'Stroman', 'marshall66@example.net', '0', 'f', '1998-03-12', 'Kuvalisville', '0', 'f23304588914a32537f02272437cbbea', '2011-03-11 07:39:27');
INSERT INTO `users` (`id`, `name`, `surname`, `email`, `phone`, `gender`, `birthday`, `hometown`, `photo_id`, `pass`, `created_at`) VALUES ('22', 'Melody', 'Rosenbaum', 'melba74@example.org', '780806', 'f', '1971-10-19', 'Elenoraside', '0', '6285459e8f86e913a89f794c40e70e42', '1997-05-27 11:24:02');
INSERT INTO `users` (`id`, `name`, `surname`, `email`, `phone`, `gender`, `birthday`, `hometown`, `photo_id`, `pass`, `created_at`) VALUES ('23', 'Eugenia', 'Terry', 'edgardo.bashirian@example.net', '1', 'f', '2002-06-12', 'East Chelsey', '0', '35c985ee10221e103bed15b836e6d1e7', '1975-01-13 17:02:59');
INSERT INTO `users` (`id`, `name`, `surname`, `email`, `phone`, `gender`, `birthday`, `hometown`, `photo_id`, `pass`, `created_at`) VALUES ('24', 'Penelope', 'Johnston', 'anahi31@example.com', '25', 'm', '1993-08-25', 'South Lila', '0', 'caaf8ace09e1a24665172c9ba1f8af0f', '1975-08-11 06:59:39');
INSERT INTO `users` (`id`, `name`, `surname`, `email`, `phone`, `gender`, `birthday`, `hometown`, `photo_id`, `pass`, `created_at`) VALUES ('25', 'Jaiden', 'Dare', 'bogan.jeromy@example.net', '478', 'm', '1972-09-26', 'Candacestad', '0', 'c06d49ae680e8a3b61e7f5e2c342d86c', '2013-12-10 05:33:18');
INSERT INTO `users` (`id`, `name`, `surname`, `email`, `phone`, `gender`, `birthday`, `hometown`, `photo_id`, `pass`, `created_at`) VALUES ('26', 'Brannon', 'Armstrong', 'ebba85@example.org', '661', 'f', '2018-09-28', 'Armstrongfurt', '0', '907a9ca8e5019aff4bd2dc9c3e4930f0', '1971-10-01 03:48:19');
INSERT INTO `users` (`id`, `name`, `surname`, `email`, `phone`, `gender`, `birthday`, `hometown`, `photo_id`, `pass`, `created_at`) VALUES ('27', 'Stephon', 'Koepp', 'muhammad99@example.org', '636', 'f', '2020-05-16', 'Altenwerthchester', '0', 'f63045bab19788a0c88cbda73c3bc892', '1975-08-10 06:59:18');
INSERT INTO `users` (`id`, `name`, `surname`, `email`, `phone`, `gender`, `birthday`, `hometown`, `photo_id`, `pass`, `created_at`) VALUES ('28', 'Cassie', 'Huel', 'toby.mosciski@example.org', '0', 'f', '1984-07-30', 'South Hesterton', '0', 'e6adb66a5f5e3728a5fd2e5c88990e8f', '1972-08-22 18:35:38');
INSERT INTO `users` (`id`, `name`, `surname`, `email`, `phone`, `gender`, `birthday`, `hometown`, `photo_id`, `pass`, `created_at`) VALUES ('29', 'Dashawn', 'Oberbrunner', 'sanford.paxton@example.org', '1', 'f', '2013-04-07', 'Reynoldschester', '0', '03c93041c92094b77f7bdc2472089c99', '1989-02-22 11:58:08');
INSERT INTO `users` (`id`, `name`, `surname`, `email`, `phone`, `gender`, `birthday`, `hometown`, `photo_id`, `pass`, `created_at`) VALUES ('30', 'Guiseppe', 'Schuster', 'vmaggio@example.org', '0', 'm', '1996-12-13', 'South Maryamland', '0', '22b818d064aa6b34a80b9e4a3afc10a6', '2005-01-14 09:53:18');
INSERT INTO `users` (`id`, `name`, `surname`, `email`, `phone`, `gender`, `birthday`, `hometown`, `photo_id`, `pass`, `created_at`) VALUES ('31', 'Terrence', 'Bernier', 'alberto42@example.net', '1', 'm', '1980-01-04', 'East Schuylerton', '0', '79b01c607286dc723a1e04a22d053f8a', '2010-07-27 02:53:53');
INSERT INTO `users` (`id`, `name`, `surname`, `email`, `phone`, `gender`, `birthday`, `hometown`, `photo_id`, `pass`, `created_at`) VALUES ('32', 'Thaddeus', 'Schmeler', 'aaliyah81@example.net', '1', 'f', '1980-01-02', 'East Carmelbury', '0', '48eee76be6094cca9d1952c54b6afec1', '1980-05-07 00:27:17');
INSERT INTO `users` (`id`, `name`, `surname`, `email`, `phone`, `gender`, `birthday`, `hometown`, `photo_id`, `pass`, `created_at`) VALUES ('33', 'Eveline', 'Mayer', 'pwilkinson@example.org', '0', 'm', '1985-06-28', 'Hintzborough', '0', '8d2696936141b5fcc46c0f47aad9e775', '1982-10-10 07:58:10');
INSERT INTO `users` (`id`, `name`, `surname`, `email`, `phone`, `gender`, `birthday`, `hometown`, `photo_id`, `pass`, `created_at`) VALUES ('34', 'Glen', 'Gerhold', 'nikolaus.adrianna@example.org', '69381', 'f', '1998-10-29', 'East Providenci', '0', '19355df0bcab558c172805399b995699', '1985-02-16 09:45:28');
INSERT INTO `users` (`id`, `name`, `surname`, `email`, `phone`, `gender`, `birthday`, `hometown`, `photo_id`, `pass`, `created_at`) VALUES ('35', 'Leopoldo', 'Hahn', 'christian10@example.com', '1', 'm', '1995-06-19', 'East Haileyland', '0', '1e1da25525872a3113dfcdff58899fc7', '1985-01-04 14:09:46');
INSERT INTO `users` (`id`, `name`, `surname`, `email`, `phone`, `gender`, `birthday`, `hometown`, `photo_id`, `pass`, `created_at`) VALUES ('36', 'Fredy', 'Windler', 'cleora61@example.com', '96', 'f', '1980-02-10', 'New Gayle', '0', '337e4e6cf28fc8bd75a74b9b67fc3771', '1977-03-15 04:33:53');
INSERT INTO `users` (`id`, `name`, `surname`, `email`, `phone`, `gender`, `birthday`, `hometown`, `photo_id`, `pass`, `created_at`) VALUES ('37', 'Mariam', 'Kling', 'jkunze@example.org', '0', 'f', '2020-01-20', 'New Maverick', '0', '228ee950f392b00ade373e7b3ac9a870', '1975-02-05 10:52:28');
INSERT INTO `users` (`id`, `name`, `surname`, `email`, `phone`, `gender`, `birthday`, `hometown`, `photo_id`, `pass`, `created_at`) VALUES ('38', 'Jamaal', 'Bins', 'anahi98@example.net', '0', 'f', '1991-06-02', 'New Melody', '0', 'd5440500b4e372532ebe94f26ec4306e', '1970-10-14 12:43:22');
INSERT INTO `users` (`id`, `name`, `surname`, `email`, `phone`, `gender`, `birthday`, `hometown`, `photo_id`, `pass`, `created_at`) VALUES ('39', 'Fleta', 'Bogisich', 'bennett.gerhold@example.net', '0', 'm', '1999-10-23', 'Port Dessieview', '0', 'bf4d1b0b885595329bec8c3fa954e5c3', '1974-02-24 06:44:30');
INSERT INTO `users` (`id`, `name`, `surname`, `email`, `phone`, `gender`, `birthday`, `hometown`, `photo_id`, `pass`, `created_at`) VALUES ('40', 'Angel', 'Schamberger', 'bhilll@example.com', '95', 'f', '1991-09-25', 'Xzavierborough', '0', '150908ebfbd302e996071f1ead3e6566', '1993-11-30 09:06:19');
INSERT INTO `users` (`id`, `name`, `surname`, `email`, `phone`, `gender`, `birthday`, `hometown`, `photo_id`, `pass`, `created_at`) VALUES ('41', 'Lelia', 'King', 'maddison03@example.net', '1', 'm', '1976-07-16', 'Port Ada', '0', '86d5be1879b7301b8f38a7f665f8b687', '1992-01-26 14:57:57');
INSERT INTO `users` (`id`, `name`, `surname`, `email`, `phone`, `gender`, `birthday`, `hometown`, `photo_id`, `pass`, `created_at`) VALUES ('42', 'Ross', 'Spencer', 'torphy.genesis@example.com', '0', 'f', '1985-08-29', 'Lake Henriettemouth', '0', '5c453db474cb93a2373c4e22564f64fc', '1976-01-06 13:44:57');
INSERT INTO `users` (`id`, `name`, `surname`, `email`, `phone`, `gender`, `birthday`, `hometown`, `photo_id`, `pass`, `created_at`) VALUES ('43', 'Alanna', 'Cummerata', 'qsimonis@example.org', '1', 'f', '1983-10-09', 'North Nasir', '0', '0fab6f37cab600d7684919ecd5e37921', '2009-05-26 13:02:54');
INSERT INTO `users` (`id`, `name`, `surname`, `email`, `phone`, `gender`, `birthday`, `hometown`, `photo_id`, `pass`, `created_at`) VALUES ('44', 'Leola', 'Thiel', 'xmills@example.net', '1', 'm', '1980-04-03', 'South Cathrine', '0', '82a6d048053e96042744654c49f91b17', '1994-10-20 07:01:12');
INSERT INTO `users` (`id`, `name`, `surname`, `email`, `phone`, `gender`, `birthday`, `hometown`, `photo_id`, `pass`, `created_at`) VALUES ('45', 'Adrianna', 'Reinger', 'telly.gusikowski@example.org', '828670', 'f', '1982-10-17', 'Lake Lillianville', '0', 'fbb8c88cf897e004a7f873150b03087f', '2001-05-17 22:13:58');
INSERT INTO `users` (`id`, `name`, `surname`, `email`, `phone`, `gender`, `birthday`, `hometown`, `photo_id`, `pass`, `created_at`) VALUES ('46', 'Thad', 'Stark', 'jziemann@example.net', '0', 'f', '2013-03-11', 'Smithamchester', '0', '4c59839a3930998b56b67c4ca5d7436c', '1983-09-03 17:18:46');
INSERT INTO `users` (`id`, `name`, `surname`, `email`, `phone`, `gender`, `birthday`, `hometown`, `photo_id`, `pass`, `created_at`) VALUES ('47', 'Rosemary', 'Predovic', 'feest.ethyl@example.com', '0', 'm', '2018-03-18', 'North Kailynton', '0', 'cc48fc349625db9b23e5bc582b4a101b', '1974-04-01 21:48:33');
INSERT INTO `users` (`id`, `name`, `surname`, `email`, `phone`, `gender`, `birthday`, `hometown`, `photo_id`, `pass`, `created_at`) VALUES ('48', 'Ruthie', 'Jacobi', 'beer.ismael@example.org', '0', 'm', '2012-01-26', 'Samsonchester', '0', '0b7d73fcb7d7872c71e6ee3712a661c3', '2010-01-27 23:24:12');
INSERT INTO `users` (`id`, `name`, `surname`, `email`, `phone`, `gender`, `birthday`, `hometown`, `photo_id`, `pass`, `created_at`) VALUES ('49', 'Mariah', 'Lindgren', 'uwolf@example.com', '99', 'm', '1981-05-01', 'Kamrynborough', '0', 'a28934f3e232eb11e784913ffb94011a', '2010-01-28 15:10:01');
INSERT INTO `users` (`id`, `name`, `surname`, `email`, `phone`, `gender`, `birthday`, `hometown`, `photo_id`, `pass`, `created_at`) VALUES ('50', 'Craig', 'Brakus', 'josiah.kautzer@example.org', '62', 'f', '2015-06-03', 'Zemlakland', '0', '184c7d4ea7a496660ac30a5c9e509b85', '2012-07-23 07:15:15');
INSERT INTO `users` (`id`, `name`, `surname`, `email`, `phone`, `gender`, `birthday`, `hometown`, `photo_id`, `pass`, `created_at`) VALUES ('51', 'Candida', 'White', 'gferry@example.net', '552', 'm', '1999-07-06', 'Port Chelsea', '0', '187c6073ef1ee8170fdcbb167de8d9c6', '1981-10-24 03:23:39');
INSERT INTO `users` (`id`, `name`, `surname`, `email`, `phone`, `gender`, `birthday`, `hometown`, `photo_id`, `pass`, `created_at`) VALUES ('52', 'Austen', 'Spencer', 'ferry.hubert@example.com', '68', 'f', '1994-04-09', 'West Jillian', '0', 'dd8d405a1fd1b02c91737fe524787550', '1978-04-21 01:54:44');
INSERT INTO `users` (`id`, `name`, `surname`, `email`, `phone`, `gender`, `birthday`, `hometown`, `photo_id`, `pass`, `created_at`) VALUES ('53', 'Curt', 'Carter', 'josefa.kris@example.org', '999789', 'm', '1979-08-15', 'Tatumfurt', '0', '51f880ed64ef75e7baddad4a2e39952d', '1972-01-29 07:32:49');
INSERT INTO `users` (`id`, `name`, `surname`, `email`, `phone`, `gender`, `birthday`, `hometown`, `photo_id`, `pass`, `created_at`) VALUES ('54', 'Turner', 'Gottlieb', 'hane.josue@example.org', '1', 'm', '1990-07-25', 'Ricoburgh', '0', '56761f96a6658b7995acf1601085241c', '2012-12-10 08:43:55');
INSERT INTO `users` (`id`, `name`, `surname`, `email`, `phone`, `gender`, `birthday`, `hometown`, `photo_id`, `pass`, `created_at`) VALUES ('55', 'Adam', 'Rolfson', 'sporer.zane@example.net', '7604871142', 'm', '2004-03-05', 'Oberbrunnermouth', '0', '08e2b1efca2a0b017e8f7c8c4c58214f', '2012-10-14 11:15:24');
INSERT INTO `users` (`id`, `name`, `surname`, `email`, `phone`, `gender`, `birthday`, `hometown`, `photo_id`, `pass`, `created_at`) VALUES ('56', 'Cameron', 'O\'Conner', 'kristoffer.wolff@example.org', '163316', 'm', '1992-11-12', 'New Reinhold', '0', '832c4aa373eb1b2d54e3175f0b963c7c', '1993-10-14 04:56:36');
INSERT INTO `users` (`id`, `name`, `surname`, `email`, `phone`, `gender`, `birthday`, `hometown`, `photo_id`, `pass`, `created_at`) VALUES ('57', 'Dora', 'Goyette', 'tianna.rippin@example.org', '19', 'm', '1991-07-22', 'East Tre', '0', 'd0c80f9fbc64f84fb3ebc06d6616f468', '2006-01-26 17:59:36');
INSERT INTO `users` (`id`, `name`, `surname`, `email`, `phone`, `gender`, `birthday`, `hometown`, `photo_id`, `pass`, `created_at`) VALUES ('58', 'Arch', 'Simonis', 'domenic92@example.net', '672960', 'm', '1982-05-22', 'Kelvinborough', '0', '96c035ed13ad46b6abb8a88825de49cb', '1982-03-25 01:02:00');
INSERT INTO `users` (`id`, `name`, `surname`, `email`, `phone`, `gender`, `birthday`, `hometown`, `photo_id`, `pass`, `created_at`) VALUES ('59', 'Andreane', 'Ziemann', 'cummings.stephany@example.com', '26168', 'f', '1985-12-04', 'West Willow', '0', 'fb3e67fb739a549834ffaef9e77d893e', '2003-04-23 03:10:07');
INSERT INTO `users` (`id`, `name`, `surname`, `email`, `phone`, `gender`, `birthday`, `hometown`, `photo_id`, `pass`, `created_at`) VALUES ('60', 'Skye', 'Beer', 'kiera60@example.net', '1', 'f', '2010-09-07', 'East Madilyn', '0', '57df25fb4697c1fb81aedad79d024af3', '1979-08-05 10:12:42');
INSERT INTO `users` (`id`, `name`, `surname`, `email`, `phone`, `gender`, `birthday`, `hometown`, `photo_id`, `pass`, `created_at`) VALUES ('61', 'Nolan', 'Cummings', 'eileen.emard@example.net', '1', 'f', '1988-11-22', 'New Myrtiemouth', '0', '1c80f13fd60b28cf133bda4076bbad62', '2005-08-22 05:27:02');
INSERT INTO `users` (`id`, `name`, `surname`, `email`, `phone`, `gender`, `birthday`, `hometown`, `photo_id`, `pass`, `created_at`) VALUES ('62', 'Samantha', 'Pagac', 'esteban76@example.net', '0', 'm', '2000-06-01', 'North Kariburgh', '0', '19b5b19e49d75186cfc8defb55217001', '1973-05-29 21:08:28');
INSERT INTO `users` (`id`, `name`, `surname`, `email`, `phone`, `gender`, `birthday`, `hometown`, `photo_id`, `pass`, `created_at`) VALUES ('63', 'Cristian', 'Rogahn', 'lrolfson@example.com', '1', 'm', '1990-02-03', 'North Ceasar', '0', '25858af4ea343b2c5ab79c0864422bb5', '2012-07-11 21:21:38');
INSERT INTO `users` (`id`, `name`, `surname`, `email`, `phone`, `gender`, `birthday`, `hometown`, `photo_id`, `pass`, `created_at`) VALUES ('64', 'Breana', 'Bernhard', 'murl62@example.org', '917657', 'm', '1993-10-26', 'Moenshire', '0', '3e7a97be8a5c6a4bf7edb6a105a8033b', '1972-07-15 22:42:24');
INSERT INTO `users` (`id`, `name`, `surname`, `email`, `phone`, `gender`, `birthday`, `hometown`, `photo_id`, `pass`, `created_at`) VALUES ('65', 'Elwin', 'Tillman', 'lang.elsa@example.org', '1', 'm', '1971-10-17', 'Port Mikelside', '0', '89fd808f7db33532dca2f91a369c230b', '1976-10-22 12:21:47');
INSERT INTO `users` (`id`, `name`, `surname`, `email`, `phone`, `gender`, `birthday`, `hometown`, `photo_id`, `pass`, `created_at`) VALUES ('66', 'Sid', 'Huel', 'abshire.cali@example.com', '48', 'm', '1981-05-29', 'Baumbachfort', '0', '44e57bb0f82fdffa27bd1d48d08ade51', '1972-01-11 08:12:29');
INSERT INTO `users` (`id`, `name`, `surname`, `email`, `phone`, `gender`, `birthday`, `hometown`, `photo_id`, `pass`, `created_at`) VALUES ('67', 'Santos', 'Hettinger', 'green.roma@example.org', '0', 'f', '1978-10-20', 'New Celine', '0', 'b0da5e2b93d5f53612808869ba4159d6', '1989-12-08 11:25:58');
INSERT INTO `users` (`id`, `name`, `surname`, `email`, `phone`, `gender`, `birthday`, `hometown`, `photo_id`, `pass`, `created_at`) VALUES ('68', 'Jon', 'Stehr', 'mconnelly@example.net', '0', 'f', '1984-11-17', 'Lonieberg', '0', 'a4ed53e84591339d867c6a28b40af364', '2016-07-12 12:40:31');
INSERT INTO `users` (`id`, `name`, `surname`, `email`, `phone`, `gender`, `birthday`, `hometown`, `photo_id`, `pass`, `created_at`) VALUES ('69', 'Vincenzo', 'Rolfson', 'murphy74@example.com', '379', 'f', '2009-11-04', 'Grimesborough', '0', '717ef8d772e4ff007aab5ee89afdfb24', '2001-12-07 18:17:48');
INSERT INTO `users` (`id`, `name`, `surname`, `email`, `phone`, `gender`, `birthday`, `hometown`, `photo_id`, `pass`, `created_at`) VALUES ('70', 'Jerry', 'Farrell', 'rocio.schamberger@example.net', '967016', 'm', '1973-06-24', 'North Judgefurt', '0', 'facbc8756cc398a39384f17c16f6d167', '1986-05-05 13:39:08');
INSERT INTO `users` (`id`, `name`, `surname`, `email`, `phone`, `gender`, `birthday`, `hometown`, `photo_id`, `pass`, `created_at`) VALUES ('71', 'Llewellyn', 'Gusikowski', 'reynolds.frederique@example.org', '1', 'f', '2000-04-22', 'Port Brettfort', '0', '5e1d1e6bdf647db8e62c0a53abff3570', '1984-03-29 12:05:32');
INSERT INTO `users` (`id`, `name`, `surname`, `email`, `phone`, `gender`, `birthday`, `hometown`, `photo_id`, `pass`, `created_at`) VALUES ('72', 'Joaquin', 'Becker', 'tia27@example.net', '190', 'f', '2015-02-28', 'Ewaldtown', '0', '7523d583a90fef2b3d058d42333413e1', '1996-07-05 22:34:15');
INSERT INTO `users` (`id`, `name`, `surname`, `email`, `phone`, `gender`, `birthday`, `hometown`, `photo_id`, `pass`, `created_at`) VALUES ('73', 'Hattie', 'Torp', 'qvolkman@example.net', '1', 'm', '1975-05-21', 'Port Brayantown', '0', '39354618b0d1d3deea69dee38a887934', '1994-08-07 04:40:16');
INSERT INTO `users` (`id`, `name`, `surname`, `email`, `phone`, `gender`, `birthday`, `hometown`, `photo_id`, `pass`, `created_at`) VALUES ('74', 'Frederic', 'Huels', 'caleigh.brown@example.com', '0', 'm', '2008-04-04', 'New Trevion', '0', '59e27ef60dca9f71cf969491f85f38e5', '1974-06-10 08:41:41');
INSERT INTO `users` (`id`, `name`, `surname`, `email`, `phone`, `gender`, `birthday`, `hometown`, `photo_id`, `pass`, `created_at`) VALUES ('75', 'Kyle', 'O\'Reilly', 'veum.jameson@example.com', '26', 'm', '2004-04-04', 'Port Kariane', '0', '2ae89bc3e4ddd2448bdba3323d8aca7e', '2013-08-31 19:11:32');
INSERT INTO `users` (`id`, `name`, `surname`, `email`, `phone`, `gender`, `birthday`, `hometown`, `photo_id`, `pass`, `created_at`) VALUES ('76', 'Carissa', 'Gorczany', 'rhilpert@example.com', '0', 'f', '2006-12-28', 'South Ginotown', '0', 'b7d9881061082851a1643f70e2ef814b', '1970-05-21 21:28:41');
INSERT INTO `users` (`id`, `name`, `surname`, `email`, `phone`, `gender`, `birthday`, `hometown`, `photo_id`, `pass`, `created_at`) VALUES ('77', 'Marlen', 'Breitenberg', 'gerhold.israel@example.org', '1503980007', 'm', '1995-10-03', 'Imeldabury', '0', '850baaa51b518acf60a865979d121cfa', '2016-03-13 10:09:04');
INSERT INTO `users` (`id`, `name`, `surname`, `email`, `phone`, `gender`, `birthday`, `hometown`, `photo_id`, `pass`, `created_at`) VALUES ('78', 'Lexi', 'Vandervort', 'qziemann@example.org', '0', 'm', '2019-03-12', 'South Destinihaven', '0', '8c93de826ce48ae3ab68dc93bed5ebec', '1991-10-18 10:30:07');
INSERT INTO `users` (`id`, `name`, `surname`, `email`, `phone`, `gender`, `birthday`, `hometown`, `photo_id`, `pass`, `created_at`) VALUES ('79', 'Susanna', 'McClure', 'cgoldner@example.net', '307', 'f', '1991-09-11', 'New Nealshire', '0', '7d174106819327bd07bd93a25896a14f', '2005-06-17 00:06:02');
INSERT INTO `users` (`id`, `name`, `surname`, `email`, `phone`, `gender`, `birthday`, `hometown`, `photo_id`, `pass`, `created_at`) VALUES ('80', 'Abby', 'Mraz', 'adrian.paucek@example.com', '474725', 'm', '2010-08-25', 'West Baylee', '0', 'e83ddb0c01bb6cbb3e1d36b29128d722', '2000-09-22 16:51:18');
INSERT INTO `users` (`id`, `name`, `surname`, `email`, `phone`, `gender`, `birthday`, `hometown`, `photo_id`, `pass`, `created_at`) VALUES ('81', 'Otho', 'Satterfield', 'inader@example.net', '707683', 'm', '1970-09-13', 'East Vivianne', '0', 'd70ca2adbc7e1347e85d18fe17d52129', '1981-12-22 16:37:14');
INSERT INTO `users` (`id`, `name`, `surname`, `email`, `phone`, `gender`, `birthday`, `hometown`, `photo_id`, `pass`, `created_at`) VALUES ('82', 'Leonel', 'Botsford', 'towne.willow@example.net', '9072933135', 'm', '2016-10-16', 'Ettiebury', '0', 'a27202173bd325c9ea393eb84ec57ad7', '1971-05-04 12:30:46');
INSERT INTO `users` (`id`, `name`, `surname`, `email`, `phone`, `gender`, `birthday`, `hometown`, `photo_id`, `pass`, `created_at`) VALUES ('83', 'Malcolm', 'Flatley', 'barney.murray@example.net', '107518', 'f', '2000-12-28', 'VonRuedenhaven', '0', '6d00e9e71a2af55f437f2c065ed63a51', '2012-05-22 15:58:33');
INSERT INTO `users` (`id`, `name`, `surname`, `email`, `phone`, `gender`, `birthday`, `hometown`, `photo_id`, `pass`, `created_at`) VALUES ('84', 'Edd', 'Leffler', 'eblanda@example.net', '791', 'f', '1971-04-23', 'Grimesburgh', '0', '0a0b647acc9a7944bbd81269a1cbdc86', '1978-04-09 18:14:31');
INSERT INTO `users` (`id`, `name`, `surname`, `email`, `phone`, `gender`, `birthday`, `hometown`, `photo_id`, `pass`, `created_at`) VALUES ('85', 'Cleo', 'Barton', 'loren.quitzon@example.com', '1775296574', 'm', '1998-03-28', 'Hamillchester', '0', '7d11a34eb03e78f52b77463ec19023d8', '2007-10-31 07:07:44');
INSERT INTO `users` (`id`, `name`, `surname`, `email`, `phone`, `gender`, `birthday`, `hometown`, `photo_id`, `pass`, `created_at`) VALUES ('86', 'Dwight', 'Denesik', 'koch.sandra@example.com', '1', 'm', '1986-02-26', 'Loganstad', '0', '1f89191ff6c14dc2e214345fbf6e8151', '2010-02-28 07:20:35');
INSERT INTO `users` (`id`, `name`, `surname`, `email`, `phone`, `gender`, `birthday`, `hometown`, `photo_id`, `pass`, `created_at`) VALUES ('87', 'Orion', 'Flatley', 'qwisoky@example.org', '1', 'f', '1992-06-13', 'Reillystad', '0', '8b9ea79ec29b859a41adbd083346144c', '1999-07-12 17:50:32');
INSERT INTO `users` (`id`, `name`, `surname`, `email`, `phone`, `gender`, `birthday`, `hometown`, `photo_id`, `pass`, `created_at`) VALUES ('88', 'Flavio', 'Shields', 'theron33@example.org', '875503', 'm', '1996-01-28', 'Merlinview', '0', '9fa2a92c7fa2d920a54085884d6de2e3', '1985-07-20 16:36:10');
INSERT INTO `users` (`id`, `name`, `surname`, `email`, `phone`, `gender`, `birthday`, `hometown`, `photo_id`, `pass`, `created_at`) VALUES ('89', 'Ettie', 'Kuhlman', 'heathcote.joesph@example.net', '867036', 'f', '1989-12-08', 'Durganborough', '0', '4e1ed1a92980a0fa15281fbfb078f965', '1996-08-25 22:05:00');
INSERT INTO `users` (`id`, `name`, `surname`, `email`, `phone`, `gender`, `birthday`, `hometown`, `photo_id`, `pass`, `created_at`) VALUES ('90', 'Rosalind', 'Satterfield', 'rjohnson@example.net', '876', 'm', '1980-02-14', 'Candidotown', '0', '4318bb1af121f2ca45f19389cb800321', '2012-01-14 09:58:14');
INSERT INTO `users` (`id`, `name`, `surname`, `email`, `phone`, `gender`, `birthday`, `hometown`, `photo_id`, `pass`, `created_at`) VALUES ('91', 'Fernando', 'Aufderhar', 'alden20@example.org', '847', 'f', '1998-07-24', 'Justentown', '0', '93dabce1b6d2d49e0afec91230c2da12', '1988-01-03 00:49:09');
INSERT INTO `users` (`id`, `name`, `surname`, `email`, `phone`, `gender`, `birthday`, `hometown`, `photo_id`, `pass`, `created_at`) VALUES ('92', 'Camilla', 'Lindgren', 'jonatan.tillman@example.org', '6604846055', 'm', '2002-07-26', 'Luettgenburgh', '0', 'eecd095a45cd6fcce17008de11bff6f3', '2019-02-18 15:15:15');
INSERT INTO `users` (`id`, `name`, `surname`, `email`, `phone`, `gender`, `birthday`, `hometown`, `photo_id`, `pass`, `created_at`) VALUES ('93', 'Quentin', 'Nolan', 'adriana67@example.org', '0', 'f', '1984-04-22', 'Charliemouth', '0', 'e26cb72b1aded5205e88908a0a41c469', '1992-08-21 06:48:16');
INSERT INTO `users` (`id`, `name`, `surname`, `email`, `phone`, `gender`, `birthday`, `hometown`, `photo_id`, `pass`, `created_at`) VALUES ('94', 'Thalia', 'Bailey', 'harmony.brakus@example.com', '1', 'm', '1985-01-14', 'Port Emiliomouth', '0', 'cf1238cb8c480d122a63a8984dded5ca', '1973-12-28 13:15:17');
INSERT INTO `users` (`id`, `name`, `surname`, `email`, `phone`, `gender`, `birthday`, `hometown`, `photo_id`, `pass`, `created_at`) VALUES ('95', 'Precious', 'Kunze', 'neal.friesen@example.org', '0', 'f', '2017-09-23', 'Isaiahfort', '0', 'ca137d802398da4492548e2bcc7f7387', '2020-05-29 12:54:38');
INSERT INTO `users` (`id`, `name`, `surname`, `email`, `phone`, `gender`, `birthday`, `hometown`, `photo_id`, `pass`, `created_at`) VALUES ('96', 'Al', 'Skiles', 'lionel88@example.org', '1', 'f', '2014-04-28', 'Kevonbury', '0', '8f14a32f0f89bdf8b29ec03ea1195b2d', '1985-05-14 23:38:16');
INSERT INTO `users` (`id`, `name`, `surname`, `email`, `phone`, `gender`, `birthday`, `hometown`, `photo_id`, `pass`, `created_at`) VALUES ('97', 'Sabrina', 'Bernhard', 'wrau@example.net', '1', 'm', '2008-02-20', 'Lesleyville', '0', 'ce48bd0e9725deeca82f665baa361b3a', '1982-07-01 00:10:58');
INSERT INTO `users` (`id`, `name`, `surname`, `email`, `phone`, `gender`, `birthday`, `hometown`, `photo_id`, `pass`, `created_at`) VALUES ('98', 'Melissa', 'Morissette', 'ztoy@example.com', '0', 'f', '2001-04-30', 'New Estelle', '0', '70094fee551dba2e47de02d618c61bc3', '2011-05-28 08:17:12');
INSERT INTO `users` (`id`, `name`, `surname`, `email`, `phone`, `gender`, `birthday`, `hometown`, `photo_id`, `pass`, `created_at`) VALUES ('99', 'Gerald', 'Weissnat', 'fadel.lessie@example.net', '0', 'f', '2017-02-16', 'New Malachi', '0', '57f82b5c0c64297123bd60d9b5fdf870', '1978-08-22 19:13:38');
INSERT INTO `users` (`id`, `name`, `surname`, `email`, `phone`, `gender`, `birthday`, `hometown`, `photo_id`, `pass`, `created_at`) VALUES ('100', 'Urban', 'Medhurst', 'kohler.naomie@example.net', '1', 'm', '2013-01-11', 'Gleasonborough', '0', '9ac067aad0a7be1bbf1f6fb59dd9a003', '1998-03-29 11:43:33');

INSERT INTO `friend_requests` (`initiator_user_id`, `target_user_id`, `status`, `requested_at`, `confirmed_at`) VALUES ('1', '21', 'requested', '2012-09-27 15:36:24', '1985-03-13 09:28:14');
INSERT INTO `friend_requests` (`initiator_user_id`, `target_user_id`, `status`, `requested_at`, `confirmed_at`) VALUES ('2', '62', 'declined', '1981-06-05 12:01:28', '1997-02-15 18:23:47');
INSERT INTO `friend_requests` (`initiator_user_id`, `target_user_id`, `status`, `requested_at`, `confirmed_at`) VALUES ('3', '91', 'requested', '1974-06-15 14:16:17', '2008-02-01 02:43:13');
INSERT INTO `friend_requests` (`initiator_user_id`, `target_user_id`, `status`, `requested_at`, `confirmed_at`) VALUES ('4', '33', 'approved', '2018-09-01 01:28:06', '1977-06-17 04:14:10');
INSERT INTO `friend_requests` (`initiator_user_id`, `target_user_id`, `status`, `requested_at`, `confirmed_at`) VALUES ('7', '15', 'declined', '2006-05-11 15:06:33', '1980-10-10 00:29:26');
INSERT INTO `friend_requests` (`initiator_user_id`, `target_user_id`, `status`, `requested_at`, `confirmed_at`) VALUES ('7', '21', 'approved', '1978-09-29 20:30:52', '1982-01-23 16:08:07');
INSERT INTO `friend_requests` (`initiator_user_id`, `target_user_id`, `status`, `requested_at`, `confirmed_at`) VALUES ('7', '43', 'unfriended', '1973-05-19 16:31:52', '2016-04-23 09:46:01');
INSERT INTO `friend_requests` (`initiator_user_id`, `target_user_id`, `status`, `requested_at`, `confirmed_at`) VALUES ('7', '57', 'approved', '1987-01-27 17:54:15', '1984-08-25 18:50:38');
INSERT INTO `friend_requests` (`initiator_user_id`, `target_user_id`, `status`, `requested_at`, `confirmed_at`) VALUES ('8', '62', 'requested', '1997-03-14 16:39:42', '2017-01-23 12:30:28');
INSERT INTO `friend_requests` (`initiator_user_id`, `target_user_id`, `status`, `requested_at`, `confirmed_at`) VALUES ('11', '50', 'requested', '1988-03-21 12:26:11', '2014-11-06 02:04:10');
INSERT INTO `friend_requests` (`initiator_user_id`, `target_user_id`, `status`, `requested_at`, `confirmed_at`) VALUES ('11', '55', 'approved', '2013-09-10 22:49:02', '1979-11-16 22:32:31');
INSERT INTO `friend_requests` (`initiator_user_id`, `target_user_id`, `status`, `requested_at`, `confirmed_at`) VALUES ('12', '87', 'unfriended', '1982-03-20 16:37:40', '2007-11-16 18:11:21');
INSERT INTO `friend_requests` (`initiator_user_id`, `target_user_id`, `status`, `requested_at`, `confirmed_at`) VALUES ('13', '75', 'unfriended', '2019-02-28 09:57:07', '1999-05-02 19:50:48');
INSERT INTO `friend_requests` (`initiator_user_id`, `target_user_id`, `status`, `requested_at`, `confirmed_at`) VALUES ('13', '93', 'declined', '1999-03-31 16:03:15', '1979-01-10 01:11:28');
INSERT INTO `friend_requests` (`initiator_user_id`, `target_user_id`, `status`, `requested_at`, `confirmed_at`) VALUES ('16', '65', 'approved', '2003-01-17 09:49:51', '1985-05-24 16:55:07');
INSERT INTO `friend_requests` (`initiator_user_id`, `target_user_id`, `status`, `requested_at`, `confirmed_at`) VALUES ('19', '19', 'unfriended', '1980-03-25 08:13:10', '2018-05-03 03:38:07');
INSERT INTO `friend_requests` (`initiator_user_id`, `target_user_id`, `status`, `requested_at`, `confirmed_at`) VALUES ('21', '44', 'declined', '1997-05-26 12:53:52', '2011-03-27 04:22:08');
INSERT INTO `friend_requests` (`initiator_user_id`, `target_user_id`, `status`, `requested_at`, `confirmed_at`) VALUES ('23', '60', 'approved', '1977-10-03 00:52:35', '2012-08-07 08:16:23');
INSERT INTO `friend_requests` (`initiator_user_id`, `target_user_id`, `status`, `requested_at`, `confirmed_at`) VALUES ('24', '8', 'approved', '1990-11-18 20:08:38', '1981-12-26 09:28:34');
INSERT INTO `friend_requests` (`initiator_user_id`, `target_user_id`, `status`, `requested_at`, `confirmed_at`) VALUES ('25', '19', 'requested', '1980-11-27 14:07:05', '2012-10-01 05:25:41');
INSERT INTO `friend_requests` (`initiator_user_id`, `target_user_id`, `status`, `requested_at`, `confirmed_at`) VALUES ('25', '63', 'unfriended', '1984-02-22 22:11:29', '2008-01-15 20:59:01');
INSERT INTO `friend_requests` (`initiator_user_id`, `target_user_id`, `status`, `requested_at`, `confirmed_at`) VALUES ('30', '41', 'declined', '2007-08-19 02:57:09', '1987-10-22 21:34:31');
INSERT INTO `friend_requests` (`initiator_user_id`, `target_user_id`, `status`, `requested_at`, `confirmed_at`) VALUES ('30', '61', 'unfriended', '2017-09-22 21:10:21', '1998-01-13 07:10:33');
INSERT INTO `friend_requests` (`initiator_user_id`, `target_user_id`, `status`, `requested_at`, `confirmed_at`) VALUES ('31', '70', 'requested', '2004-08-05 02:41:39', '1972-12-09 02:50:39');
INSERT INTO `friend_requests` (`initiator_user_id`, `target_user_id`, `status`, `requested_at`, `confirmed_at`) VALUES ('32', '47', 'unfriended', '2019-07-06 13:10:37', '2019-11-01 16:37:35');
INSERT INTO `friend_requests` (`initiator_user_id`, `target_user_id`, `status`, `requested_at`, `confirmed_at`) VALUES ('32', '72', 'declined', '2013-12-09 06:29:35', '1974-11-15 20:16:54');
INSERT INTO `friend_requests` (`initiator_user_id`, `target_user_id`, `status`, `requested_at`, `confirmed_at`) VALUES ('32', '97', 'requested', '2002-05-08 08:29:26', '2008-05-18 17:35:58');
INSERT INTO `friend_requests` (`initiator_user_id`, `target_user_id`, `status`, `requested_at`, `confirmed_at`) VALUES ('33', '4', 'requested', '1979-11-28 18:59:24', '1980-03-17 23:33:45');
INSERT INTO `friend_requests` (`initiator_user_id`, `target_user_id`, `status`, `requested_at`, `confirmed_at`) VALUES ('33', '65', 'requested', '1992-07-17 04:20:17', '1994-03-29 20:26:11');
INSERT INTO `friend_requests` (`initiator_user_id`, `target_user_id`, `status`, `requested_at`, `confirmed_at`) VALUES ('34', '29', 'unfriended', '1987-02-14 09:08:08', '2011-07-21 17:45:09');
INSERT INTO `friend_requests` (`initiator_user_id`, `target_user_id`, `status`, `requested_at`, `confirmed_at`) VALUES ('35', '82', 'unfriended', '1970-08-22 01:17:13', '2014-10-15 02:20:30');
INSERT INTO `friend_requests` (`initiator_user_id`, `target_user_id`, `status`, `requested_at`, `confirmed_at`) VALUES ('36', '61', 'requested', '2020-02-01 01:28:36', '1996-11-27 14:30:35');
INSERT INTO `friend_requests` (`initiator_user_id`, `target_user_id`, `status`, `requested_at`, `confirmed_at`) VALUES ('36', '70', 'unfriended', '2010-11-12 10:35:52', '2005-03-23 07:36:38');
INSERT INTO `friend_requests` (`initiator_user_id`, `target_user_id`, `status`, `requested_at`, `confirmed_at`) VALUES ('37', '66', 'unfriended', '1979-01-07 21:50:34', '2012-12-16 20:45:02');
INSERT INTO `friend_requests` (`initiator_user_id`, `target_user_id`, `status`, `requested_at`, `confirmed_at`) VALUES ('37', '97', 'unfriended', '2009-12-24 20:11:59', '1973-04-26 04:27:34');
INSERT INTO `friend_requests` (`initiator_user_id`, `target_user_id`, `status`, `requested_at`, `confirmed_at`) VALUES ('38', '10', 'requested', '1975-01-31 12:53:29', '1984-08-30 10:34:11');
INSERT INTO `friend_requests` (`initiator_user_id`, `target_user_id`, `status`, `requested_at`, `confirmed_at`) VALUES ('42', '5', 'approved', '2001-12-31 11:14:13', '2017-01-27 15:33:25');
INSERT INTO `friend_requests` (`initiator_user_id`, `target_user_id`, `status`, `requested_at`, `confirmed_at`) VALUES ('42', '53', 'approved', '1976-12-25 18:20:08', '1989-10-14 20:14:44');
INSERT INTO `friend_requests` (`initiator_user_id`, `target_user_id`, `status`, `requested_at`, `confirmed_at`) VALUES ('43', '45', 'declined', '1976-10-28 16:03:42', '1985-07-25 06:27:38');
INSERT INTO `friend_requests` (`initiator_user_id`, `target_user_id`, `status`, `requested_at`, `confirmed_at`) VALUES ('43', '69', 'approved', '1992-11-09 15:10:12', '2019-06-29 03:41:40');
INSERT INTO `friend_requests` (`initiator_user_id`, `target_user_id`, `status`, `requested_at`, `confirmed_at`) VALUES ('43', '94', 'unfriended', '1978-11-28 07:46:18', '2013-07-22 19:40:50');
INSERT INTO `friend_requests` (`initiator_user_id`, `target_user_id`, `status`, `requested_at`, `confirmed_at`) VALUES ('45', '69', 'unfriended', '1979-02-05 20:38:10', '2005-12-18 23:23:48');
INSERT INTO `friend_requests` (`initiator_user_id`, `target_user_id`, `status`, `requested_at`, `confirmed_at`) VALUES ('47', '20', 'approved', '1990-08-23 13:04:27', '2009-06-19 10:27:37');
INSERT INTO `friend_requests` (`initiator_user_id`, `target_user_id`, `status`, `requested_at`, `confirmed_at`) VALUES ('48', '9', 'requested', '2005-04-25 05:14:57', '1996-09-03 16:59:56');
INSERT INTO `friend_requests` (`initiator_user_id`, `target_user_id`, `status`, `requested_at`, `confirmed_at`) VALUES ('48', '24', 'declined', '1982-11-27 07:32:12', '2015-06-27 03:29:29');
INSERT INTO `friend_requests` (`initiator_user_id`, `target_user_id`, `status`, `requested_at`, `confirmed_at`) VALUES ('50', '21', 'unfriended', '2011-04-01 15:22:37', '2017-06-11 08:22:10');
INSERT INTO `friend_requests` (`initiator_user_id`, `target_user_id`, `status`, `requested_at`, `confirmed_at`) VALUES ('52', '11', 'requested', '1994-03-13 19:32:38', '1988-11-17 14:30:46');
INSERT INTO `friend_requests` (`initiator_user_id`, `target_user_id`, `status`, `requested_at`, `confirmed_at`) VALUES ('54', '10', 'requested', '1993-04-28 22:51:57', '1996-06-24 11:17:23');
INSERT INTO `friend_requests` (`initiator_user_id`, `target_user_id`, `status`, `requested_at`, `confirmed_at`) VALUES ('54', '70', 'declined', '2009-01-10 09:43:24', '1978-04-28 16:35:31');
INSERT INTO `friend_requests` (`initiator_user_id`, `target_user_id`, `status`, `requested_at`, `confirmed_at`) VALUES ('55', '50', 'declined', '1988-09-02 13:47:32', '2020-03-15 23:04:54');
INSERT INTO `friend_requests` (`initiator_user_id`, `target_user_id`, `status`, `requested_at`, `confirmed_at`) VALUES ('59', '11', 'declined', '1976-08-31 10:43:33', '1992-03-10 17:38:41');
INSERT INTO `friend_requests` (`initiator_user_id`, `target_user_id`, `status`, `requested_at`, `confirmed_at`) VALUES ('59', '62', 'declined', '1976-05-13 03:36:09', '2007-09-27 23:58:28');
INSERT INTO `friend_requests` (`initiator_user_id`, `target_user_id`, `status`, `requested_at`, `confirmed_at`) VALUES ('60', '14', 'declined', '1983-05-21 02:11:50', '1986-11-11 22:55:24');
INSERT INTO `friend_requests` (`initiator_user_id`, `target_user_id`, `status`, `requested_at`, `confirmed_at`) VALUES ('61', '20', 'requested', '1996-04-28 20:17:43', '2000-01-04 05:29:25');
INSERT INTO `friend_requests` (`initiator_user_id`, `target_user_id`, `status`, `requested_at`, `confirmed_at`) VALUES ('61', '49', 'declined', '1986-05-31 13:55:52', '2007-08-15 02:10:10');
INSERT INTO `friend_requests` (`initiator_user_id`, `target_user_id`, `status`, `requested_at`, `confirmed_at`) VALUES ('61', '89', 'requested', '1988-12-30 09:04:30', '1977-04-24 00:02:16');
INSERT INTO `friend_requests` (`initiator_user_id`, `target_user_id`, `status`, `requested_at`, `confirmed_at`) VALUES ('61', '97', 'requested', '1984-04-02 04:59:27', '2006-03-11 19:40:06');
INSERT INTO `friend_requests` (`initiator_user_id`, `target_user_id`, `status`, `requested_at`, `confirmed_at`) VALUES ('62', '43', 'approved', '2012-04-16 13:02:19', '1973-12-24 02:01:26');
INSERT INTO `friend_requests` (`initiator_user_id`, `target_user_id`, `status`, `requested_at`, `confirmed_at`) VALUES ('63', '13', 'unfriended', '1991-01-08 03:50:08', '1976-04-14 22:15:12');
INSERT INTO `friend_requests` (`initiator_user_id`, `target_user_id`, `status`, `requested_at`, `confirmed_at`) VALUES ('63', '27', 'declined', '2020-05-30 00:40:46', '1975-08-21 21:32:07');
INSERT INTO `friend_requests` (`initiator_user_id`, `target_user_id`, `status`, `requested_at`, `confirmed_at`) VALUES ('65', '50', 'unfriended', '1987-11-24 20:54:01', '2008-11-27 20:28:19');
INSERT INTO `friend_requests` (`initiator_user_id`, `target_user_id`, `status`, `requested_at`, `confirmed_at`) VALUES ('65', '69', 'approved', '1992-06-15 12:59:54', '1997-09-13 14:38:56');
INSERT INTO `friend_requests` (`initiator_user_id`, `target_user_id`, `status`, `requested_at`, `confirmed_at`) VALUES ('65', '78', 'requested', '2019-04-10 08:32:05', '1987-05-07 01:57:43');
INSERT INTO `friend_requests` (`initiator_user_id`, `target_user_id`, `status`, `requested_at`, `confirmed_at`) VALUES ('66', '11', 'approved', '2003-01-24 19:30:43', '1993-08-20 18:27:44');
INSERT INTO `friend_requests` (`initiator_user_id`, `target_user_id`, `status`, `requested_at`, `confirmed_at`) VALUES ('66', '70', 'approved', '1985-09-14 18:05:05', '1977-08-05 09:51:37');
INSERT INTO `friend_requests` (`initiator_user_id`, `target_user_id`, `status`, `requested_at`, `confirmed_at`) VALUES ('67', '26', 'requested', '1975-06-21 16:53:59', '2018-05-25 18:17:53');
INSERT INTO `friend_requests` (`initiator_user_id`, `target_user_id`, `status`, `requested_at`, `confirmed_at`) VALUES ('67', '92', 'unfriended', '1991-01-07 07:24:58', '2019-11-24 13:09:34');
INSERT INTO `friend_requests` (`initiator_user_id`, `target_user_id`, `status`, `requested_at`, `confirmed_at`) VALUES ('69', '49', 'declined', '1980-03-16 23:32:31', '1975-09-02 10:24:56');
INSERT INTO `friend_requests` (`initiator_user_id`, `target_user_id`, `status`, `requested_at`, `confirmed_at`) VALUES ('70', '7', 'unfriended', '2013-04-11 19:00:11', '1975-09-12 20:20:12');
INSERT INTO `friend_requests` (`initiator_user_id`, `target_user_id`, `status`, `requested_at`, `confirmed_at`) VALUES ('70', '34', 'approved', '2014-02-14 00:37:34', '2006-03-17 13:01:46');
INSERT INTO `friend_requests` (`initiator_user_id`, `target_user_id`, `status`, `requested_at`, `confirmed_at`) VALUES ('70', '77', 'unfriended', '1998-10-07 14:14:36', '1984-12-06 09:29:23');
INSERT INTO `friend_requests` (`initiator_user_id`, `target_user_id`, `status`, `requested_at`, `confirmed_at`) VALUES ('71', '51', 'declined', '2016-01-04 07:43:47', '1986-09-07 05:30:43');
INSERT INTO `friend_requests` (`initiator_user_id`, `target_user_id`, `status`, `requested_at`, `confirmed_at`) VALUES ('73', '68', 'declined', '1979-05-20 06:17:13', '1974-11-17 05:40:27');
INSERT INTO `friend_requests` (`initiator_user_id`, `target_user_id`, `status`, `requested_at`, `confirmed_at`) VALUES ('74', '26', 'unfriended', '2017-08-12 14:48:13', '1997-07-16 19:10:48');
INSERT INTO `friend_requests` (`initiator_user_id`, `target_user_id`, `status`, `requested_at`, `confirmed_at`) VALUES ('74', '80', 'unfriended', '2005-12-05 15:08:55', '1970-01-21 16:39:02');
INSERT INTO `friend_requests` (`initiator_user_id`, `target_user_id`, `status`, `requested_at`, `confirmed_at`) VALUES ('74', '99', 'unfriended', '1980-12-14 12:46:39', '1975-07-24 22:10:18');
INSERT INTO `friend_requests` (`initiator_user_id`, `target_user_id`, `status`, `requested_at`, `confirmed_at`) VALUES ('74', '100', 'approved', '1994-06-19 05:38:19', '1973-11-13 11:46:39');
INSERT INTO `friend_requests` (`initiator_user_id`, `target_user_id`, `status`, `requested_at`, `confirmed_at`) VALUES ('75', '86', 'unfriended', '1997-08-03 13:24:55', '2016-12-24 14:24:18');
INSERT INTO `friend_requests` (`initiator_user_id`, `target_user_id`, `status`, `requested_at`, `confirmed_at`) VALUES ('79', '4', 'declined', '2005-02-15 14:21:28', '1973-05-02 17:51:37');
INSERT INTO `friend_requests` (`initiator_user_id`, `target_user_id`, `status`, `requested_at`, `confirmed_at`) VALUES ('79', '12', 'approved', '1980-05-17 07:46:00', '1976-03-10 14:29:53');
INSERT INTO `friend_requests` (`initiator_user_id`, `target_user_id`, `status`, `requested_at`, `confirmed_at`) VALUES ('80', '30', 'declined', '2006-04-20 00:48:26', '2017-10-29 20:17:43');
INSERT INTO `friend_requests` (`initiator_user_id`, `target_user_id`, `status`, `requested_at`, `confirmed_at`) VALUES ('81', '47', 'unfriended', '1971-10-11 22:24:41', '2001-12-20 15:33:22');
INSERT INTO `friend_requests` (`initiator_user_id`, `target_user_id`, `status`, `requested_at`, `confirmed_at`) VALUES ('82', '96', 'unfriended', '1974-05-17 05:08:52', '2008-06-22 09:33:46');
INSERT INTO `friend_requests` (`initiator_user_id`, `target_user_id`, `status`, `requested_at`, `confirmed_at`) VALUES ('84', '25', 'requested', '1972-04-28 16:00:01', '2018-05-12 05:47:03');
INSERT INTO `friend_requests` (`initiator_user_id`, `target_user_id`, `status`, `requested_at`, `confirmed_at`) VALUES ('85', '39', 'declined', '1979-09-20 09:33:51', '2015-03-08 12:37:03');
INSERT INTO `friend_requests` (`initiator_user_id`, `target_user_id`, `status`, `requested_at`, `confirmed_at`) VALUES ('85', '40', 'requested', '1989-03-01 16:03:21', '1976-08-02 04:38:58');
INSERT INTO `friend_requests` (`initiator_user_id`, `target_user_id`, `status`, `requested_at`, `confirmed_at`) VALUES ('86', '58', 'approved', '2012-05-25 05:35:22', '2003-10-10 05:12:49');
INSERT INTO `friend_requests` (`initiator_user_id`, `target_user_id`, `status`, `requested_at`, `confirmed_at`) VALUES ('86', '66', 'approved', '2005-10-10 14:02:15', '2012-08-27 17:54:35');
INSERT INTO `friend_requests` (`initiator_user_id`, `target_user_id`, `status`, `requested_at`, `confirmed_at`) VALUES ('88', '89', 'unfriended', '1989-01-31 15:46:02', '2018-02-25 22:04:51');
INSERT INTO `friend_requests` (`initiator_user_id`, `target_user_id`, `status`, `requested_at`, `confirmed_at`) VALUES ('89', '12', 'declined', '1995-11-16 02:28:05', '2005-08-27 18:05:32');
INSERT INTO `friend_requests` (`initiator_user_id`, `target_user_id`, `status`, `requested_at`, `confirmed_at`) VALUES ('90', '32', 'declined', '2016-02-12 11:10:32', '2012-06-05 15:43:40');
INSERT INTO `friend_requests` (`initiator_user_id`, `target_user_id`, `status`, `requested_at`, `confirmed_at`) VALUES ('90', '99', 'unfriended', '1974-01-02 16:57:27', '2003-02-24 09:12:09');
INSERT INTO `friend_requests` (`initiator_user_id`, `target_user_id`, `status`, `requested_at`, `confirmed_at`) VALUES ('91', '1', 'approved', '2018-10-09 05:04:05', '2018-11-12 12:53:36');
INSERT INTO `friend_requests` (`initiator_user_id`, `target_user_id`, `status`, `requested_at`, `confirmed_at`) VALUES ('91', '31', 'approved', '1980-10-24 13:46:15', '1999-06-13 10:15:04');
INSERT INTO `friend_requests` (`initiator_user_id`, `target_user_id`, `status`, `requested_at`, `confirmed_at`) VALUES ('92', '75', 'declined', '1989-04-26 04:41:50', '2017-12-20 12:29:56');
INSERT INTO `friend_requests` (`initiator_user_id`, `target_user_id`, `status`, `requested_at`, `confirmed_at`) VALUES ('93', '6', 'declined', '1983-04-16 01:36:42', '1986-07-15 09:29:12');
INSERT INTO `friend_requests` (`initiator_user_id`, `target_user_id`, `status`, `requested_at`, `confirmed_at`) VALUES ('93', '16', 'requested', '1972-01-14 18:49:23', '1987-11-24 03:11:05');
INSERT INTO `friend_requests` (`initiator_user_id`, `target_user_id`, `status`, `requested_at`, `confirmed_at`) VALUES ('96', '33', 'requested', '2005-11-05 13:08:02', '2019-01-26 09:46:18');
INSERT INTO `friend_requests` (`initiator_user_id`, `target_user_id`, `status`, `requested_at`, `confirmed_at`) VALUES ('98', '33', 'requested', '2018-10-05 03:38:35', '1981-09-05 14:32:16');
INSERT INTO `friend_requests` (`initiator_user_id`, `target_user_id`, `status`, `requested_at`, `confirmed_at`) VALUES ('100', '13', 'unfriended', '1979-03-10 02:18:55', '1994-02-12 21:54:17');
INSERT INTO `friend_requests` (`initiator_user_id`, `target_user_id`, `status`, `requested_at`, `confirmed_at`) VALUES ('100', '73', 'unfriended', '1990-04-10 03:33:31', '2015-10-06 21:13:12');

INSERT INTO `communities` (`id`, `name`) VALUES ('68', 'A quod molestiae aspernatur ea tempore.');
INSERT INTO `communities` (`id`, `name`) VALUES ('27', 'Accusamus suscipit quo nam quo.');
INSERT INTO `communities` (`id`, `name`) VALUES ('11', 'Alias dolorem earum beatae.');
INSERT INTO `communities` (`id`, `name`) VALUES ('41', 'Alias totam autem debitis aut voluptatum omnis ut est.');
INSERT INTO `communities` (`id`, `name`) VALUES ('71', 'Architecto fuga distinctio laudantium eum corporis sint.');
INSERT INTO `communities` (`id`, `name`) VALUES ('21', 'Assumenda ut rerum esse aspernatur assumenda quas voluptatum.');
INSERT INTO `communities` (`id`, `name`) VALUES ('98', 'Atque iusto et esse nulla.');
INSERT INTO `communities` (`id`, `name`) VALUES ('14', 'Aut nisi asperiores aut sed est dolor.');
INSERT INTO `communities` (`id`, `name`) VALUES ('31', 'Aut ut et quis eos.');
INSERT INTO `communities` (`id`, `name`) VALUES ('53', 'Autem est non ipsum veritatis.');
INSERT INTO `communities` (`id`, `name`) VALUES ('2', 'Blanditiis sed id tenetur et ut autem et.');
INSERT INTO `communities` (`id`, `name`) VALUES ('97', 'Corrupti commodi nihil labore amet sunt.');
INSERT INTO `communities` (`id`, `name`) VALUES ('75', 'Corrupti deleniti reprehenderit quis porro debitis maxime.');
INSERT INTO `communities` (`id`, `name`) VALUES ('1', 'Corrupti ex enim incidunt repudiandae voluptas.');
INSERT INTO `communities` (`id`, `name`) VALUES ('81', 'Culpa et sit aut aliquid atque.');
INSERT INTO `communities` (`id`, `name`) VALUES ('7', 'Culpa ipsam praesentium tempore nostrum.');
INSERT INTO `communities` (`id`, `name`) VALUES ('89', 'Culpa rerum ducimus est exercitationem exercitationem asperiores.');
INSERT INTO `communities` (`id`, `name`) VALUES ('84', 'Delectus quia delectus quos quas.');
INSERT INTO `communities` (`id`, `name`) VALUES ('82', 'Deleniti libero est neque qui facere.');
INSERT INTO `communities` (`id`, `name`) VALUES ('69', 'Dignissimos animi facere doloribus incidunt quo qui voluptatibus iusto.');
INSERT INTO `communities` (`id`, `name`) VALUES ('9', 'Dignissimos pariatur et illo maxime similique amet quo consectetur.');
INSERT INTO `communities` (`id`, `name`) VALUES ('76', 'Distinctio minima nihil quia illum.');
INSERT INTO `communities` (`id`, `name`) VALUES ('52', 'Dolor a incidunt quidem ut omnis unde.');
INSERT INTO `communities` (`id`, `name`) VALUES ('25', 'Ducimus ut molestiae placeat eligendi velit maxime.');
INSERT INTO `communities` (`id`, `name`) VALUES ('79', 'Ea quisquam libero ut et consequatur.');
INSERT INTO `communities` (`id`, `name`) VALUES ('35', 'Est cum corporis ea cupiditate sequi id dolorum.');
INSERT INTO `communities` (`id`, `name`) VALUES ('64', 'Est eos repudiandae ab aspernatur totam et optio.');
INSERT INTO `communities` (`id`, `name`) VALUES ('37', 'Est reprehenderit qui et in.');
INSERT INTO `communities` (`id`, `name`) VALUES ('34', 'Est sed quae tempora quaerat qui animi officia.');
INSERT INTO `communities` (`id`, `name`) VALUES ('4', 'Et enim laborum sint fuga amet qui eveniet.');
INSERT INTO `communities` (`id`, `name`) VALUES ('59', 'Et impedit adipisci eum excepturi quia reiciendis.');
INSERT INTO `communities` (`id`, `name`) VALUES ('86', 'Et nihil nam iure voluptate corrupti voluptatibus.');
INSERT INTO `communities` (`id`, `name`) VALUES ('61', 'Et porro ea nam dolores.');
INSERT INTO `communities` (`id`, `name`) VALUES ('99', 'Ex eum est voluptatem nihil illum et illum.');
INSERT INTO `communities` (`id`, `name`) VALUES ('96', 'Excepturi sed dicta ea ea suscipit aut vero.');
INSERT INTO `communities` (`id`, `name`) VALUES ('30', 'Exercitationem quaerat enim ex dicta tenetur.');
INSERT INTO `communities` (`id`, `name`) VALUES ('24', 'Facere natus quia voluptas inventore et.');
INSERT INTO `communities` (`id`, `name`) VALUES ('48', 'Facere nesciunt beatae voluptatem neque.');
INSERT INTO `communities` (`id`, `name`) VALUES ('22', 'Fugit facere consequuntur facere et neque quaerat dolore.');
INSERT INTO `communities` (`id`, `name`) VALUES ('91', 'Hic nulla dolorem quibusdam ullam officiis tempora nemo.');
INSERT INTO `communities` (`id`, `name`) VALUES ('63', 'Id ducimus voluptatem hic ut.');
INSERT INTO `communities` (`id`, `name`) VALUES ('16', 'Illum earum nam eum rem necessitatibus.');
INSERT INTO `communities` (`id`, `name`) VALUES ('85', 'Impedit ea explicabo iste iure modi.');
INSERT INTO `communities` (`id`, `name`) VALUES ('45', 'Ipsum corrupti voluptas assumenda dolorum quisquam omnis.');
INSERT INTO `communities` (`id`, `name`) VALUES ('5', 'Iusto fuga non unde consequuntur autem eius earum.');
INSERT INTO `communities` (`id`, `name`) VALUES ('39', 'Laborum aperiam error sapiente non suscipit quam laborum.');
INSERT INTO `communities` (`id`, `name`) VALUES ('10', 'Magni similique unde eum quis aut.');
INSERT INTO `communities` (`id`, `name`) VALUES ('15', 'Magni voluptas perferendis cumque aliquam.');
INSERT INTO `communities` (`id`, `name`) VALUES ('100', 'Nam id iusto quis.');
INSERT INTO `communities` (`id`, `name`) VALUES ('80', 'Nemo sint cupiditate facere illo.');
INSERT INTO `communities` (`id`, `name`) VALUES ('66', 'Nihil qui dolore quidem molestiae nihil minima.');
INSERT INTO `communities` (`id`, `name`) VALUES ('56', 'Nisi quo accusantium minus labore nisi vitae quas.');
INSERT INTO `communities` (`id`, `name`) VALUES ('60', 'Non iste modi esse excepturi beatae repellat.');
INSERT INTO `communities` (`id`, `name`) VALUES ('38', 'Numquam dolorem non ad esse velit.');
INSERT INTO `communities` (`id`, `name`) VALUES ('95', 'Odit nostrum voluptatibus qui ab.');
INSERT INTO `communities` (`id`, `name`) VALUES ('58', 'Odit quod repudiandae dolor neque ipsam quo.');
INSERT INTO `communities` (`id`, `name`) VALUES ('92', 'Officia magnam suscipit est minus.');
INSERT INTO `communities` (`id`, `name`) VALUES ('87', 'Officiis aspernatur dolorum aperiam error repellat.');
INSERT INTO `communities` (`id`, `name`) VALUES ('13', 'Pariatur est voluptatum minus enim autem.');
INSERT INTO `communities` (`id`, `name`) VALUES ('65', 'Perferendis sunt magni voluptatibus rem.');
INSERT INTO `communities` (`id`, `name`) VALUES ('3', 'Quaerat rerum ut aliquid suscipit aut dicta.');
INSERT INTO `communities` (`id`, `name`) VALUES ('42', 'Quam sit impedit cupiditate blanditiis quam enim eos.');
INSERT INTO `communities` (`id`, `name`) VALUES ('78', 'Qui excepturi aliquid eum doloremque.');
INSERT INTO `communities` (`id`, `name`) VALUES ('90', 'Qui porro cupiditate veniam quia enim.');
INSERT INTO `communities` (`id`, `name`) VALUES ('50', 'Qui quas ut est dicta minima rerum ea.');
INSERT INTO `communities` (`id`, `name`) VALUES ('36', 'Qui qui omnis cumque consequatur modi saepe ipsum.');
INSERT INTO `communities` (`id`, `name`) VALUES ('40', 'Qui sunt labore voluptate officiis deleniti.');
INSERT INTO `communities` (`id`, `name`) VALUES ('73', 'Quia quidem rerum expedita totam consequuntur optio.');
INSERT INTO `communities` (`id`, `name`) VALUES ('43', 'Quia similique ipsam id recusandae enim.');
INSERT INTO `communities` (`id`, `name`) VALUES ('51', 'Quidem sapiente veritatis incidunt ut quasi quis cumque doloremque.');
INSERT INTO `communities` (`id`, `name`) VALUES ('23', 'Quis consequatur iure qui aut magnam.');
INSERT INTO `communities` (`id`, `name`) VALUES ('32', 'Quo maiores possimus et iusto aut.');
INSERT INTO `communities` (`id`, `name`) VALUES ('8', 'Repudiandae nisi accusamus repudiandae consequatur.');
INSERT INTO `communities` (`id`, `name`) VALUES ('55', 'Rerum consequatur quos harum sint.');
INSERT INTO `communities` (`id`, `name`) VALUES ('94', 'Rerum quo officiis et voluptas consequatur.');
INSERT INTO `communities` (`id`, `name`) VALUES ('67', 'Rerum quos quidem voluptatum rerum non natus sit.');
INSERT INTO `communities` (`id`, `name`) VALUES ('33', 'Sed culpa quia soluta et ab assumenda est.');
INSERT INTO `communities` (`id`, `name`) VALUES ('19', 'Sed ut et quia asperiores voluptatem.');
INSERT INTO `communities` (`id`, `name`) VALUES ('46', 'Sint ab voluptate quia dolore reiciendis itaque et.');
INSERT INTO `communities` (`id`, `name`) VALUES ('54', 'Sit perspiciatis suscipit voluptate quos.');
INSERT INTO `communities` (`id`, `name`) VALUES ('93', 'Sunt dicta aperiam in esse earum itaque consequatur.');
INSERT INTO `communities` (`id`, `name`) VALUES ('77', 'Sunt incidunt laboriosam officia ipsa incidunt.');
INSERT INTO `communities` (`id`, `name`) VALUES ('57', 'Temporibus ut dicta animi quia ab maxime.');
INSERT INTO `communities` (`id`, `name`) VALUES ('72', 'Tenetur repudiandae culpa nulla minus nesciunt.');
INSERT INTO `communities` (`id`, `name`) VALUES ('17', 'Ullam deleniti nam assumenda.');
INSERT INTO `communities` (`id`, `name`) VALUES ('49', 'Ut aut aut qui.');
INSERT INTO `communities` (`id`, `name`) VALUES ('74', 'Ut eligendi a voluptatem architecto repudiandae iusto numquam.');
INSERT INTO `communities` (`id`, `name`) VALUES ('62', 'Ut et impedit doloribus repellat.');
INSERT INTO `communities` (`id`, `name`) VALUES ('88', 'Ut inventore sit placeat dicta distinctio aut.');
INSERT INTO `communities` (`id`, `name`) VALUES ('26', 'Ut laborum voluptatem ea totam commodi sed minima.');
INSERT INTO `communities` (`id`, `name`) VALUES ('28', 'Ut nostrum omnis molestias quaerat sit.');
INSERT INTO `communities` (`id`, `name`) VALUES ('29', 'Vel consequatur quia fugit dolor ratione.');
INSERT INTO `communities` (`id`, `name`) VALUES ('20', 'Vel officiis aut esse aut ea dolor amet.');
INSERT INTO `communities` (`id`, `name`) VALUES ('6', 'Velit iste labore perspiciatis provident.');
INSERT INTO `communities` (`id`, `name`) VALUES ('44', 'Veniam deserunt consequatur rerum quae corrupti sapiente.');
INSERT INTO `communities` (`id`, `name`) VALUES ('18', 'Veniam eveniet vitae quis culpa consectetur.');
INSERT INTO `communities` (`id`, `name`) VALUES ('12', 'Voluptate ea in culpa sed.');
INSERT INTO `communities` (`id`, `name`) VALUES ('70', 'Voluptatem animi laudantium ad et consectetur est magnam.');
INSERT INTO `communities` (`id`, `name`) VALUES ('83', 'Voluptatem recusandae ut velit officia sint.');
INSERT INTO `communities` (`id`, `name`) VALUES ('47', 'Voluptatum ipsa velit commodi eum sed et saepe et.');

INSERT INTO `messages` (`id`, `from_user_id`, `to_user_id`, `body`, `is_read`, `created_at`) VALUES ('1', '86', '99', 'Nam debitis debitis tenetur quis enim itaque. Odio magnam ducimus consequatur officia fuga repudiandae quia. In assumenda porro voluptate non labore. Et qui voluptate quia quia atque.', 0, '1998-12-28 20:51:00');
INSERT INTO `messages` (`id`, `from_user_id`, `to_user_id`, `body`, `is_read`, `created_at`) VALUES ('2', '30', '39', 'Vero sit possimus autem quia est asperiores maiores. Quod quidem illum et eos voluptatum atque. Repudiandae odio ducimus nam eos. Expedita est sit molestiae perspiciatis amet.', 0, '1976-01-03 23:30:11');
INSERT INTO `messages` (`id`, `from_user_id`, `to_user_id`, `body`, `is_read`, `created_at`) VALUES ('3', '4', '34', 'Vel praesentium voluptatibus perferendis et vitae quos. In aperiam sed occaecati consequatur porro. Nobis omnis est perferendis consequatur. Repellat culpa minima architecto autem accusantium.', 1, '2000-09-03 22:57:14');
INSERT INTO `messages` (`id`, `from_user_id`, `to_user_id`, `body`, `is_read`, `created_at`) VALUES ('4', '75', '3', 'Perferendis illo perferendis ut et. Iure magnam dolores similique quos. Voluptate aut voluptate qui at reprehenderit.', 1, '1970-04-28 01:31:49');
INSERT INTO `messages` (`id`, `from_user_id`, `to_user_id`, `body`, `is_read`, `created_at`) VALUES ('5', '11', '77', 'Non odio possimus sequi aperiam est. Architecto saepe corporis provident. Ut necessitatibus esse omnis. Aut ex reiciendis rerum sint sit.', 1, '1994-01-17 01:08:35');
INSERT INTO `messages` (`id`, `from_user_id`, `to_user_id`, `body`, `is_read`, `created_at`) VALUES ('6', '25', '88', 'Placeat temporibus sint amet placeat aliquam. Consequatur excepturi sunt dolore quia eos. A dicta doloremque sit necessitatibus earum. Itaque quia aliquid porro impedit veritatis qui ad.', 0, '1996-06-08 17:34:26');
INSERT INTO `messages` (`id`, `from_user_id`, `to_user_id`, `body`, `is_read`, `created_at`) VALUES ('7', '87', '58', 'Quia praesentium delectus omnis voluptas quia. Voluptatem at sit hic labore atque inventore id. Adipisci consequatur ipsa qui saepe vel.', 1, '1985-11-04 23:52:01');
INSERT INTO `messages` (`id`, `from_user_id`, `to_user_id`, `body`, `is_read`, `created_at`) VALUES ('8', '65', '44', 'Quos sit quia non. Tempora consequatur fugiat praesentium sint doloribus rerum. Accusantium laborum laudantium maxime aut maxime quo harum deserunt.', 0, '2006-06-15 16:36:59');
INSERT INTO `messages` (`id`, `from_user_id`, `to_user_id`, `body`, `is_read`, `created_at`) VALUES ('9', '66', '72', 'Non non non ipsam nostrum dolor sit harum in. Exercitationem totam molestiae laudantium illum quia animi. Sapiente eum officiis temporibus excepturi neque.', 1, '1985-07-25 08:03:46');
INSERT INTO `messages` (`id`, `from_user_id`, `to_user_id`, `body`, `is_read`, `created_at`) VALUES ('10', '68', '32', 'Saepe sapiente vero beatae vitae necessitatibus. Sint consequatur laboriosam id provident. Sint non laborum voluptates quia saepe.', 0, '2008-05-31 15:28:20');
INSERT INTO `messages` (`id`, `from_user_id`, `to_user_id`, `body`, `is_read`, `created_at`) VALUES ('11', '14', '76', 'Ducimus ducimus occaecati consectetur cupiditate at dicta. Qui perspiciatis ea error laboriosam. Molestiae vitae eaque omnis omnis.', 1, '1981-09-08 01:06:02');
INSERT INTO `messages` (`id`, `from_user_id`, `to_user_id`, `body`, `is_read`, `created_at`) VALUES ('12', '74', '59', 'Iusto exercitationem veritatis molestiae itaque. Magni voluptatem assumenda porro repudiandae incidunt quia.', 1, '1975-01-07 10:42:06');
INSERT INTO `messages` (`id`, `from_user_id`, `to_user_id`, `body`, `is_read`, `created_at`) VALUES ('13', '6', '16', 'Voluptas delectus consequatur et quia omnis. Alias commodi aliquid saepe magni cum fuga. Sint quis magni totam molestias dolores reprehenderit. Aut debitis hic dolore eum.', 1, '1977-09-03 18:12:05');
INSERT INTO `messages` (`id`, `from_user_id`, `to_user_id`, `body`, `is_read`, `created_at`) VALUES ('14', '57', '33', 'Ut a est velit iure. Reiciendis labore vero ipsa repudiandae. Harum enim atque qui rem.', 1, '1986-11-05 08:22:14');
INSERT INTO `messages` (`id`, `from_user_id`, `to_user_id`, `body`, `is_read`, `created_at`) VALUES ('15', '55', '17', 'Quisquam ullam sed autem animi. Minus quis consequatur illo autem quos fuga. Laudantium et earum rerum ea ab. Voluptatem mollitia a ad sit error.', 0, '2002-05-19 01:12:34');
INSERT INTO `messages` (`id`, `from_user_id`, `to_user_id`, `body`, `is_read`, `created_at`) VALUES ('16', '31', '41', 'Nesciunt qui totam eligendi quaerat quasi atque. Nisi consequatur quisquam sint quam et.\nEsse quod illum modi nihil minus omnis. Non qui vel sunt ullam et aliquid et.', 1, '1976-03-26 19:32:59');
INSERT INTO `messages` (`id`, `from_user_id`, `to_user_id`, `body`, `is_read`, `created_at`) VALUES ('17', '15', '61', 'Accusantium expedita non quia dolorem. Consectetur cum voluptatem tenetur dignissimos doloremque consequatur est. Porro ab saepe quidem porro molestiae.', 1, '1976-07-05 14:05:43');
INSERT INTO `messages` (`id`, `from_user_id`, `to_user_id`, `body`, `is_read`, `created_at`) VALUES ('18', '79', '19', 'Numquam sit similique a aliquam. Quia asperiores assumenda architecto voluptatem error provident beatae esse. Distinctio omnis doloremque et dicta.', 0, '1991-07-24 06:26:02');
INSERT INTO `messages` (`id`, `from_user_id`, `to_user_id`, `body`, `is_read`, `created_at`) VALUES ('19', '94', '54', 'Sed consequatur animi ut ullam. Mollitia ducimus consequatur ut natus expedita veritatis delectus. Culpa pariatur corrupti ab voluptas velit. Sequi accusantium quos impedit nesciunt.', 0, '1988-10-25 00:46:49');
INSERT INTO `messages` (`id`, `from_user_id`, `to_user_id`, `body`, `is_read`, `created_at`) VALUES ('20', '21', '5', 'Et quo voluptatem voluptas in deserunt ad id. Veritatis et rerum dolorum possimus eos impedit perferendis. Aperiam eum nemo dolores. Explicabo ut nam laboriosam alias ut ea quia.', 0, '1985-03-30 03:39:37');
INSERT INTO `messages` (`id`, `from_user_id`, `to_user_id`, `body`, `is_read`, `created_at`) VALUES ('21', '30', '46', 'Magni et nihil doloremque quo. Tenetur nobis est in soluta dignissimos. Quae assumenda asperiores rerum et eaque id ad.', 1, '2002-08-03 19:25:11');
INSERT INTO `messages` (`id`, `from_user_id`, `to_user_id`, `body`, `is_read`, `created_at`) VALUES ('22', '92', '16', 'Qui voluptates minus voluptatem nulla. Ut labore eum iusto quidem quidem omnis in. Eum quaerat dolores ut in earum voluptate sapiente.', 0, '2010-07-27 11:35:35');
INSERT INTO `messages` (`id`, `from_user_id`, `to_user_id`, `body`, `is_read`, `created_at`) VALUES ('23', '4', '57', 'Nisi sed cupiditate velit cumque error. Sed quibusdam similique libero ad suscipit.', 0, '2010-02-15 11:30:03');
INSERT INTO `messages` (`id`, `from_user_id`, `to_user_id`, `body`, `is_read`, `created_at`) VALUES ('24', '59', '69', 'Accusamus quaerat quo perspiciatis atque. Qui perferendis dolore et. Quisquam ut occaecati eum nesciunt eos enim alias et.', 1, '1979-08-04 22:16:58');
INSERT INTO `messages` (`id`, `from_user_id`, `to_user_id`, `body`, `is_read`, `created_at`) VALUES ('25', '28', '27', 'Voluptatum quis rerum consequatur magni laboriosam. Voluptatum voluptatem et corrupti. Molestias minima aut voluptatem ut quia totam consequatur. Cupiditate repudiandae sit quas aut voluptas.', 0, '2000-05-06 21:23:25');
INSERT INTO `messages` (`id`, `from_user_id`, `to_user_id`, `body`, `is_read`, `created_at`) VALUES ('26', '1', '42', 'Numquam temporibus omnis totam dolores. Illo neque ea quam veniam est accusamus qui consequuntur. Eos id aliquam et sed. Fugiat dicta atque excepturi soluta beatae blanditiis provident.', 0, '1985-07-20 22:41:00');
INSERT INTO `messages` (`id`, `from_user_id`, `to_user_id`, `body`, `is_read`, `created_at`) VALUES ('27', '2', '74', 'Veniam incidunt eos aut nostrum quo. Laborum sit id et quidem impedit consequatur. Eum ratione dolor voluptas aliquid porro quos est. Eligendi non adipisci voluptatem ut deserunt.', 1, '1981-04-30 21:13:13');
INSERT INTO `messages` (`id`, `from_user_id`, `to_user_id`, `body`, `is_read`, `created_at`) VALUES ('28', '100', '8', 'Dolorem eos et sunt nihil. Illo non non magni est. Delectus enim aut at non fugit perferendis. Et est nostrum eum et doloremque sequi.', 0, '1975-06-19 08:27:32');
INSERT INTO `messages` (`id`, `from_user_id`, `to_user_id`, `body`, `is_read`, `created_at`) VALUES ('29', '89', '57', 'Ipsam minima libero officiis tempora voluptate est. Voluptate ea molestias fugit aspernatur est perferendis. Omnis quod ut repellendus est inventore. Id est iure voluptas dolorum nam ut doloremque.', 0, '1970-05-01 22:16:18');
INSERT INTO `messages` (`id`, `from_user_id`, `to_user_id`, `body`, `is_read`, `created_at`) VALUES ('30', '41', '43', 'Impedit et quo neque quasi. Veniam dolores autem quod voluptatum sequi deserunt. Beatae temporibus ratione est perspiciatis.', 0, '1983-01-05 03:11:54');
INSERT INTO `messages` (`id`, `from_user_id`, `to_user_id`, `body`, `is_read`, `created_at`) VALUES ('31', '73', '72', 'Non a veritatis rerum in ut inventore voluptatum. Impedit non vitae eveniet id dolore. Explicabo quaerat sunt est.', 0, '1999-01-03 01:07:42');
INSERT INTO `messages` (`id`, `from_user_id`, `to_user_id`, `body`, `is_read`, `created_at`) VALUES ('32', '83', '88', 'Sunt dolore quia unde rem veritatis ducimus qui. Cum iusto fugiat aliquam harum omnis rerum. Ea sed ullam ipsam quam qui quibusdam. Recusandae omnis quas minus et temporibus laborum sint.', 0, '2008-10-22 23:24:12');
INSERT INTO `messages` (`id`, `from_user_id`, `to_user_id`, `body`, `is_read`, `created_at`) VALUES ('33', '32', '62', 'Aliquam sit qui ut ratione aut esse autem. Dignissimos impedit suscipit qui nemo necessitatibus. Est officia dolorem quis est sit.', 0, '1978-10-26 07:27:55');
INSERT INTO `messages` (`id`, `from_user_id`, `to_user_id`, `body`, `is_read`, `created_at`) VALUES ('34', '6', '26', 'Eaque corrupti reiciendis harum optio occaecati. Perferendis ea neque in dolorem earum. Iste rerum aut quibusdam nostrum qui impedit. Distinctio deserunt architecto at rerum enim ut velit voluptatem.', 0, '2016-08-06 06:56:33');
INSERT INTO `messages` (`id`, `from_user_id`, `to_user_id`, `body`, `is_read`, `created_at`) VALUES ('35', '15', '26', 'Velit molestiae eum dolores aut molestias vel. Ut enim officiis explicabo veniam ut fugit hic officiis. Consequatur voluptatum at fuga dolorum est. Dolorem qui expedita ad dicta aliquam.', 1, '1990-08-11 14:13:22');
INSERT INTO `messages` (`id`, `from_user_id`, `to_user_id`, `body`, `is_read`, `created_at`) VALUES ('36', '30', '45', 'Totam sed aut quia a amet quibusdam sed. Tempore assumenda in corrupti eum id accusamus at excepturi. Cum ut culpa atque incidunt similique rem consequatur. Eaque ad est rerum consequatur fugit.', 1, '1996-10-30 15:35:52');
INSERT INTO `messages` (`id`, `from_user_id`, `to_user_id`, `body`, `is_read`, `created_at`) VALUES ('37', '71', '22', 'Corrupti qui alias qui. Dolor consequatur earum mollitia laboriosam iusto. Possimus numquam dolore cum quia libero nemo. Alias vel harum non et eveniet deleniti.', 0, '1990-06-26 12:43:38');
INSERT INTO `messages` (`id`, `from_user_id`, `to_user_id`, `body`, `is_read`, `created_at`) VALUES ('38', '60', '74', 'Aperiam molestiae qui est in mollitia. Qui sit sed dignissimos expedita cumque. Nobis et placeat nostrum esse est. Et eaque aut dignissimos voluptas nulla eius ut.', 0, '2020-03-09 04:43:35');
INSERT INTO `messages` (`id`, `from_user_id`, `to_user_id`, `body`, `is_read`, `created_at`) VALUES ('39', '78', '19', 'Ipsum vero saepe ea qui aut et in nam. Laudantium dolorem nemo fugit dolores enim quos. Ipsam cupiditate aspernatur sed sint quas impedit nesciunt.', 0, '2005-12-27 11:18:41');
INSERT INTO `messages` (`id`, `from_user_id`, `to_user_id`, `body`, `is_read`, `created_at`) VALUES ('40', '43', '6', 'Eveniet provident voluptatem sint beatae. Aut et illum suscipit neque. Omnis ab rerum minus explicabo qui repellendus.', 0, '2000-03-13 12:55:23');
INSERT INTO `messages` (`id`, `from_user_id`, `to_user_id`, `body`, `is_read`, `created_at`) VALUES ('41', '46', '44', 'Exercitationem quas laudantium sint sit. Blanditiis quia deserunt laborum corporis voluptatum praesentium. Omnis expedita at ducimus soluta rem vel sed.', 1, '2016-03-24 20:08:01');
INSERT INTO `messages` (`id`, `from_user_id`, `to_user_id`, `body`, `is_read`, `created_at`) VALUES ('42', '47', '47', 'Et pariatur porro harum sint. Nulla fuga corrupti dolores repudiandae. Nostrum reiciendis qui voluptatum.', 0, '2005-01-22 06:23:00');
INSERT INTO `messages` (`id`, `from_user_id`, `to_user_id`, `body`, `is_read`, `created_at`) VALUES ('43', '17', '47', 'Ea incidunt nostrum et et pariatur adipisci. Quia dignissimos sit est saepe facere. Deleniti et eveniet quo vitae ea velit officiis.', 0, '1970-11-02 15:43:28');
INSERT INTO `messages` (`id`, `from_user_id`, `to_user_id`, `body`, `is_read`, `created_at`) VALUES ('44', '55', '5', 'Sit cumque id sit et nesciunt. Inventore magnam a eius nesciunt blanditiis praesentium. Repellat ut dolores id optio maxime est sunt. Omnis cupiditate est consequatur.', 1, '2007-07-13 19:43:13');
INSERT INTO `messages` (`id`, `from_user_id`, `to_user_id`, `body`, `is_read`, `created_at`) VALUES ('45', '3', '95', 'Qui vel dolorem porro expedita qui ipsum. Non rerum quos ea quibusdam laborum consectetur repellendus. Hic consequatur earum ratione odio dolorum.', 0, '1999-11-13 17:01:38');
INSERT INTO `messages` (`id`, `from_user_id`, `to_user_id`, `body`, `is_read`, `created_at`) VALUES ('46', '48', '75', 'Non sed esse iure laboriosam doloremque non suscipit. Est omnis recusandae sed voluptatem ipsa voluptate aut. Accusamus animi quas aut enim id.', 0, '2012-05-20 04:07:44');
INSERT INTO `messages` (`id`, `from_user_id`, `to_user_id`, `body`, `is_read`, `created_at`) VALUES ('47', '67', '31', 'Enim perspiciatis facere sit dicta iusto commodi veniam. Iure corrupti sed cum eum nam. Est aperiam ut voluptatibus magni.', 0, '1999-05-05 01:48:52');
INSERT INTO `messages` (`id`, `from_user_id`, `to_user_id`, `body`, `is_read`, `created_at`) VALUES ('48', '62', '99', 'Voluptas occaecati et rerum. Qui repellendus illo pariatur qui ea. Qui sed pariatur quis nulla eius rerum nostrum. Quasi provident esse qui voluptatem culpa neque.', 0, '1996-01-24 09:46:52');
INSERT INTO `messages` (`id`, `from_user_id`, `to_user_id`, `body`, `is_read`, `created_at`) VALUES ('49', '92', '67', 'Voluptatibus id ad qui autem. Doloremque pariatur non iste dolorem. Numquam aut et exercitationem sunt sint voluptates sint. Expedita rerum non quia ut reprehenderit.', 1, '1996-07-28 08:08:21');
INSERT INTO `messages` (`id`, `from_user_id`, `to_user_id`, `body`, `is_read`, `created_at`) VALUES ('50', '24', '7', 'Adipisci ipsum qui enim nesciunt. Sed rem qui nobis assumenda impedit corrupti nesciunt.\nIllo amet voluptas repudiandae qui aliquam est possimus. Aut et ut doloribus sit accusantium autem labore.', 1, '2000-02-02 09:19:58');
INSERT INTO `messages` (`id`, `from_user_id`, `to_user_id`, `body`, `is_read`, `created_at`) VALUES ('51', '93', '54', 'Alias ipsam ea dolor placeat aut dolorem sint exercitationem. Sed necessitatibus alias quae.', 0, '2009-06-14 08:34:50');
INSERT INTO `messages` (`id`, `from_user_id`, `to_user_id`, `body`, `is_read`, `created_at`) VALUES ('52', '51', '64', 'Reiciendis harum aliquid culpa eum ratione odio ullam. Ut nihil dolores placeat eos. Mollitia quia enim quae error aut porro animi unde.', 0, '1984-01-19 13:28:00');
INSERT INTO `messages` (`id`, `from_user_id`, `to_user_id`, `body`, `is_read`, `created_at`) VALUES ('53', '75', '11', 'Dolorem dicta magnam totam fugit. Consequatur aut ut cum ullam eos repudiandae nihil culpa. Sint enim illo voluptate. Et voluptatum porro distinctio et est fuga omnis inventore.', 0, '2005-04-22 10:20:34');
INSERT INTO `messages` (`id`, `from_user_id`, `to_user_id`, `body`, `is_read`, `created_at`) VALUES ('54', '38', '53', 'Aut ut voluptatem sint commodi. Minus vel ut excepturi perferendis qui earum. Magnam omnis consectetur est sint repellat. Ipsum fugit ducimus sed molestiae aliquam ut.', 1, '1975-02-04 23:49:54');
INSERT INTO `messages` (`id`, `from_user_id`, `to_user_id`, `body`, `is_read`, `created_at`) VALUES ('55', '30', '81', 'Aliquid delectus qui dicta veritatis numquam earum. Repudiandae voluptatem quia dignissimos aliquam. Repudiandae atque facilis ut doloribus. Repellat doloremque aut maxime.', 0, '2006-11-08 07:23:50');
INSERT INTO `messages` (`id`, `from_user_id`, `to_user_id`, `body`, `is_read`, `created_at`) VALUES ('56', '58', '75', 'Voluptatem ut mollitia voluptatem omnis laudantium sed. Unde in voluptatibus nobis enim id qui cupiditate. Quaerat cupiditate in sunt hic odit. Omnis sed quo occaecati facilis minus ipsum libero.', 1, '1987-04-10 14:13:48');
INSERT INTO `messages` (`id`, `from_user_id`, `to_user_id`, `body`, `is_read`, `created_at`) VALUES ('57', '24', '5', 'Laborum perferendis dolores in iusto qui molestias quis facilis. Saepe aspernatur sed dicta nam qui neque aut. Et ut dolor odit sint.', 0, '1981-07-11 05:19:39');
INSERT INTO `messages` (`id`, `from_user_id`, `to_user_id`, `body`, `is_read`, `created_at`) VALUES ('58', '22', '40', 'Aut et earum cupiditate saepe. Et ullam reprehenderit vero officia quia harum accusantium. Neque enim et autem mollitia quidem ut.', 1, '1996-01-06 01:56:06');
INSERT INTO `messages` (`id`, `from_user_id`, `to_user_id`, `body`, `is_read`, `created_at`) VALUES ('59', '52', '77', 'Dolor natus dolorum voluptatibus perferendis magnam. Quibusdam et sit in voluptatem in optio corporis. In expedita est veritatis quae ut.', 0, '2010-11-28 02:39:56');
INSERT INTO `messages` (`id`, `from_user_id`, `to_user_id`, `body`, `is_read`, `created_at`) VALUES ('60', '45', '54', 'Alias eligendi ullam fuga illum. Incidunt rem eum minima saepe neque quis qui autem. Earum et consectetur officia aut sunt qui.', 1, '1981-03-02 15:20:21');
INSERT INTO `messages` (`id`, `from_user_id`, `to_user_id`, `body`, `is_read`, `created_at`) VALUES ('61', '72', '92', 'Rerum nostrum minus officiis eos perferendis omnis. Ut voluptas et nobis. Reprehenderit exercitationem eos laudantium quia officiis quae maiores harum.', 0, '2012-12-04 02:01:16');
INSERT INTO `messages` (`id`, `from_user_id`, `to_user_id`, `body`, `is_read`, `created_at`) VALUES ('62', '28', '38', 'Itaque consequatur quibusdam vitae perferendis sapiente impedit. Enim debitis et eaque et atque exercitationem repudiandae consequatur. Rerum corrupti aliquid est earum in tempore.', 1, '1972-09-28 22:10:08');
INSERT INTO `messages` (`id`, `from_user_id`, `to_user_id`, `body`, `is_read`, `created_at`) VALUES ('63', '23', '90', 'Assumenda dolorem sint alias omnis explicabo et ut quasi. Sit aliquid dolore blanditiis delectus aut. Et itaque est dolores consequatur voluptatem. Ut minus quidem quidem recusandae ipsa.', 0, '2012-06-08 11:26:19');
INSERT INTO `messages` (`id`, `from_user_id`, `to_user_id`, `body`, `is_read`, `created_at`) VALUES ('64', '36', '15', 'Alias nisi voluptas numquam tempora pariatur. Omnis molestiae qui doloremque rem saepe. Nihil molestiae tenetur officiis assumenda commodi officia. Natus est quia ratione.', 1, '2012-08-12 12:33:37');
INSERT INTO `messages` (`id`, `from_user_id`, `to_user_id`, `body`, `is_read`, `created_at`) VALUES ('65', '57', '60', 'Error expedita eligendi ut vel harum facilis architecto. Quia aut quis a maxime ipsam rerum. Ratione non cum quia ut fuga necessitatibus corporis pariatur.', 1, '2018-08-21 09:39:08');
INSERT INTO `messages` (`id`, `from_user_id`, `to_user_id`, `body`, `is_read`, `created_at`) VALUES ('66', '21', '49', 'Possimus sint temporibus qui neque consectetur voluptas qui mollitia. Unde quis qui temporibus velit. Natus labore quibusdam natus ducimus dolorem quibusdam.', 1, '2005-09-11 05:13:01');
INSERT INTO `messages` (`id`, `from_user_id`, `to_user_id`, `body`, `is_read`, `created_at`) VALUES ('67', '13', '72', 'Ut vel sunt est velit totam. Et repellendus et distinctio id dolorum blanditiis qui deleniti. Et accusamus et reprehenderit sunt excepturi molestiae eveniet nostrum.', 1, '2009-12-08 17:58:52');
INSERT INTO `messages` (`id`, `from_user_id`, `to_user_id`, `body`, `is_read`, `created_at`) VALUES ('68', '13', '87', 'Aperiam molestiae facere repellat est nemo veniam quia qui. Hic iusto ad pariatur magni. Quia magnam est dolorum.', 1, '1972-01-03 19:10:43');
INSERT INTO `messages` (`id`, `from_user_id`, `to_user_id`, `body`, `is_read`, `created_at`) VALUES ('69', '82', '50', 'Esse quod in suscipit sed. Asperiores quam in esse omnis nobis esse. Inventore modi voluptatum a magnam ut. Blanditiis explicabo quae ut tempora.', 0, '2004-10-23 05:38:17');
INSERT INTO `messages` (`id`, `from_user_id`, `to_user_id`, `body`, `is_read`, `created_at`) VALUES ('70', '40', '12', 'Excepturi eum vitae officia eveniet. A non sunt vel dolore dolore reiciendis nesciunt. Qui eaque ratione non quisquam dolores.', 1, '1996-04-14 06:35:40');
INSERT INTO `messages` (`id`, `from_user_id`, `to_user_id`, `body`, `is_read`, `created_at`) VALUES ('71', '30', '97', 'Nobis officia aut quasi et. Excepturi ab praesentium dolores quas veniam unde quos. Iure modi corporis sed. Fugit repudiandae est dolorem molestiae fugit esse.', 1, '1987-11-12 23:11:35');
INSERT INTO `messages` (`id`, `from_user_id`, `to_user_id`, `body`, `is_read`, `created_at`) VALUES ('72', '87', '54', 'Rerum vel ad voluptatum aperiam soluta. Temporibus quis voluptatem voluptatem voluptatem voluptate libero. Eos quis nobis ullam ipsum aperiam. A dolores dignissimos fugiat est.', 0, '1986-12-21 06:59:26');
INSERT INTO `messages` (`id`, `from_user_id`, `to_user_id`, `body`, `is_read`, `created_at`) VALUES ('73', '2', '9', 'Dolor sed rerum magnam omnis illum ex dicta aspernatur. Perspiciatis excepturi temporibus eligendi. Impedit voluptas unde ipsa iste. Nulla recusandae culpa sapiente autem temporibus distinctio ullam.', 1, '2001-09-05 19:52:22');
INSERT INTO `messages` (`id`, `from_user_id`, `to_user_id`, `body`, `is_read`, `created_at`) VALUES ('74', '93', '53', 'Repellendus facilis nobis aliquid et. Sint iure eum laudantium autem veritatis. Nemo tempore assumenda at enim unde consequatur. Quaerat reiciendis iste magnam quisquam.', 1, '1977-08-10 05:30:51');
INSERT INTO `messages` (`id`, `from_user_id`, `to_user_id`, `body`, `is_read`, `created_at`) VALUES ('75', '85', '37', 'Voluptas amet quidem ipsum vitae inventore consequuntur. Delectus occaecati vel repellendus repellendus veniam et.', 0, '1982-05-06 08:48:52');
INSERT INTO `messages` (`id`, `from_user_id`, `to_user_id`, `body`, `is_read`, `created_at`) VALUES ('76', '7', '56', 'Quod aut quo est molestiae animi. Minus excepturi aspernatur enim numquam sapiente dolore. Beatae vitae magni quam voluptatem. Eligendi veniam consectetur omnis modi sunt sint vero.', 1, '1996-09-29 21:36:38');
INSERT INTO `messages` (`id`, `from_user_id`, `to_user_id`, `body`, `is_read`, `created_at`) VALUES ('77', '29', '34', 'Placeat pariatur in aut cumque. Aperiam recusandae id rerum enim tempore. Autem molestiae voluptatem pariatur sed soluta laborum. Sapiente eos dicta omnis qui omnis quo. Soluta sed nostrum rem amet.', 1, '1977-06-05 07:30:03');
INSERT INTO `messages` (`id`, `from_user_id`, `to_user_id`, `body`, `is_read`, `created_at`) VALUES ('78', '94', '52', 'Perferendis cumque quibusdam dolores fugit dolor saepe. Similique sunt delectus repellat doloremque dicta et dicta. Velit et et sed dolor porro. Et accusamus reprehenderit non vero quia.', 0, '1977-01-26 09:32:20');
INSERT INTO `messages` (`id`, `from_user_id`, `to_user_id`, `body`, `is_read`, `created_at`) VALUES ('79', '24', '29', 'Quia cupiditate saepe numquam sint. Itaque laudantium sint hic totam id pariatur sunt recusandae. Non voluptatem alias et nulla non corporis optio modi. A quis fugiat asperiores culpa sunt.', 1, '2008-03-23 14:14:02');
INSERT INTO `messages` (`id`, `from_user_id`, `to_user_id`, `body`, `is_read`, `created_at`) VALUES ('80', '66', '80', 'Id et aut et quibusdam doloremque. Odit tenetur voluptas quaerat enim. Est sed mollitia quas corporis.', 1, '1981-09-26 11:48:13');
INSERT INTO `messages` (`id`, `from_user_id`, `to_user_id`, `body`, `is_read`, `created_at`) VALUES ('81', '89', '87', 'Velit est quasi amet dolor eius. Nihil sed repudiandae culpa exercitationem. Ut quis ex sequi nihil minima commodi earum vitae.', 1, '2017-06-02 06:46:46');
INSERT INTO `messages` (`id`, `from_user_id`, `to_user_id`, `body`, `is_read`, `created_at`) VALUES ('82', '29', '1', 'Eaque non incidunt adipisci voluptate sapiente voluptatem tempore. Aut enim voluptatum omnis fuga. Voluptatum debitis veritatis aut. Voluptas cum blanditiis dolor in aut ut velit ab.', 1, '1974-05-09 22:23:56');
INSERT INTO `messages` (`id`, `from_user_id`, `to_user_id`, `body`, `is_read`, `created_at`) VALUES ('83', '58', '42', 'Nulla nam facere sunt ut placeat id. Libero minima deleniti ipsam consequatur aut recusandae sed mollitia. Et accusamus enim adipisci labore nisi ea nihil harum.', 1, '2015-04-22 09:52:43');
INSERT INTO `messages` (`id`, `from_user_id`, `to_user_id`, `body`, `is_read`, `created_at`) VALUES ('84', '88', '40', 'Vel dolor consectetur nulla laboriosam veniam possimus. Consequatur velit consequatur voluptatum fuga non. Autem est omnis laborum veritatis. At labore voluptas dolor ut.', 1, '1986-10-02 09:59:05');
INSERT INTO `messages` (`id`, `from_user_id`, `to_user_id`, `body`, `is_read`, `created_at`) VALUES ('85', '91', '27', 'Ut tenetur odio voluptatem sapiente. Eum consequatur quia impedit autem et. Nesciunt commodi voluptate accusantium vel.', 1, '1991-03-12 14:41:02');
INSERT INTO `messages` (`id`, `from_user_id`, `to_user_id`, `body`, `is_read`, `created_at`) VALUES ('86', '52', '21', 'Culpa nemo enim ad enim qui perferendis id voluptatem. Nihil ut iusto ipsa eaque quia eveniet. Magnam omnis qui consequatur.', 0, '1996-10-26 06:48:49');
INSERT INTO `messages` (`id`, `from_user_id`, `to_user_id`, `body`, `is_read`, `created_at`) VALUES ('87', '24', '38', 'Quas rerum neque sunt repellat cumque velit et. Ut est ex qui ut excepturi. Vel sit tempora aut consectetur. Fuga quo reiciendis dolorum eligendi voluptatem voluptate eveniet.', 0, '2013-07-24 03:23:32');
INSERT INTO `messages` (`id`, `from_user_id`, `to_user_id`, `body`, `is_read`, `created_at`) VALUES ('88', '74', '26', 'Velit qui perspiciatis id maiores. Alias quia facere suscipit minus molestias. Molestiae sunt unde nobis voluptatem et. Pariatur quo saepe accusantium nobis commodi reiciendis expedita suscipit.', 0, '2006-03-05 12:00:27');
INSERT INTO `messages` (`id`, `from_user_id`, `to_user_id`, `body`, `is_read`, `created_at`) VALUES ('89', '46', '67', 'Et atque id provident ad. Aspernatur aut quasi quia expedita itaque ut sit. Molestiae qui optio voluptatibus vitae voluptas illum doloremque et. Alias qui eum aliquam aut deleniti et quae.', 0, '1976-10-18 06:15:47');
INSERT INTO `messages` (`id`, `from_user_id`, `to_user_id`, `body`, `is_read`, `created_at`) VALUES ('90', '78', '30', 'Nemo ipsam maxime eveniet quis. Qui sint est mollitia sit sed. Alias iure harum repudiandae nostrum. Omnis explicabo exercitationem praesentium beatae qui dolores.', 0, '2002-11-30 00:44:17');
INSERT INTO `messages` (`id`, `from_user_id`, `to_user_id`, `body`, `is_read`, `created_at`) VALUES ('91', '4', '84', 'Voluptatem qui et quibusdam sed a quaerat iste omnis. Sint aut pariatur non et natus. Culpa ut cumque voluptatibus doloribus fugiat. Libero ipsum sit quae reiciendis ut quia.', 0, '1985-12-30 09:52:57');
INSERT INTO `messages` (`id`, `from_user_id`, `to_user_id`, `body`, `is_read`, `created_at`) VALUES ('92', '86', '32', 'Explicabo exercitationem numquam similique sed in et. Similique optio eveniet placeat facilis facere fugiat. Omnis dolorum provident amet odit eaque. Suscipit delectus rem sint pariatur omnis aut.', 1, '1971-10-07 19:19:43');
INSERT INTO `messages` (`id`, `from_user_id`, `to_user_id`, `body`, `is_read`, `created_at`) VALUES ('93', '18', '79', 'Non voluptatem impedit sed. Ea vel in et doloribus et illum velit. Eaque aliquam quis asperiores provident esse.', 0, '1996-10-05 20:45:52');
INSERT INTO `messages` (`id`, `from_user_id`, `to_user_id`, `body`, `is_read`, `created_at`) VALUES ('94', '84', '42', 'Et porro voluptatem velit aliquam. Magnam sapiente molestiae unde mollitia atque. Consequatur et eos architecto rem et.', 0, '1970-09-14 05:59:39');
INSERT INTO `messages` (`id`, `from_user_id`, `to_user_id`, `body`, `is_read`, `created_at`) VALUES ('95', '8', '49', 'Rem quam et assumenda ea sunt sit omnis voluptatem. Exercitationem nemo et commodi suscipit. Ea dolore aspernatur eos eum.', 1, '1988-02-07 01:52:20');
INSERT INTO `messages` (`id`, `from_user_id`, `to_user_id`, `body`, `is_read`, `created_at`) VALUES ('96', '22', '96', 'Nemo voluptatibus repellat nesciunt illo quidem. Sunt hic doloribus sit nesciunt ut. In ab optio adipisci incidunt suscipit reprehenderit. Necessitatibus nulla cum qui repellendus doloribus.', 0, '1979-09-21 22:25:53');
INSERT INTO `messages` (`id`, `from_user_id`, `to_user_id`, `body`, `is_read`, `created_at`) VALUES ('97', '35', '50', 'Hic est sunt quae odio ut aut quia. Dolores modi vero quisquam asperiores sit.', 0, '2003-07-14 07:16:07');
INSERT INTO `messages` (`id`, `from_user_id`, `to_user_id`, `body`, `is_read`, `created_at`) VALUES ('98', '96', '93', 'Facilis id quidem laborum dolorem reiciendis. Quia est ea consequatur blanditiis quidem. Suscipit velit ut nesciunt quo harum deleniti magnam. Aliquid natus nam aut cupiditate debitis.', 1, '1988-06-03 03:02:32');
INSERT INTO `messages` (`id`, `from_user_id`, `to_user_id`, `body`, `is_read`, `created_at`) VALUES ('99', '92', '84', 'Dolor quasi ipsam sed nam adipisci harum ullam laudantium. Accusamus quo omnis sunt aut culpa est. Aspernatur odio eveniet nam molestiae.', 1, '1987-03-01 08:22:45');
INSERT INTO `messages` (`id`, `from_user_id`, `to_user_id`, `body`, `is_read`, `created_at`) VALUES ('100', '33', '82', 'Repellat omnis dicta consectetur vel eius. Non voluptatum consequatur eveniet deserunt debitis dolores. Ut ut sed eos qui eos. Cum similique quia quaerat.', 1, '1995-08-23 00:30:39');

INSERT INTO `photos` (`id`, `user_id`, `description`, `filename`) VALUES ('1', '49', 'Id occaecati est nobis voluptatem vero esse sed.', 'velit');
INSERT INTO `photos` (`id`, `user_id`, `description`, `filename`) VALUES ('2', '80', 'Et voluptatem cupiditate voluptas.', 'id');
INSERT INTO `photos` (`id`, `user_id`, `description`, `filename`) VALUES ('3', '64', 'Consectetur repellendus quia omnis nam dolore eos.', 'ducimus');
INSERT INTO `photos` (`id`, `user_id`, `description`, `filename`) VALUES ('4', '33', 'Et libero accusamus et sint aut ex quia.', 'esse');
INSERT INTO `photos` (`id`, `user_id`, `description`, `filename`) VALUES ('5', '20', 'Ratione nulla tenetur aspernatur.', 'facere');
INSERT INTO `photos` (`id`, `user_id`, `description`, `filename`) VALUES ('6', '99', 'Vitae qui deleniti vel laborum sint occaecati a.', 'nihil');
INSERT INTO `photos` (`id`, `user_id`, `description`, `filename`) VALUES ('7', '70', 'Sint voluptas ea velit aut.', 'non');
INSERT INTO `photos` (`id`, `user_id`, `description`, `filename`) VALUES ('8', '60', 'Temporibus quae tempora expedita maxime voluptates.', 'eveniet');
INSERT INTO `photos` (`id`, `user_id`, `description`, `filename`) VALUES ('9', '1', 'Aut amet quidem quo voluptate ut explicabo quidem.', 'eum');
INSERT INTO `photos` (`id`, `user_id`, `description`, `filename`) VALUES ('10', '83', 'Esse doloremque ad doloremque facilis.', 'aliquam');
INSERT INTO `photos` (`id`, `user_id`, `description`, `filename`) VALUES ('11', '46', 'Alias assumenda neque aspernatur recusandae.', 'voluptates');
INSERT INTO `photos` (`id`, `user_id`, `description`, `filename`) VALUES ('12', '93', 'Id et modi aut.', 'quis');
INSERT INTO `photos` (`id`, `user_id`, `description`, `filename`) VALUES ('13', '85', 'Earum aut ut molestias aperiam ut odio quia.', 'enim');
INSERT INTO `photos` (`id`, `user_id`, `description`, `filename`) VALUES ('14', '72', 'Enim dolores dignissimos id.', 'delectus');
INSERT INTO `photos` (`id`, `user_id`, `description`, `filename`) VALUES ('15', '74', 'Quidem illo necessitatibus quae.', 'eveniet');
INSERT INTO `photos` (`id`, `user_id`, `description`, `filename`) VALUES ('16', '11', 'Libero assumenda est explicabo fugit occaecati quam sint nam.', 'et');
INSERT INTO `photos` (`id`, `user_id`, `description`, `filename`) VALUES ('17', '21', 'Perferendis suscipit non consectetur maiores consequatur cupiditate.', 'non');
INSERT INTO `photos` (`id`, `user_id`, `description`, `filename`) VALUES ('18', '71', 'Officia cupiditate voluptatem et sequi vitae laudantium voluptatem.', 'sed');
INSERT INTO `photos` (`id`, `user_id`, `description`, `filename`) VALUES ('19', '26', 'Quasi ut recusandae rerum laborum id modi adipisci.', 'similique');
INSERT INTO `photos` (`id`, `user_id`, `description`, `filename`) VALUES ('20', '21', 'Error sit et nesciunt occaecati doloremque.', 'est');
INSERT INTO `photos` (`id`, `user_id`, `description`, `filename`) VALUES ('21', '48', 'Atque consequatur occaecati accusantium.', 'qui');
INSERT INTO `photos` (`id`, `user_id`, `description`, `filename`) VALUES ('22', '20', 'Explicabo voluptatibus quia voluptas perferendis.', 'distinctio');
INSERT INTO `photos` (`id`, `user_id`, `description`, `filename`) VALUES ('23', '72', 'Quam sit aut quasi rerum.', 'rerum');
INSERT INTO `photos` (`id`, `user_id`, `description`, `filename`) VALUES ('24', '36', 'Sapiente cum quia doloremque odio.', 'nisi');
INSERT INTO `photos` (`id`, `user_id`, `description`, `filename`) VALUES ('25', '44', 'Voluptatibus asperiores quos dolorem quo unde nulla.', 'illo');
INSERT INTO `photos` (`id`, `user_id`, `description`, `filename`) VALUES ('26', '52', 'Ad voluptatem voluptas laborum quod.', 'omnis');
INSERT INTO `photos` (`id`, `user_id`, `description`, `filename`) VALUES ('27', '26', 'Beatae veniam consectetur ab occaecati unde mollitia iusto.', 'placeat');
INSERT INTO `photos` (`id`, `user_id`, `description`, `filename`) VALUES ('28', '91', 'Commodi impedit sit minus quaerat saepe.', 'accusamus');
INSERT INTO `photos` (`id`, `user_id`, `description`, `filename`) VALUES ('29', '26', 'Quia aut a iure commodi dignissimos ex.', 'cupiditate');
INSERT INTO `photos` (`id`, `user_id`, `description`, `filename`) VALUES ('30', '3', 'Atque aut quos aut beatae odit quos sunt.', 'officia');
INSERT INTO `photos` (`id`, `user_id`, `description`, `filename`) VALUES ('31', '5', 'Modi ab libero voluptas qui inventore.', 'cumque');
INSERT INTO `photos` (`id`, `user_id`, `description`, `filename`) VALUES ('32', '74', 'Exercitationem reprehenderit excepturi totam architecto a dolorem.', 'rerum');
INSERT INTO `photos` (`id`, `user_id`, `description`, `filename`) VALUES ('33', '82', 'Illum sed laudantium delectus voluptas soluta ea.', 'cumque');
INSERT INTO `photos` (`id`, `user_id`, `description`, `filename`) VALUES ('34', '69', 'Natus non magni deserunt sed quibusdam incidunt nisi natus.', 'repellendus');
INSERT INTO `photos` (`id`, `user_id`, `description`, `filename`) VALUES ('35', '7', 'Voluptas ipsam dolor officia iste itaque omnis.', 'officia');
INSERT INTO `photos` (`id`, `user_id`, `description`, `filename`) VALUES ('36', '1', 'Labore at animi vitae.', 'dicta');
INSERT INTO `photos` (`id`, `user_id`, `description`, `filename`) VALUES ('37', '68', 'At pariatur ut provident repellendus odio iure est.', 'at');
INSERT INTO `photos` (`id`, `user_id`, `description`, `filename`) VALUES ('38', '76', 'Asperiores laudantium officiis sed reiciendis voluptatum repudiandae voluptatem sint.', 'placeat');
INSERT INTO `photos` (`id`, `user_id`, `description`, `filename`) VALUES ('39', '61', 'Libero labore modi dolore cumque optio.', 'dicta');
INSERT INTO `photos` (`id`, `user_id`, `description`, `filename`) VALUES ('40', '68', 'Pariatur saepe earum voluptatum est minus odio delectus.', 'qui');
INSERT INTO `photos` (`id`, `user_id`, `description`, `filename`) VALUES ('41', '58', 'Maxime doloribus ducimus sunt et mollitia natus vel.', 'iste');
INSERT INTO `photos` (`id`, `user_id`, `description`, `filename`) VALUES ('42', '6', 'Accusamus veniam maiores sit.', 'qui');
INSERT INTO `photos` (`id`, `user_id`, `description`, `filename`) VALUES ('43', '61', 'Aut tenetur temporibus ea quaerat alias qui.', 'odit');
INSERT INTO `photos` (`id`, `user_id`, `description`, `filename`) VALUES ('44', '43', 'Reiciendis delectus sapiente modi omnis.', 'aut');
INSERT INTO `photos` (`id`, `user_id`, `description`, `filename`) VALUES ('45', '77', 'Sit aliquam sed et rerum.', 'consequatur');
INSERT INTO `photos` (`id`, `user_id`, `description`, `filename`) VALUES ('46', '35', 'Tempora ut facilis quos voluptatem officia eos.', 'natus');
INSERT INTO `photos` (`id`, `user_id`, `description`, `filename`) VALUES ('47', '53', 'Dolorem laboriosam excepturi quia quos.', 'maiores');
INSERT INTO `photos` (`id`, `user_id`, `description`, `filename`) VALUES ('48', '98', 'Asperiores accusamus aperiam voluptas optio ratione cum consequatur.', 'voluptas');
INSERT INTO `photos` (`id`, `user_id`, `description`, `filename`) VALUES ('49', '5', 'Neque aspernatur nisi consequatur ad autem libero sed.', 'minus');
INSERT INTO `photos` (`id`, `user_id`, `description`, `filename`) VALUES ('50', '78', 'Debitis non non ut corporis non.', 'omnis');
INSERT INTO `photos` (`id`, `user_id`, `description`, `filename`) VALUES ('51', '19', 'Tempora neque et facilis eum.', 'qui');
INSERT INTO `photos` (`id`, `user_id`, `description`, `filename`) VALUES ('52', '52', 'Quo sit recusandae voluptatem et.', 'et');
INSERT INTO `photos` (`id`, `user_id`, `description`, `filename`) VALUES ('53', '98', 'Non itaque et maxime.', 'consectetur');
INSERT INTO `photos` (`id`, `user_id`, `description`, `filename`) VALUES ('54', '91', 'Et voluptatum quos rem esse.', 'mollitia');
INSERT INTO `photos` (`id`, `user_id`, `description`, `filename`) VALUES ('55', '88', 'Laboriosam fugit quis quod voluptas temporibus aut exercitationem.', 'repellendus');
INSERT INTO `photos` (`id`, `user_id`, `description`, `filename`) VALUES ('56', '42', 'Debitis veritatis dolorum illum quisquam alias.', 'sunt');
INSERT INTO `photos` (`id`, `user_id`, `description`, `filename`) VALUES ('57', '43', 'Quis dolore aut unde iste.', 'non');
INSERT INTO `photos` (`id`, `user_id`, `description`, `filename`) VALUES ('58', '13', 'Rerum corporis eaque error ipsam ea.', 'eum');
INSERT INTO `photos` (`id`, `user_id`, `description`, `filename`) VALUES ('59', '32', 'Qui ut quo et quasi.', 'voluptatem');
INSERT INTO `photos` (`id`, `user_id`, `description`, `filename`) VALUES ('60', '68', 'Error ea necessitatibus laudantium vero quia.', 'voluptatem');
INSERT INTO `photos` (`id`, `user_id`, `description`, `filename`) VALUES ('61', '15', 'Vero tempore qui molestiae quis dolores.', 'magni');
INSERT INTO `photos` (`id`, `user_id`, `description`, `filename`) VALUES ('62', '37', 'Aut molestiae dicta consectetur accusantium.', 'voluptatum');
INSERT INTO `photos` (`id`, `user_id`, `description`, `filename`) VALUES ('63', '42', 'Quam culpa facere sit pariatur cumque sit.', 'quia');
INSERT INTO `photos` (`id`, `user_id`, `description`, `filename`) VALUES ('64', '97', 'Quis quisquam corporis commodi hic autem voluptatem eaque.', 'ipsam');
INSERT INTO `photos` (`id`, `user_id`, `description`, `filename`) VALUES ('65', '6', 'Dolores repudiandae ullam at dignissimos ut velit.', 'eos');
INSERT INTO `photos` (`id`, `user_id`, `description`, `filename`) VALUES ('66', '48', 'Alias optio est distinctio.', 'excepturi');
INSERT INTO `photos` (`id`, `user_id`, `description`, `filename`) VALUES ('67', '98', 'Ut corrupti sapiente dolorem magni quo.', 'facere');
INSERT INTO `photos` (`id`, `user_id`, `description`, `filename`) VALUES ('68', '73', 'Blanditiis ipsum tenetur et iste error totam mollitia.', 'aspernatur');
INSERT INTO `photos` (`id`, `user_id`, `description`, `filename`) VALUES ('69', '24', 'Est sit sit est aspernatur ut.', 'maxime');
INSERT INTO `photos` (`id`, `user_id`, `description`, `filename`) VALUES ('70', '58', 'Ex tenetur voluptatem sunt eos tempore natus in.', 'ipsa');
INSERT INTO `photos` (`id`, `user_id`, `description`, `filename`) VALUES ('71', '41', 'Amet unde quae qui quis in.', 'eos');
INSERT INTO `photos` (`id`, `user_id`, `description`, `filename`) VALUES ('72', '81', 'Qui magni culpa sed ipsam officiis qui expedita.', 'quisquam');
INSERT INTO `photos` (`id`, `user_id`, `description`, `filename`) VALUES ('73', '63', 'Corrupti qui et fuga.', 'eius');
INSERT INTO `photos` (`id`, `user_id`, `description`, `filename`) VALUES ('74', '2', 'Perspiciatis fugit maiores commodi id quasi voluptatem.', 'nihil');
INSERT INTO `photos` (`id`, `user_id`, `description`, `filename`) VALUES ('75', '24', 'Molestias hic debitis facilis omnis amet et.', 'dicta');
INSERT INTO `photos` (`id`, `user_id`, `description`, `filename`) VALUES ('76', '40', 'Optio natus rem ut autem.', 'quis');
INSERT INTO `photos` (`id`, `user_id`, `description`, `filename`) VALUES ('77', '36', 'Quis laborum magnam eaque dolorum laborum.', 'veritatis');
INSERT INTO `photos` (`id`, `user_id`, `description`, `filename`) VALUES ('78', '76', 'Ad nostrum eos non quia minus ex.', 'delectus');
INSERT INTO `photos` (`id`, `user_id`, `description`, `filename`) VALUES ('79', '38', 'Numquam voluptatem dolorem aut aut.', 'et');
INSERT INTO `photos` (`id`, `user_id`, `description`, `filename`) VALUES ('80', '40', 'Dolorem cumque aut vel.', 'asperiores');
INSERT INTO `photos` (`id`, `user_id`, `description`, `filename`) VALUES ('81', '54', 'Id eius ipsa tempore rerum aliquid est adipisci.', 'vel');
INSERT INTO `photos` (`id`, `user_id`, `description`, `filename`) VALUES ('82', '57', 'Quos voluptatem minus perspiciatis nihil.', 'vero');
INSERT INTO `photos` (`id`, `user_id`, `description`, `filename`) VALUES ('83', '92', 'Ut et et est dolor expedita id dolores.', 'qui');
INSERT INTO `photos` (`id`, `user_id`, `description`, `filename`) VALUES ('84', '52', 'Quis quidem tempore necessitatibus doloribus perferendis corrupti.', 'est');
INSERT INTO `photos` (`id`, `user_id`, `description`, `filename`) VALUES ('85', '47', 'Totam officiis repellendus porro laborum doloribus.', 'sed');
INSERT INTO `photos` (`id`, `user_id`, `description`, `filename`) VALUES ('86', '79', 'Ratione ea quod enim.', 'nam');
INSERT INTO `photos` (`id`, `user_id`, `description`, `filename`) VALUES ('87', '93', 'Rerum vero ullam voluptatem magnam laborum dolores eos.', 'molestiae');
INSERT INTO `photos` (`id`, `user_id`, `description`, `filename`) VALUES ('88', '89', 'Voluptatem qui ea et.', 'consequatur');
INSERT INTO `photos` (`id`, `user_id`, `description`, `filename`) VALUES ('89', '92', 'Ut a commodi nemo.', 'id');
INSERT INTO `photos` (`id`, `user_id`, `description`, `filename`) VALUES ('90', '25', 'Qui repellendus est repellat adipisci.', 'rem');
INSERT INTO `photos` (`id`, `user_id`, `description`, `filename`) VALUES ('91', '57', 'Ratione delectus ab necessitatibus eos a animi.', 'vel');
INSERT INTO `photos` (`id`, `user_id`, `description`, `filename`) VALUES ('92', '6', 'Occaecati sint veritatis at totam et facilis qui quod.', 'maxime');
INSERT INTO `photos` (`id`, `user_id`, `description`, `filename`) VALUES ('93', '61', 'Enim occaecati occaecati voluptatum nam molestiae aspernatur quasi.', 'inventore');
INSERT INTO `photos` (`id`, `user_id`, `description`, `filename`) VALUES ('94', '98', 'Ipsa voluptatem nostrum facilis perspiciatis dolorem.', 'eveniet');
INSERT INTO `photos` (`id`, `user_id`, `description`, `filename`) VALUES ('95', '3', 'Repellat impedit in tempora sit tempore.', 'culpa');
INSERT INTO `photos` (`id`, `user_id`, `description`, `filename`) VALUES ('96', '67', 'Laborum labore cumque enim ea voluptatem placeat.', 'nemo');
INSERT INTO `photos` (`id`, `user_id`, `description`, `filename`) VALUES ('97', '46', 'Perspiciatis quam magnam est aut facere id dolorum tempora.', 'qui');
INSERT INTO `photos` (`id`, `user_id`, `description`, `filename`) VALUES ('98', '1', 'Tenetur est ratione impedit in amet.', 'sequi');
INSERT INTO `photos` (`id`, `user_id`, `description`, `filename`) VALUES ('99', '39', 'Sed magni explicabo assumenda impedit.', 'iste');
INSERT INTO `photos` (`id`, `user_id`, `description`, `filename`) VALUES ('100', '69', 'Sit quis illo beatae doloribus.', 'aperiam');

INSERT INTO `photos_likes` (`user_id`, `photo_id`, `liked_at`) VALUES ('1', '28', '1985-11-14 10:06:02');
INSERT INTO `photos_likes` (`user_id`, `photo_id`, `liked_at`) VALUES ('1', '29', '1975-11-10 00:06:25');
INSERT INTO `photos_likes` (`user_id`, `photo_id`, `liked_at`) VALUES ('2', '43', '1996-09-07 12:46:31');
INSERT INTO `photos_likes` (`user_id`, `photo_id`, `liked_at`) VALUES ('2', '99', '1992-03-22 03:35:29');
INSERT INTO `photos_likes` (`user_id`, `photo_id`, `liked_at`) VALUES ('3', '18', '1997-09-15 07:34:51');
INSERT INTO `photos_likes` (`user_id`, `photo_id`, `liked_at`) VALUES ('3', '71', '2018-01-06 18:09:07');
INSERT INTO `photos_likes` (`user_id`, `photo_id`, `liked_at`) VALUES ('3', '95', '1991-02-22 13:08:16');
INSERT INTO `photos_likes` (`user_id`, `photo_id`, `liked_at`) VALUES ('5', '67', '1999-09-27 14:32:29');
INSERT INTO `photos_likes` (`user_id`, `photo_id`, `liked_at`) VALUES ('8', '90', '1985-11-26 06:57:36');
INSERT INTO `photos_likes` (`user_id`, `photo_id`, `liked_at`) VALUES ('9', '12', '2007-12-26 23:21:12');
INSERT INTO `photos_likes` (`user_id`, `photo_id`, `liked_at`) VALUES ('9', '25', '1989-01-13 10:32:24');
INSERT INTO `photos_likes` (`user_id`, `photo_id`, `liked_at`) VALUES ('10', '55', '2011-01-26 04:15:56');
INSERT INTO `photos_likes` (`user_id`, `photo_id`, `liked_at`) VALUES ('10', '86', '2002-12-31 16:58:50');
INSERT INTO `photos_likes` (`user_id`, `photo_id`, `liked_at`) VALUES ('10', '100', '2004-11-03 09:54:30');
INSERT INTO `photos_likes` (`user_id`, `photo_id`, `liked_at`) VALUES ('11', '61', '1977-12-20 14:19:21');
INSERT INTO `photos_likes` (`user_id`, `photo_id`, `liked_at`) VALUES ('12', '4', '2017-01-15 09:47:11');
INSERT INTO `photos_likes` (`user_id`, `photo_id`, `liked_at`) VALUES ('13', '38', '1976-09-30 18:03:16');
INSERT INTO `photos_likes` (`user_id`, `photo_id`, `liked_at`) VALUES ('14', '41', '1973-08-28 17:44:29');
INSERT INTO `photos_likes` (`user_id`, `photo_id`, `liked_at`) VALUES ('14', '55', '2018-03-29 13:51:25');
INSERT INTO `photos_likes` (`user_id`, `photo_id`, `liked_at`) VALUES ('16', '16', '1985-11-06 16:27:44');
INSERT INTO `photos_likes` (`user_id`, `photo_id`, `liked_at`) VALUES ('17', '46', '1990-10-15 09:53:10');
INSERT INTO `photos_likes` (`user_id`, `photo_id`, `liked_at`) VALUES ('18', '93', '1996-11-16 01:46:47');
INSERT INTO `photos_likes` (`user_id`, `photo_id`, `liked_at`) VALUES ('20', '56', '2005-04-22 23:58:03');
INSERT INTO `photos_likes` (`user_id`, `photo_id`, `liked_at`) VALUES ('23', '77', '2000-08-23 17:52:29');
INSERT INTO `photos_likes` (`user_id`, `photo_id`, `liked_at`) VALUES ('26', '19', '2015-07-30 12:41:34');
INSERT INTO `photos_likes` (`user_id`, `photo_id`, `liked_at`) VALUES ('27', '98', '1984-11-05 10:45:48');
INSERT INTO `photos_likes` (`user_id`, `photo_id`, `liked_at`) VALUES ('28', '6', '1973-07-21 02:32:45');
INSERT INTO `photos_likes` (`user_id`, `photo_id`, `liked_at`) VALUES ('28', '72', '2016-07-08 06:18:45');
INSERT INTO `photos_likes` (`user_id`, `photo_id`, `liked_at`) VALUES ('29', '61', '1982-01-28 02:42:37');
INSERT INTO `photos_likes` (`user_id`, `photo_id`, `liked_at`) VALUES ('29', '83', '2007-10-04 11:52:12');
INSERT INTO `photos_likes` (`user_id`, `photo_id`, `liked_at`) VALUES ('30', '43', '1992-11-14 15:36:31');
INSERT INTO `photos_likes` (`user_id`, `photo_id`, `liked_at`) VALUES ('31', '95', '1970-09-02 16:04:34');
INSERT INTO `photos_likes` (`user_id`, `photo_id`, `liked_at`) VALUES ('32', '71', '2005-04-09 22:39:03');
INSERT INTO `photos_likes` (`user_id`, `photo_id`, `liked_at`) VALUES ('32', '89', '1989-04-07 22:42:02');
INSERT INTO `photos_likes` (`user_id`, `photo_id`, `liked_at`) VALUES ('33', '73', '2018-11-06 02:07:56');
INSERT INTO `photos_likes` (`user_id`, `photo_id`, `liked_at`) VALUES ('35', '38', '2007-10-28 06:45:33');
INSERT INTO `photos_likes` (`user_id`, `photo_id`, `liked_at`) VALUES ('36', '53', '1973-07-10 02:30:18');
INSERT INTO `photos_likes` (`user_id`, `photo_id`, `liked_at`) VALUES ('39', '11', '2002-03-20 02:04:14');
INSERT INTO `photos_likes` (`user_id`, `photo_id`, `liked_at`) VALUES ('39', '96', '2011-05-23 06:27:57');
INSERT INTO `photos_likes` (`user_id`, `photo_id`, `liked_at`) VALUES ('40', '97', '1988-09-15 19:57:03');
INSERT INTO `photos_likes` (`user_id`, `photo_id`, `liked_at`) VALUES ('41', '18', '2017-10-01 09:15:13');
INSERT INTO `photos_likes` (`user_id`, `photo_id`, `liked_at`) VALUES ('43', '25', '1997-11-17 21:25:51');
INSERT INTO `photos_likes` (`user_id`, `photo_id`, `liked_at`) VALUES ('45', '2', '2018-12-02 00:21:56');
INSERT INTO `photos_likes` (`user_id`, `photo_id`, `liked_at`) VALUES ('46', '1', '2017-05-18 04:54:24');
INSERT INTO `photos_likes` (`user_id`, `photo_id`, `liked_at`) VALUES ('46', '10', '2010-01-22 08:52:27');
INSERT INTO `photos_likes` (`user_id`, `photo_id`, `liked_at`) VALUES ('47', '31', '1973-01-19 00:47:55');
INSERT INTO `photos_likes` (`user_id`, `photo_id`, `liked_at`) VALUES ('48', '48', '2018-01-31 18:22:43');
INSERT INTO `photos_likes` (`user_id`, `photo_id`, `liked_at`) VALUES ('52', '19', '1973-06-10 01:50:01');
INSERT INTO `photos_likes` (`user_id`, `photo_id`, `liked_at`) VALUES ('53', '28', '1976-05-11 22:15:30');
INSERT INTO `photos_likes` (`user_id`, `photo_id`, `liked_at`) VALUES ('54', '5', '2004-03-09 14:12:20');
INSERT INTO `photos_likes` (`user_id`, `photo_id`, `liked_at`) VALUES ('54', '89', '1974-06-20 02:37:11');
INSERT INTO `photos_likes` (`user_id`, `photo_id`, `liked_at`) VALUES ('55', '86', '1984-07-27 18:38:45');
INSERT INTO `photos_likes` (`user_id`, `photo_id`, `liked_at`) VALUES ('58', '32', '2003-03-08 07:45:52');
INSERT INTO `photos_likes` (`user_id`, `photo_id`, `liked_at`) VALUES ('58', '50', '1988-09-20 08:35:23');
INSERT INTO `photos_likes` (`user_id`, `photo_id`, `liked_at`) VALUES ('60', '26', '2005-04-30 23:56:42');
INSERT INTO `photos_likes` (`user_id`, `photo_id`, `liked_at`) VALUES ('60', '92', '1978-09-04 19:34:23');
INSERT INTO `photos_likes` (`user_id`, `photo_id`, `liked_at`) VALUES ('62', '12', '1975-01-14 20:38:52');
INSERT INTO `photos_likes` (`user_id`, `photo_id`, `liked_at`) VALUES ('63', '71', '2000-09-01 05:17:18');
INSERT INTO `photos_likes` (`user_id`, `photo_id`, `liked_at`) VALUES ('64', '21', '1993-07-24 14:10:00');
INSERT INTO `photos_likes` (`user_id`, `photo_id`, `liked_at`) VALUES ('65', '82', '1996-05-03 04:34:52');
INSERT INTO `photos_likes` (`user_id`, `photo_id`, `liked_at`) VALUES ('66', '38', '2007-04-09 07:41:38');
INSERT INTO `photos_likes` (`user_id`, `photo_id`, `liked_at`) VALUES ('67', '14', '2006-06-30 16:11:08');
INSERT INTO `photos_likes` (`user_id`, `photo_id`, `liked_at`) VALUES ('67', '26', '2006-03-31 08:16:10');
INSERT INTO `photos_likes` (`user_id`, `photo_id`, `liked_at`) VALUES ('69', '9', '2020-01-03 12:09:47');
INSERT INTO `photos_likes` (`user_id`, `photo_id`, `liked_at`) VALUES ('70', '17', '1975-10-21 13:33:43');
INSERT INTO `photos_likes` (`user_id`, `photo_id`, `liked_at`) VALUES ('70', '36', '2004-06-10 15:38:13');
INSERT INTO `photos_likes` (`user_id`, `photo_id`, `liked_at`) VALUES ('70', '41', '2005-04-28 06:06:39');
INSERT INTO `photos_likes` (`user_id`, `photo_id`, `liked_at`) VALUES ('70', '44', '1977-12-06 07:29:40');
INSERT INTO `photos_likes` (`user_id`, `photo_id`, `liked_at`) VALUES ('70', '46', '1978-09-15 19:06:11');
INSERT INTO `photos_likes` (`user_id`, `photo_id`, `liked_at`) VALUES ('70', '64', '2007-04-29 14:07:11');
INSERT INTO `photos_likes` (`user_id`, `photo_id`, `liked_at`) VALUES ('72', '1', '1980-01-26 02:04:16');
INSERT INTO `photos_likes` (`user_id`, `photo_id`, `liked_at`) VALUES ('72', '6', '1989-08-26 20:28:38');
INSERT INTO `photos_likes` (`user_id`, `photo_id`, `liked_at`) VALUES ('72', '62', '1983-10-08 10:42:28');
INSERT INTO `photos_likes` (`user_id`, `photo_id`, `liked_at`) VALUES ('73', '21', '2000-10-09 14:03:15');
INSERT INTO `photos_likes` (`user_id`, `photo_id`, `liked_at`) VALUES ('73', '94', '2004-08-27 13:35:08');
INSERT INTO `photos_likes` (`user_id`, `photo_id`, `liked_at`) VALUES ('75', '26', '1989-01-27 03:45:28');
INSERT INTO `photos_likes` (`user_id`, `photo_id`, `liked_at`) VALUES ('75', '53', '1984-02-26 10:40:56');
INSERT INTO `photos_likes` (`user_id`, `photo_id`, `liked_at`) VALUES ('75', '72', '2013-12-08 03:41:15');
INSERT INTO `photos_likes` (`user_id`, `photo_id`, `liked_at`) VALUES ('76', '2', '1976-05-15 06:26:59');
INSERT INTO `photos_likes` (`user_id`, `photo_id`, `liked_at`) VALUES ('80', '86', '1986-08-15 15:50:31');
INSERT INTO `photos_likes` (`user_id`, `photo_id`, `liked_at`) VALUES ('81', '8', '2006-07-09 14:10:58');
INSERT INTO `photos_likes` (`user_id`, `photo_id`, `liked_at`) VALUES ('82', '79', '2015-04-29 17:09:18');
INSERT INTO `photos_likes` (`user_id`, `photo_id`, `liked_at`) VALUES ('84', '29', '1995-10-23 16:08:58');
INSERT INTO `photos_likes` (`user_id`, `photo_id`, `liked_at`) VALUES ('84', '36', '2007-12-03 18:46:27');
INSERT INTO `photos_likes` (`user_id`, `photo_id`, `liked_at`) VALUES ('84', '67', '1995-01-09 17:31:05');
INSERT INTO `photos_likes` (`user_id`, `photo_id`, `liked_at`) VALUES ('86', '43', '2014-11-30 03:57:14');
INSERT INTO `photos_likes` (`user_id`, `photo_id`, `liked_at`) VALUES ('86', '56', '2015-10-05 08:53:41');
INSERT INTO `photos_likes` (`user_id`, `photo_id`, `liked_at`) VALUES ('86', '81', '2011-10-21 09:53:29');
INSERT INTO `photos_likes` (`user_id`, `photo_id`, `liked_at`) VALUES ('91', '31', '1971-06-26 12:22:22');
INSERT INTO `photos_likes` (`user_id`, `photo_id`, `liked_at`) VALUES ('91', '80', '1973-02-01 10:09:46');
INSERT INTO `photos_likes` (`user_id`, `photo_id`, `liked_at`) VALUES ('92', '63', '1994-07-26 11:32:07');
INSERT INTO `photos_likes` (`user_id`, `photo_id`, `liked_at`) VALUES ('93', '37', '2017-10-16 06:12:40');
INSERT INTO `photos_likes` (`user_id`, `photo_id`, `liked_at`) VALUES ('93', '74', '1990-11-13 08:28:48');
INSERT INTO `photos_likes` (`user_id`, `photo_id`, `liked_at`) VALUES ('95', '20', '1996-11-30 14:45:20');
INSERT INTO `photos_likes` (`user_id`, `photo_id`, `liked_at`) VALUES ('95', '71', '1985-01-01 23:11:11');
INSERT INTO `photos_likes` (`user_id`, `photo_id`, `liked_at`) VALUES ('97', '22', '2012-09-05 21:37:29');
INSERT INTO `photos_likes` (`user_id`, `photo_id`, `liked_at`) VALUES ('98', '4', '1976-11-08 03:20:15');
INSERT INTO `photos_likes` (`user_id`, `photo_id`, `liked_at`) VALUES ('98', '53', '1980-03-18 09:50:12');
INSERT INTO `photos_likes` (`user_id`, `photo_id`, `liked_at`) VALUES ('99', '2', '1974-05-07 04:22:26');
INSERT INTO `photos_likes` (`user_id`, `photo_id`, `liked_at`) VALUES ('99', '11', '1996-04-04 00:21:50');
INSERT INTO `photos_likes` (`user_id`, `photo_id`, `liked_at`) VALUES ('99', '26', '1998-05-25 00:17:44');

INSERT INTO `posts` (`id`, `user_id`, `body`, `metadata`, `created_at`, `updated_at`) VALUES ('1', '99', 'He looked at Alice, as she was now, and she did not see anything that had made out that she let the Dormouse began in a day did you call it sad?\' And she began very cautiously: \'But I don\'t keep the.', NULL, '2019-04-18 14:39:15', '2016-06-04 09:27:02');
INSERT INTO `posts` (`id`, `user_id`, `body`, `metadata`, `created_at`, `updated_at`) VALUES ('2', '90', 'She was a dead silence. \'It\'s a Cheshire cat,\' said the Cat, \'or you wouldn\'t have come here.\' Alice didn\'t think that will be the use of a feather flock together.\"\' \'Only mustard isn\'t a letter,.', NULL, '1991-07-07 10:19:53', '2014-10-12 18:49:59');
INSERT INTO `posts` (`id`, `user_id`, `body`, `metadata`, `created_at`, `updated_at`) VALUES ('3', '3', 'Alice very meekly: \'I\'m growing.\' \'You\'ve no right to think,\' said Alice very politely; but she was small enough to try the whole thing very absurd, but they were lying on the top of the court. All.', NULL, '1984-08-31 01:06:27', '1994-05-16 06:30:02');
INSERT INTO `posts` (`id`, `user_id`, `body`, `metadata`, `created_at`, `updated_at`) VALUES ('4', '67', 'Alice had been wandering, when a cry of \'The trial\'s beginning!\' was heard in the newspapers, at the time she went back to the cur, \"Such a trial, dear Sir, With no jury or judge, would be very.', NULL, '2012-10-20 16:34:41', '1989-12-19 13:22:11');
INSERT INTO `posts` (`id`, `user_id`, `body`, `metadata`, `created_at`, `updated_at`) VALUES ('5', '25', 'Dodo, \'the best way to fly up into a line along the course, here and there. There was a very small cake, on which the wretched Hatter trembled so, that Alice had no reason to be told so. \'It\'s.', NULL, '2016-09-05 02:02:35', '2018-03-10 18:51:24');
INSERT INTO `posts` (`id`, `user_id`, `body`, `metadata`, `created_at`, `updated_at`) VALUES ('6', '96', 'Mouse to tell them something more. \'You promised to tell him. \'A nice muddle their slates\'ll be in before the trial\'s begun.\' \'They\'re putting down their names,\' the Gryphon remarked: \'because they.', NULL, '1989-06-27 19:17:17', '2006-07-29 10:41:21');
INSERT INTO `posts` (`id`, `user_id`, `body`, `metadata`, `created_at`, `updated_at`) VALUES ('7', '10', 'Beautiful, beautiful Soup!\' CHAPTER XI. Who Stole the Tarts? The King laid his hand upon her knee, and the words all coming different, and then unrolled the parchment scroll, and read as follows:--.', NULL, '2004-12-07 03:29:11', '1981-03-15 05:10:34');
INSERT INTO `posts` (`id`, `user_id`, `body`, `metadata`, `created_at`, `updated_at`) VALUES ('8', '88', 'Duchess; \'I never said I could let you out, you know.\' It was, no doubt: only Alice did not notice this last remark that had fallen into a large dish of tarts upon it: they looked so grave that she.', NULL, '1970-01-15 20:19:23', '2016-06-01 11:02:51');
INSERT INTO `posts` (`id`, `user_id`, `body`, `metadata`, `created_at`, `updated_at`) VALUES ('9', '66', 'What would become of it; then Alice, thinking it was a little house in it about four feet high. \'I wish I hadn\'t quite finished my tea when I find a thing,\' said the sage, as he could think of.', NULL, '1976-03-11 19:22:35', '1994-12-16 07:43:55');
INSERT INTO `posts` (`id`, `user_id`, `body`, `metadata`, `created_at`, `updated_at`) VALUES ('10', '52', 'ARE you talking to?\' said one of them bowed low. \'Would you tell me, Pat, what\'s that in the face. \'I\'ll put a white one in by mistake; and if I can guess that,\' she added aloud. \'Do you play.', NULL, '1984-04-17 20:58:59', '1996-03-02 12:40:30');
INSERT INTO `posts` (`id`, `user_id`, `body`, `metadata`, `created_at`, `updated_at`) VALUES ('11', '88', 'Tell her to wink with one of the house before she found herself in a low trembling voice, \'--and I hadn\'t gone down that rabbit-hole--and yet--and yet--it\'s rather curious, you know, and he went on,.', NULL, '2016-07-24 16:42:39', '1970-12-25 22:46:31');
INSERT INTO `posts` (`id`, `user_id`, `body`, `metadata`, `created_at`, `updated_at`) VALUES ('12', '20', 'Hatter said, turning to Alice a little pattering of feet in a Little Bill It was all finished, the Owl, as a last resource, she put one arm out of sight, he said to herself, as she tucked her arm.', NULL, '1981-01-16 08:12:49', '2009-01-23 22:09:20');
INSERT INTO `posts` (`id`, `user_id`, `body`, `metadata`, `created_at`, `updated_at`) VALUES ('13', '7', 'Bill\'s got the other--Bill! fetch it here, lad!--Here, put \'em up at the bottom of the wood--(she considered him to you, Though they were all turning into little cakes as they all quarrel so.', NULL, '2008-11-06 11:12:53', '1983-10-07 22:28:24');
INSERT INTO `posts` (`id`, `user_id`, `body`, `metadata`, `created_at`, `updated_at`) VALUES ('14', '75', 'Who for such a nice soft thing to nurse--and she\'s such a noise inside, no one to listen to me! When I used to read fairy-tales, I fancied that kind of serpent, that\'s all the other side will make.', NULL, '2019-09-25 00:22:15', '2005-03-30 05:05:54');
INSERT INTO `posts` (`id`, `user_id`, `body`, `metadata`, `created_at`, `updated_at`) VALUES ('15', '79', 'Alice! Come here directly, and get ready to talk nonsense. The Queen\'s Croquet-Ground A large rose-tree stood near the door, she walked on in these words: \'Yes, we went to the other, and making.', NULL, '2002-02-22 00:27:21', '1973-02-16 19:18:10');
INSERT INTO `posts` (`id`, `user_id`, `body`, `metadata`, `created_at`, `updated_at`) VALUES ('16', '4', 'It sounded an excellent opportunity for showing off a head could be no doubt that it signifies much,\' she said to herself, for this curious child was very provoking to find it out, we should all.', NULL, '2007-10-15 03:23:07', '1989-06-21 00:30:53');
INSERT INTO `posts` (`id`, `user_id`, `body`, `metadata`, `created_at`, `updated_at`) VALUES ('17', '50', 'And she tried to speak, and no one listening, this time, and was suppressed. \'Come, that finished the first really clever thing the King hastily said, and went down on one side, to look for her, and.', NULL, '1973-07-27 12:50:44', '1977-01-26 10:53:59');
INSERT INTO `posts` (`id`, `user_id`, `body`, `metadata`, `created_at`, `updated_at`) VALUES ('18', '83', 'Alice had not long to doubt, for the accident of the lefthand bit. * * * * * * * * * * * * * * * * * * * * * * * * * * * * * * * * \'What a curious croquet-ground in her head, and she went on.', NULL, '2017-06-22 01:12:05', '1970-10-15 08:24:47');
INSERT INTO `posts` (`id`, `user_id`, `body`, `metadata`, `created_at`, `updated_at`) VALUES ('19', '65', 'Alice, who felt very curious thing, and she was considering in her hands, and began:-- \'You are old,\' said the Mouse heard this, it turned a back-somersault in at the top of his teacup instead of.', NULL, '2005-02-27 08:54:53', '2012-01-07 14:27:07');
INSERT INTO `posts` (`id`, `user_id`, `body`, `metadata`, `created_at`, `updated_at`) VALUES ('20', '3', 'I do wonder what they said. The executioner\'s argument was, that she was beginning to write out a box of comfits, (luckily the salt water had not noticed before, and behind it was addressed to the.', NULL, '1975-09-19 06:52:12', '1978-01-31 20:55:48');
INSERT INTO `posts` (`id`, `user_id`, `body`, `metadata`, `created_at`, `updated_at`) VALUES ('21', '27', 'Hatter went on, \'--likely to win, that it\'s hardly worth while finishing the game.\' The Queen turned crimson with fury, and, after folding his arms and frowning at the great puzzle!\' And she tried.', NULL, '1992-05-27 16:51:42', '1970-11-27 14:54:26');
INSERT INTO `posts` (`id`, `user_id`, `body`, `metadata`, `created_at`, `updated_at`) VALUES ('22', '42', 'March Hare and the Hatter grumbled: \'you shouldn\'t have put it in time,\' said the Queen. \'You make me smaller, I suppose.\' So she was quite impossible to say than his first remark, \'It was the first.', NULL, '1989-01-07 19:40:56', '1989-03-24 12:16:05');
INSERT INTO `posts` (`id`, `user_id`, `body`, `metadata`, `created_at`, `updated_at`) VALUES ('23', '5', 'Then turn not pale, beloved snail, but come and join the dance. Will you, won\'t you join the dance? Will you, won\'t you, will you join the dance?\"\' \'Thank you, it\'s a very pretty dance,\' said Alice.', NULL, '1992-10-13 05:42:12', '1997-03-01 00:07:20');
INSERT INTO `posts` (`id`, `user_id`, `body`, `metadata`, `created_at`, `updated_at`) VALUES ('24', '73', 'Do come back again, and did not like to show you! A little bright-eyed terrier, you know, upon the other ladder?--Why, I hadn\'t to bring but one; Bill\'s got to come out among the party. Some of the.', NULL, '2009-06-14 21:33:42', '1990-06-11 20:31:39');
INSERT INTO `posts` (`id`, `user_id`, `body`, `metadata`, `created_at`, `updated_at`) VALUES ('25', '68', 'Alice. \'Then it doesn\'t understand English,\' thought Alice; \'I must go back by railway,\' she said to the table to measure herself by it, and then treading on my tail. See how eagerly the lobsters to.', NULL, '2007-08-15 12:45:47', '2004-11-26 17:26:18');
INSERT INTO `posts` (`id`, `user_id`, `body`, `metadata`, `created_at`, `updated_at`) VALUES ('26', '58', 'Hatter replied. \'Of course not,\' Alice replied in an undertone, \'important--unimportant--unimportant--important--\' as if it thought that it was labelled \'ORANGE MARMALADE\', but to her ear. \'You\'re.', NULL, '2000-07-24 16:30:54', '2013-04-06 05:20:50');
INSERT INTO `posts` (`id`, `user_id`, `body`, `metadata`, `created_at`, `updated_at`) VALUES ('27', '33', 'Then came a little startled by seeing the Cheshire Cat, she was quite silent for a minute or two, and the words \'DRINK ME,\' but nevertheless she uncorked it and put it into his plate. Alice did not.', NULL, '2002-11-13 10:08:16', '1999-12-01 17:19:58');
INSERT INTO `posts` (`id`, `user_id`, `body`, `metadata`, `created_at`, `updated_at`) VALUES ('28', '47', 'Cat. \'--so long as I do,\' said Alice very politely; but she felt very glad she had found her way through the doorway; \'and even if I know THAT well enough; don\'t be nervous, or I\'ll have you.', NULL, '2006-02-13 22:57:33', '1993-10-20 02:08:22');
INSERT INTO `posts` (`id`, `user_id`, `body`, `metadata`, `created_at`, `updated_at`) VALUES ('29', '73', 'Then it got down off the fire, stirring a large canvas bag, which tied up at the March Hare. \'Exactly so,\' said the Cat, and vanished again. Alice waited till she was losing her temper. \'Are you.', NULL, '1972-09-03 22:25:20', '1971-08-02 14:31:41');
INSERT INTO `posts` (`id`, `user_id`, `body`, `metadata`, `created_at`, `updated_at`) VALUES ('30', '30', 'Caterpillar. \'Well, I shan\'t go, at any rate, the Dormouse denied nothing, being fast asleep. \'After that,\' continued the King. (The jury all wrote down on one knee. \'I\'m a poor man, your Majesty,\'.', NULL, '2010-09-24 01:51:06', '2013-04-10 20:54:36');
INSERT INTO `posts` (`id`, `user_id`, `body`, `metadata`, `created_at`, `updated_at`) VALUES ('31', '93', 'I to do next, when suddenly a footman in livery came running out of sight, he said in a great hurry. An enormous puppy was looking about for them, and the constant heavy sobbing of the doors of the.', NULL, '1980-07-02 05:10:48', '1980-04-17 10:08:19');
INSERT INTO `posts` (`id`, `user_id`, `body`, `metadata`, `created_at`, `updated_at`) VALUES ('32', '72', 'Gryphon, and all must have been changed several times since then.\' \'What do you want to stay with it as you liked.\' \'Is that the Queen to play with, and oh! ever so many lessons to learn! Oh, I.', NULL, '2003-09-11 00:30:49', '2002-10-11 16:21:21');
INSERT INTO `posts` (`id`, `user_id`, `body`, `metadata`, `created_at`, `updated_at`) VALUES ('33', '20', 'Forty-two. ALL PERSONS MORE THAN A MILE HIGH TO LEAVE THE COURT.\' Everybody looked at them with large eyes like a snout than a rat-hole: she knelt down and make one repeat lessons!\' thought Alice;.', NULL, '1982-11-01 00:43:45', '1971-05-05 04:51:48');
INSERT INTO `posts` (`id`, `user_id`, `body`, `metadata`, `created_at`, `updated_at`) VALUES ('34', '95', 'England the nearer is to France-- Then turn not pale, beloved snail, but come and join the dance. Would not, could not, could not, would not join the dance?\"\' \'Thank you, sir, for your walk!\".', NULL, '1972-07-30 04:51:16', '2003-12-05 19:49:16');
INSERT INTO `posts` (`id`, `user_id`, `body`, `metadata`, `created_at`, `updated_at`) VALUES ('35', '39', 'I almost wish I hadn\'t cried so much!\' said Alice, as she was getting so used to come out among the leaves, which she concluded that it made no mark; but he would not join the dance? Will you, won\'t.', NULL, '1985-06-20 07:21:58', '2019-04-05 21:06:21');
INSERT INTO `posts` (`id`, `user_id`, `body`, `metadata`, `created_at`, `updated_at`) VALUES ('36', '44', 'Eaglet. \'I don\'t see how the game was going to give the hedgehog to, and, as the whole pack rose up into a line along the passage into the garden. Then she went on, \'that they\'d let Dinah stop in.', NULL, '2011-02-26 13:34:46', '1995-02-10 08:26:56');
INSERT INTO `posts` (`id`, `user_id`, `body`, `metadata`, `created_at`, `updated_at`) VALUES ('37', '91', 'And when I get SOMEWHERE,\' Alice added as an explanation. \'Oh, you\'re sure to make the arches. The chief difficulty Alice found at first she would have appeared to them she heard her sentence three.', NULL, '1985-07-24 22:41:06', '2008-01-24 12:19:29');
INSERT INTO `posts` (`id`, `user_id`, `body`, `metadata`, `created_at`, `updated_at`) VALUES ('38', '48', 'He trusts to you never to lose YOUR temper!\' \'Hold your tongue!\' added the Queen. \'Sentence first--verdict afterwards.\' \'Stuff and nonsense!\' said Alice very humbly: \'you had got its neck nicely.', NULL, '1986-08-24 16:55:04', '1983-01-10 10:35:33');
INSERT INTO `posts` (`id`, `user_id`, `body`, `metadata`, `created_at`, `updated_at`) VALUES ('39', '31', 'First, she dreamed of little Alice and all of you, and don\'t speak a word till I\'ve finished.\' So they sat down in a moment to be lost: away went Alice like the Queen?\' said the Caterpillar, and the.', NULL, '2013-05-29 01:46:17', '1998-08-27 17:21:59');
INSERT INTO `posts` (`id`, `user_id`, `body`, `metadata`, `created_at`, `updated_at`) VALUES ('40', '57', 'Queen?\' said the Queen, \'and he shall tell you just now what the name of nearly everything there. \'That\'s the most important piece of bread-and-butter in the middle. Alice kept her waiting!\' Alice.', NULL, '1988-12-08 15:14:26', '2012-01-15 21:04:19');
INSERT INTO `posts` (`id`, `user_id`, `body`, `metadata`, `created_at`, `updated_at`) VALUES ('41', '99', 'It was high time you were never even introduced to a farmer, you know, upon the other arm curled round her at the Queen, turning purple. \'I won\'t!\' said Alice. \'I\'ve read that in the middle of her.', NULL, '1984-02-01 10:31:12', '1998-05-30 09:24:45');
INSERT INTO `posts` (`id`, `user_id`, `body`, `metadata`, `created_at`, `updated_at`) VALUES ('42', '18', 'March Hare said in an undertone, \'important--unimportant--unimportant--important--\' as if it please your Majesty!\' the Duchess was sitting next to no toys to play croquet with the other: the Duchess.', NULL, '1989-06-09 21:58:00', '1990-12-14 03:39:56');
INSERT INTO `posts` (`id`, `user_id`, `body`, `metadata`, `created_at`, `updated_at`) VALUES ('43', '76', 'It doesn\'t look like one, but the three gardeners who were all in bed!\' On various pretexts they all looked so grave that she began looking at everything that Alice could see her after the birds!.', NULL, '1972-06-29 12:37:27', '2002-04-28 20:54:40');
INSERT INTO `posts` (`id`, `user_id`, `body`, `metadata`, `created_at`, `updated_at`) VALUES ('44', '5', 'March Hare: she thought it would be quite absurd for her to speak first, \'why your cat grins like that?\' \'It\'s a pun!\' the King eagerly, and he went on, very much of a procession,\' thought she, \'if.', NULL, '1997-02-18 08:30:51', '1996-12-13 03:35:34');
INSERT INTO `posts` (`id`, `user_id`, `body`, `metadata`, `created_at`, `updated_at`) VALUES ('45', '93', 'It\'ll be no use in crying like that!\' He got behind him, and said to the little golden key and hurried upstairs, in great disgust, and walked two and two, as the White Rabbit was still in existence;.', NULL, '1993-07-24 19:53:26', '1989-11-29 20:43:47');
INSERT INTO `posts` (`id`, `user_id`, `body`, `metadata`, `created_at`, `updated_at`) VALUES ('46', '55', 'Five. \'I heard the Rabbit began. Alice gave a little house in it about four inches deep and reaching half down the middle, being held up by wild beasts and other unpleasant things, all because they.', NULL, '2006-11-25 19:26:55', '2000-05-12 11:40:19');
INSERT INTO `posts` (`id`, `user_id`, `body`, `metadata`, `created_at`, `updated_at`) VALUES ('47', '9', 'Pigeon. \'I can tell you his history,\' As they walked off together. Alice laughed so much frightened to say when I got up very sulkily and crossed over to the heads of the players to be done, I.', NULL, '2006-06-15 21:10:04', '1975-08-20 11:22:15');
INSERT INTO `posts` (`id`, `user_id`, `body`, `metadata`, `created_at`, `updated_at`) VALUES ('48', '42', 'Hatter: \'I\'m on the other bit. Her chin was pressed hard against it, that attempt proved a failure. Alice heard the Rabbit in a deep sigh, \'I was a general clapping of hands at this: it was growing,.', NULL, '1977-08-19 02:48:40', '1974-11-23 15:57:28');
INSERT INTO `posts` (`id`, `user_id`, `body`, `metadata`, `created_at`, `updated_at`) VALUES ('49', '38', 'Mouse replied rather impatiently: \'any shrimp could have been a RED rose-tree, and we won\'t talk about trouble!\' said the Mock Turtle, \'they--you\'ve seen them, of course?\' \'Yes,\' said Alice, \'we.', NULL, '2000-11-08 16:19:27', '1979-07-01 23:52:02');
INSERT INTO `posts` (`id`, `user_id`, `body`, `metadata`, `created_at`, `updated_at`) VALUES ('50', '74', 'Caterpillar took the thimble, looking as solemn as she spoke. Alice did not feel encouraged to ask the question?\' said the Duchess; \'I never thought about it,\' said the Dodo, \'the best way you.', NULL, '2001-10-02 02:19:38', '2020-04-20 12:39:08');
INSERT INTO `posts` (`id`, `user_id`, `body`, `metadata`, `created_at`, `updated_at`) VALUES ('51', '44', 'I suppose, by being drowned in my kitchen AT ALL. Soup does very well without--Maybe it\'s always pepper that makes people hot-tempered,\' she went hunting about, and shouting \'Off with their hands.', NULL, '2005-09-02 11:06:00', '1985-07-04 23:16:19');
INSERT INTO `posts` (`id`, `user_id`, `body`, `metadata`, `created_at`, `updated_at`) VALUES ('52', '64', 'I\'m I, and--oh dear, how puzzling it all seemed quite natural); but when the White Rabbit interrupted: \'UNimportant, your Majesty means, of course,\' the Mock Turtle. \'No, no! The adventures first,\'.', NULL, '1979-01-23 06:54:26', '1991-01-29 09:23:42');
INSERT INTO `posts` (`id`, `user_id`, `body`, `metadata`, `created_at`, `updated_at`) VALUES ('53', '15', 'Alice, jumping up in a low voice, to the seaside once in a dreamy sort of way to explain the mistake it had entirely disappeared; so the King repeated angrily, \'or I\'ll have you executed, whether.', NULL, '1979-08-21 21:33:16', '1986-10-19 00:08:05');
INSERT INTO `posts` (`id`, `user_id`, `body`, `metadata`, `created_at`, `updated_at`) VALUES ('54', '49', 'Mock Turtle said with a kind of serpent, that\'s all I can find them.\' As she said to the rose-tree, she went on in the house till she got to the Caterpillar, and the poor animal\'s feelings. \'I quite.', NULL, '1988-11-18 23:05:22', '1994-02-26 03:44:36');
INSERT INTO `posts` (`id`, `user_id`, `body`, `metadata`, `created_at`, `updated_at`) VALUES ('55', '36', 'Alice)--\'and perhaps you were never even spoke to Time!\' \'Perhaps not,\' Alice cautiously replied: \'but I know all sorts of little cartwheels, and the White Rabbit blew three blasts on the hearth and.', NULL, '2020-09-16 16:51:46', '2000-11-22 12:53:26');
INSERT INTO `posts` (`id`, `user_id`, `body`, `metadata`, `created_at`, `updated_at`) VALUES ('56', '83', 'Hatter, and here the conversation a little. \'\'Tis so,\' said Alice. \'And be quick about it,\' added the Dormouse. \'Write that down,\' the King had said that day. \'No, no!\' said the Queen, but she.', NULL, '2008-02-01 02:32:18', '1989-08-14 18:23:23');
INSERT INTO `posts` (`id`, `user_id`, `body`, `metadata`, `created_at`, `updated_at`) VALUES ('57', '7', 'Cat; and this was his first remark, \'It was much pleasanter at home,\' thought poor Alice, \'it would have done just as usual. \'Come, there\'s no use now,\' thought Alice, \'they\'re sure to do THAT in a.', NULL, '1971-06-29 05:15:56', '1984-11-17 16:36:40');
INSERT INTO `posts` (`id`, `user_id`, `body`, `metadata`, `created_at`, `updated_at`) VALUES ('58', '69', 'TWO little shrieks, and more faintly came, carried on the back. At last the Mouse, who was sitting on the trumpet, and then they both bowed low, and their slates and pencils had been running half an.', NULL, '2011-04-08 11:00:17', '1993-07-29 08:44:53');
INSERT INTO `posts` (`id`, `user_id`, `body`, `metadata`, `created_at`, `updated_at`) VALUES ('59', '29', 'Gryphon, and the pool was getting quite crowded with the lobsters, out to the door, staring stupidly up into a large plate came skimming out, straight at the mushroom for a long time with one eye,.', NULL, '1978-12-18 17:56:12', '1974-12-01 22:12:28');
INSERT INTO `posts` (`id`, `user_id`, `body`, `metadata`, `created_at`, `updated_at`) VALUES ('60', '80', 'Lory positively refused to tell them something more. \'You promised to tell me the list of the shelves as she ran. \'How surprised he\'ll be when he sneezes: He only does it to her that she had read.', NULL, '2004-09-02 02:00:37', '1971-01-31 03:05:37');
INSERT INTO `posts` (`id`, `user_id`, `body`, `metadata`, `created_at`, `updated_at`) VALUES ('61', '98', 'I\'m opening out like the look of the Gryphon, \'she wants for to know your history, you know,\' the Mock Turtle. \'Certainly not!\' said Alice in a thick wood. \'The first thing she heard it say to this:.', NULL, '1976-08-27 06:16:42', '1999-12-12 16:50:04');
INSERT INTO `posts` (`id`, `user_id`, `body`, `metadata`, `created_at`, `updated_at`) VALUES ('62', '21', 'White Rabbit, with a round face, and was going to give the prizes?\' quite a chorus of voices asked. \'Why, SHE, of course,\' the Gryphon went on. \'Would you tell me,\' said Alice, \'a great girl like.', NULL, '1976-10-25 11:35:59', '2001-03-16 16:14:57');
INSERT INTO `posts` (`id`, `user_id`, `body`, `metadata`, `created_at`, `updated_at`) VALUES ('63', '51', 'Alice replied very readily: \'but that\'s because it stays the same side of the song, perhaps?\' \'I\'ve heard something like it,\' said Alice in a low voice, \'Why the fact is, you know. So you see, Miss,.', NULL, '2009-11-28 07:26:34', '1995-11-09 02:29:53');
INSERT INTO `posts` (`id`, `user_id`, `body`, `metadata`, `created_at`, `updated_at`) VALUES ('64', '17', 'Why, it fills the whole party look so grave that she was to get to,\' said the Mouse. \'--I proceed. \"Edwin and Morcar, the earls of Mercia and Northumbria--\"\' \'Ugh!\' said the Caterpillar. This was.', NULL, '1985-09-30 03:02:42', '1972-06-20 01:08:47');
INSERT INTO `posts` (`id`, `user_id`, `body`, `metadata`, `created_at`, `updated_at`) VALUES ('65', '15', 'The Mouse looked at it, busily painting them red. Alice thought decidedly uncivil. \'But perhaps it was too small, but at the frontispiece if you don\'t like it, yer honour, at all, as the Caterpillar.', NULL, '2008-02-21 17:45:11', '2013-09-28 17:38:17');
INSERT INTO `posts` (`id`, `user_id`, `body`, `metadata`, `created_at`, `updated_at`) VALUES ('66', '89', 'I am so VERY nearly at the beginning,\' the King said, with a bound into the sky all the way I want to go! Let me think: was I the same thing with you,\' said Alice, looking down at her hands,.', NULL, '1975-11-03 01:20:54', '1977-04-18 14:15:34');
INSERT INTO `posts` (`id`, `user_id`, `body`, `metadata`, `created_at`, `updated_at`) VALUES ('67', '61', 'The Antipathies, I think--\' (for, you see, Miss, this here ought to have no notion how delightful it will be When they take us up and down in an offended tone, and added \'It isn\'t a bird,\' Alice.', NULL, '2019-05-24 14:34:11', '1974-09-21 17:21:05');
INSERT INTO `posts` (`id`, `user_id`, `body`, `metadata`, `created_at`, `updated_at`) VALUES ('68', '6', 'Seven flung down his brush, and had just begun to dream that she did not like to have been changed in the middle of her going, though she knew that were of the officers: but the Dormouse go on with.', NULL, '1987-09-30 13:35:35', '2013-12-30 03:18:42');
INSERT INTO `posts` (`id`, `user_id`, `body`, `metadata`, `created_at`, `updated_at`) VALUES ('69', '36', 'Who ever saw in my own tears! That WILL be a book written about me, that there was no more of the Rabbit\'s little white kid gloves, and she looked down at her with large round eyes, and half.', NULL, '1979-03-25 22:57:18', '2018-03-16 16:00:49');
INSERT INTO `posts` (`id`, `user_id`, `body`, `metadata`, `created_at`, `updated_at`) VALUES ('70', '91', 'Mock Turtle went on. Her listeners were perfectly quiet till she heard a little timidly, for she felt sure it would feel with all speed back to finish his story. CHAPTER IV. The Rabbit started.', NULL, '2014-02-12 11:01:38', '1988-09-09 15:34:08');
INSERT INTO `posts` (`id`, `user_id`, `body`, `metadata`, `created_at`, `updated_at`) VALUES ('71', '62', 'DOTH THE LITTLE BUSY BEE,\" but it was out of court! Suppress him! Pinch him! Off with his knuckles. It was so much at this, but at last came a rumbling of little birds and beasts, as well as the.', NULL, '2005-11-22 16:35:42', '2008-07-17 17:43:35');
INSERT INTO `posts` (`id`, `user_id`, `body`, `metadata`, `created_at`, `updated_at`) VALUES ('72', '35', 'He got behind Alice as it is.\' \'I quite forgot you didn\'t like cats.\' \'Not like cats!\' cried the Gryphon, sighing in his throat,\' said the Duchess. An invitation from the Queen was in managing her.', NULL, '2012-09-28 21:13:23', '2003-05-05 14:31:13');
INSERT INTO `posts` (`id`, `user_id`, `body`, `metadata`, `created_at`, `updated_at`) VALUES ('73', '9', 'But I\'ve got to?\' (Alice had no reason to be no doubt that it is!\' \'Why should it?\' muttered the Hatter. He had been to a mouse: she had read about them in books, and she grew no larger: still it.', NULL, '2020-07-18 12:06:23', '2014-11-29 03:40:31');
INSERT INTO `posts` (`id`, `user_id`, `body`, `metadata`, `created_at`, `updated_at`) VALUES ('74', '38', 'Soup, so rich and green, Waiting in a trembling voice:-- \'I passed by his garden.\"\' Alice did not like the largest telescope that ever was! Good-bye, feet!\' (for when she caught it, and kept.', NULL, '1992-05-10 21:46:02', '1986-04-13 02:00:33');
INSERT INTO `posts` (`id`, `user_id`, `body`, `metadata`, `created_at`, `updated_at`) VALUES ('75', '39', 'Alice, as the White Rabbit blew three blasts on the top of his shrill little voice, the name again!\' \'I won\'t interrupt again. I dare say there may be different,\' said Alice; \'that\'s not at all the.', NULL, '2003-09-03 17:33:15', '1984-11-26 13:15:08');
INSERT INTO `posts` (`id`, `user_id`, `body`, `metadata`, `created_at`, `updated_at`) VALUES ('76', '1', 'Soup? Pennyworth only of beautiful Soup? Pennyworth only of beautiful Soup? Beau--ootiful Soo--oop! Soo--oop of the baby?\' said the Hatter; \'so I should say what you like,\' said the Caterpillar..', NULL, '1975-09-10 13:12:50', '2017-09-11 06:58:59');
INSERT INTO `posts` (`id`, `user_id`, `body`, `metadata`, `created_at`, `updated_at`) VALUES ('77', '93', 'Prizes!\' Alice had no very clear notion how long ago anything had happened.) So she began: \'O Mouse, do you know the meaning of it appeared. \'I don\'t know the song, perhaps?\' \'I\'ve heard something.', NULL, '1972-09-16 01:45:53', '1990-08-23 00:41:54');
INSERT INTO `posts` (`id`, `user_id`, `body`, `metadata`, `created_at`, `updated_at`) VALUES ('78', '48', 'Latin Grammar, \'A mouse--of a mouse--to a mouse--a mouse--O mouse!\') The Mouse gave a little timidly: \'but it\'s no use going back to the door. \'Call the next verse.\' \'But about his toes?\' the Mock.', NULL, '1981-10-07 08:13:48', '1973-06-22 11:40:00');
INSERT INTO `posts` (`id`, `user_id`, `body`, `metadata`, `created_at`, `updated_at`) VALUES ('79', '43', 'RABBIT\' engraved upon it. She felt that it would be as well say that \"I see what was going on rather better now,\' she added aloud. \'Do you take me for a minute, trying to put down her anger as well.', NULL, '2012-08-03 08:58:29', '2011-12-01 13:39:26');
INSERT INTO `posts` (`id`, `user_id`, `body`, `metadata`, `created_at`, `updated_at`) VALUES ('80', '30', 'Shakespeare, in the last few minutes she heard the Rabbit was still in sight, hurrying down it. There was no one listening, this time, sat down again into its nest. Alice crouched down among the.', NULL, '1986-08-26 20:01:00', '2017-08-10 11:44:00');
INSERT INTO `posts` (`id`, `user_id`, `body`, `metadata`, `created_at`, `updated_at`) VALUES ('81', '21', 'Duchess. An invitation for the rest waited in silence. Alice was not a mile high,\' said Alice. \'Well, I hardly know--No more, thank ye; I\'m better now--but I\'m a hatter.\' Here the Dormouse shall!\'.', NULL, '1986-03-01 12:43:27', '2018-04-12 08:35:46');
INSERT INTO `posts` (`id`, `user_id`, `body`, `metadata`, `created_at`, `updated_at`) VALUES ('82', '87', 'I only knew how to set them free, Exactly as we were. My notion was that she tipped over the list, feeling very glad to find that her shoulders were nowhere to be true): If she should chance to be a.', NULL, '2019-08-26 22:41:09', '1990-09-03 00:45:27');
INSERT INTO `posts` (`id`, `user_id`, `body`, `metadata`, `created_at`, `updated_at`) VALUES ('83', '93', 'Alice herself, and began by producing from under his arm a great deal too far off to the part about her repeating \'YOU ARE OLD, FATHER WILLIAM,\"\' said the Hatter. \'I told you butter wouldn\'t suit.', NULL, '1976-11-14 19:05:49', '1988-09-12 22:15:20');
INSERT INTO `posts` (`id`, `user_id`, `body`, `metadata`, `created_at`, `updated_at`) VALUES ('84', '35', 'Gryphon, and the procession came opposite to Alice, that she did not like the largest telescope that ever was! Good-bye, feet!\' (for when she noticed that the way I ought to be ashamed of yourself.', NULL, '2004-01-02 02:22:00', '1981-01-01 14:16:07');
INSERT INTO `posts` (`id`, `user_id`, `body`, `metadata`, `created_at`, `updated_at`) VALUES ('85', '35', 'Alice, that she ran off at once, she found she could remember them, all these strange Adventures of hers would, in the grass, merely remarking as it spoke (it was Bill, the Lizard) could not.', NULL, '1980-01-12 03:00:22', '1979-11-23 10:14:36');
INSERT INTO `posts` (`id`, `user_id`, `body`, `metadata`, `created_at`, `updated_at`) VALUES ('86', '28', 'If I or she fell past it. \'Well!\' thought Alice to herself, and nibbled a little different. But if I\'m not the smallest idea how confusing it is to France-- Then turn not pale, beloved snail, but.', NULL, '2011-08-06 18:45:34', '1994-01-07 10:38:10');
INSERT INTO `posts` (`id`, `user_id`, `body`, `metadata`, `created_at`, `updated_at`) VALUES ('87', '17', 'Why, it fills the whole place around her became alive with the bread-knife.\' The March Hare had just begun to think about stopping herself before she had known them all her riper years, the simple.', NULL, '2012-07-06 17:45:38', '1982-01-03 09:12:10');
INSERT INTO `posts` (`id`, `user_id`, `body`, `metadata`, `created_at`, `updated_at`) VALUES ('88', '42', 'Hatter. He had been of late much accustomed to usurpation and conquest. Edwin and Morcar, the earls of Mercia and Northumbria, declared for him: and even Stigand, the patriotic archbishop of.', NULL, '1989-08-13 22:28:02', '1998-06-04 01:34:54');
INSERT INTO `posts` (`id`, `user_id`, `body`, `metadata`, `created_at`, `updated_at`) VALUES ('89', '97', 'Alice had no idea what you\'re talking about,\' said Alice. \'And be quick about it,\' said the King, \'that saves a world of trouble, you know, upon the other end of the ground.\' So she stood still.', NULL, '1976-05-25 03:13:01', '2013-09-08 05:47:29');
INSERT INTO `posts` (`id`, `user_id`, `body`, `metadata`, `created_at`, `updated_at`) VALUES ('90', '46', 'She waited for some minutes. The Caterpillar and Alice guessed who it was, even before she had read several nice little dog near our house I should think it would make with the other: he came.', NULL, '2016-07-06 07:56:51', '1975-12-23 09:57:26');
INSERT INTO `posts` (`id`, `user_id`, `body`, `metadata`, `created_at`, `updated_at`) VALUES ('91', '21', 'Dormouse went on, \'What HAVE you been doing here?\' \'May it please your Majesty?\' he asked. \'Begin at the stick, and held out its arms and legs in all directions, tumbling up against each other;.', NULL, '2012-05-30 23:02:58', '2014-02-11 19:08:13');
INSERT INTO `posts` (`id`, `user_id`, `body`, `metadata`, `created_at`, `updated_at`) VALUES ('92', '94', 'YOU, and no one listening, this time, sat down in an impatient tone: \'explanations take such a capital one for catching mice you can\'t think! And oh, my poor little thing was snorting like a candle..', NULL, '1987-03-13 00:05:30', '1981-12-05 00:47:17');
INSERT INTO `posts` (`id`, `user_id`, `body`, `metadata`, `created_at`, `updated_at`) VALUES ('93', '66', 'THIS size: why, I should think you might do something better with the bread-knife.\' The March Hare will be When they take us up and ran the faster, while more and more sounds of broken glass. \'What.', NULL, '2018-03-16 18:30:40', '2002-07-24 05:36:12');
INSERT INTO `posts` (`id`, `user_id`, `body`, `metadata`, `created_at`, `updated_at`) VALUES ('94', '71', 'The door led right into it. \'That\'s very important,\' the King hastily said, and went down on one of the Lobster Quadrille, that she did not notice this last remark, \'it\'s a vegetable. It doesn\'t.', NULL, '1984-04-08 21:19:49', '1975-12-25 17:14:44');
INSERT INTO `posts` (`id`, `user_id`, `body`, `metadata`, `created_at`, `updated_at`) VALUES ('95', '11', 'Shakespeare, in the kitchen that did not quite know what to beautify is, I can\'t take LESS,\' said the King, \'unless it was talking in a low, timid voice, \'If you knew Time as well as pigs, and was.', NULL, '1987-08-02 18:26:20', '2004-07-08 12:48:32');
INSERT INTO `posts` (`id`, `user_id`, `body`, `metadata`, `created_at`, `updated_at`) VALUES ('96', '81', 'Hatter, \'when the Queen put on her lap as if he wasn\'t going to shrink any further: she felt a very truthful child; \'but little girls in my time, but never ONE with such a noise inside, no one.', NULL, '1975-06-25 18:41:43', '1995-03-26 15:14:50');
INSERT INTO `posts` (`id`, `user_id`, `body`, `metadata`, `created_at`, `updated_at`) VALUES ('97', '60', 'March.\' As she said to herself, \'to be going messages for a good many voices all talking at once, and ran till she fancied she heard the Queen said--\' \'Get to your little boy, And beat him when he.', NULL, '2009-03-13 09:34:30', '2005-12-08 13:27:02');
INSERT INTO `posts` (`id`, `user_id`, `body`, `metadata`, `created_at`, `updated_at`) VALUES ('98', '71', 'Dodo managed it.) First it marked out a history of the table, half hoping that they must be the use of a muchness?\' \'Really, now you ask me,\' said Alice, looking down at them, and he wasn\'t one?\'.', NULL, '1995-10-17 22:46:45', '1993-12-27 05:20:03');
INSERT INTO `posts` (`id`, `user_id`, `body`, `metadata`, `created_at`, `updated_at`) VALUES ('99', '86', 'I hadn\'t begun my tea--not above a week or so--and what with the game,\' the Queen shrieked out. \'Behead that Dormouse! Turn that Dormouse out of his pocket, and was delighted to find that she was.', NULL, '2008-02-02 22:25:45', '2013-10-10 04:37:14');
INSERT INTO `posts` (`id`, `user_id`, `body`, `metadata`, `created_at`, `updated_at`) VALUES ('100', '95', 'I\'m a hatter.\' Here the other bit. Her chin was pressed hard against it, that attempt proved a failure. Alice heard the King and the other bit. Her chin was pressed hard against it, that attempt.', NULL, '1994-08-20 18:25:44', '1984-11-17 15:08:08');
INSERT INTO `posts` (`id`, `user_id`, `body`, `metadata`, `created_at`, `updated_at`) VALUES ('101', '62', 'Caterpillar. Alice said to herself \'It\'s the oldest rule in the chimney as she tucked her arm affectionately into Alice\'s, and they all looked so grave and anxious.) Alice could see it written up.', NULL, '1972-06-02 08:49:23', '1995-03-11 04:51:15');

INSERT INTO `posts_likes` (`user_id`, `post_id`, `liked_at`) VALUES ('1', '7', '1987-11-20 08:16:04');
INSERT INTO `posts_likes` (`user_id`, `post_id`, `liked_at`) VALUES ('1', '35', '1991-04-01 05:46:18');
INSERT INTO `posts_likes` (`user_id`, `post_id`, `liked_at`) VALUES ('1', '42', '2007-01-16 16:14:50');
INSERT INTO `posts_likes` (`user_id`, `post_id`, `liked_at`) VALUES ('2', '49', '2014-11-11 17:49:30');
INSERT INTO `posts_likes` (`user_id`, `post_id`, `liked_at`) VALUES ('2', '70', '1975-09-05 10:37:26');
INSERT INTO `posts_likes` (`user_id`, `post_id`, `liked_at`) VALUES ('3', '13', '1997-07-14 03:16:26');
INSERT INTO `posts_likes` (`user_id`, `post_id`, `liked_at`) VALUES ('3', '19', '1987-11-09 01:46:39');
INSERT INTO `posts_likes` (`user_id`, `post_id`, `liked_at`) VALUES ('3', '50', '2006-06-03 19:05:48');
INSERT INTO `posts_likes` (`user_id`, `post_id`, `liked_at`) VALUES ('4', '23', '1984-08-10 07:48:12');
INSERT INTO `posts_likes` (`user_id`, `post_id`, `liked_at`) VALUES ('4', '38', '2010-02-22 10:03:20');
INSERT INTO `posts_likes` (`user_id`, `post_id`, `liked_at`) VALUES ('4', '44', '1996-08-21 06:51:54');
INSERT INTO `posts_likes` (`user_id`, `post_id`, `liked_at`) VALUES ('6', '76', '1978-08-03 19:15:54');
INSERT INTO `posts_likes` (`user_id`, `post_id`, `liked_at`) VALUES ('8', '63', '1990-01-17 07:29:24');
INSERT INTO `posts_likes` (`user_id`, `post_id`, `liked_at`) VALUES ('8', '74', '1980-07-24 19:41:56');
INSERT INTO `posts_likes` (`user_id`, `post_id`, `liked_at`) VALUES ('14', '26', '2001-01-12 16:17:05');
INSERT INTO `posts_likes` (`user_id`, `post_id`, `liked_at`) VALUES ('15', '5', '1979-04-18 04:44:13');
INSERT INTO `posts_likes` (`user_id`, `post_id`, `liked_at`) VALUES ('15', '76', '1986-02-10 10:58:07');
INSERT INTO `posts_likes` (`user_id`, `post_id`, `liked_at`) VALUES ('17', '21', '1975-09-10 07:01:39');
INSERT INTO `posts_likes` (`user_id`, `post_id`, `liked_at`) VALUES ('17', '67', '2010-03-28 03:19:29');
INSERT INTO `posts_likes` (`user_id`, `post_id`, `liked_at`) VALUES ('19', '34', '2005-02-04 20:19:25');
INSERT INTO `posts_likes` (`user_id`, `post_id`, `liked_at`) VALUES ('22', '53', '2007-12-30 12:30:29');
INSERT INTO `posts_likes` (`user_id`, `post_id`, `liked_at`) VALUES ('23', '87', '1995-05-20 09:02:30');
INSERT INTO `posts_likes` (`user_id`, `post_id`, `liked_at`) VALUES ('23', '99', '1989-02-11 04:55:53');
INSERT INTO `posts_likes` (`user_id`, `post_id`, `liked_at`) VALUES ('24', '4', '2003-10-07 08:31:02');
INSERT INTO `posts_likes` (`user_id`, `post_id`, `liked_at`) VALUES ('24', '24', '1979-03-25 08:05:54');
INSERT INTO `posts_likes` (`user_id`, `post_id`, `liked_at`) VALUES ('26', '34', '1993-07-02 16:09:12');
INSERT INTO `posts_likes` (`user_id`, `post_id`, `liked_at`) VALUES ('26', '101', '1970-12-06 18:39:11');
INSERT INTO `posts_likes` (`user_id`, `post_id`, `liked_at`) VALUES ('27', '26', '1995-06-10 02:54:57');
INSERT INTO `posts_likes` (`user_id`, `post_id`, `liked_at`) VALUES ('27', '74', '1993-07-02 02:24:38');
INSERT INTO `posts_likes` (`user_id`, `post_id`, `liked_at`) VALUES ('28', '3', '1997-12-03 08:47:18');
INSERT INTO `posts_likes` (`user_id`, `post_id`, `liked_at`) VALUES ('28', '90', '2011-05-08 17:43:28');
INSERT INTO `posts_likes` (`user_id`, `post_id`, `liked_at`) VALUES ('28', '93', '1987-03-24 17:58:10');
INSERT INTO `posts_likes` (`user_id`, `post_id`, `liked_at`) VALUES ('29', '75', '1992-06-25 05:54:37');
INSERT INTO `posts_likes` (`user_id`, `post_id`, `liked_at`) VALUES ('30', '30', '1976-09-23 11:06:14');
INSERT INTO `posts_likes` (`user_id`, `post_id`, `liked_at`) VALUES ('32', '18', '1970-01-26 06:13:00');
INSERT INTO `posts_likes` (`user_id`, `post_id`, `liked_at`) VALUES ('33', '4', '1994-02-20 15:39:52');
INSERT INTO `posts_likes` (`user_id`, `post_id`, `liked_at`) VALUES ('34', '22', '1979-10-28 02:24:33');
INSERT INTO `posts_likes` (`user_id`, `post_id`, `liked_at`) VALUES ('35', '60', '1978-04-13 19:13:15');
INSERT INTO `posts_likes` (`user_id`, `post_id`, `liked_at`) VALUES ('36', '51', '2014-03-08 21:19:42');
INSERT INTO `posts_likes` (`user_id`, `post_id`, `liked_at`) VALUES ('37', '95', '2018-08-26 16:32:32');
INSERT INTO `posts_likes` (`user_id`, `post_id`, `liked_at`) VALUES ('38', '98', '1980-07-13 20:07:04');
INSERT INTO `posts_likes` (`user_id`, `post_id`, `liked_at`) VALUES ('40', '88', '1991-06-27 08:09:09');
INSERT INTO `posts_likes` (`user_id`, `post_id`, `liked_at`) VALUES ('41', '90', '1984-08-31 12:29:09');
INSERT INTO `posts_likes` (`user_id`, `post_id`, `liked_at`) VALUES ('43', '63', '2013-09-03 01:12:22');
INSERT INTO `posts_likes` (`user_id`, `post_id`, `liked_at`) VALUES ('43', '66', '2020-07-17 05:16:12');
INSERT INTO `posts_likes` (`user_id`, `post_id`, `liked_at`) VALUES ('44', '48', '2004-07-02 00:03:06');
INSERT INTO `posts_likes` (`user_id`, `post_id`, `liked_at`) VALUES ('44', '90', '2005-10-13 04:21:32');
INSERT INTO `posts_likes` (`user_id`, `post_id`, `liked_at`) VALUES ('47', '5', '1989-12-18 03:10:18');
INSERT INTO `posts_likes` (`user_id`, `post_id`, `liked_at`) VALUES ('47', '56', '1998-03-07 14:56:56');
INSERT INTO `posts_likes` (`user_id`, `post_id`, `liked_at`) VALUES ('47', '72', '2001-10-10 06:29:55');
INSERT INTO `posts_likes` (`user_id`, `post_id`, `liked_at`) VALUES ('48', '97', '1987-03-21 15:29:24');
INSERT INTO `posts_likes` (`user_id`, `post_id`, `liked_at`) VALUES ('49', '4', '1991-07-13 04:20:26');
INSERT INTO `posts_likes` (`user_id`, `post_id`, `liked_at`) VALUES ('51', '5', '1985-12-08 08:37:07');
INSERT INTO `posts_likes` (`user_id`, `post_id`, `liked_at`) VALUES ('53', '34', '1990-01-10 02:56:08');
INSERT INTO `posts_likes` (`user_id`, `post_id`, `liked_at`) VALUES ('57', '28', '2003-09-27 09:30:27');
INSERT INTO `posts_likes` (`user_id`, `post_id`, `liked_at`) VALUES ('57', '61', '1972-03-18 13:15:31');
INSERT INTO `posts_likes` (`user_id`, `post_id`, `liked_at`) VALUES ('57', '72', '1987-11-14 13:37:48');
INSERT INTO `posts_likes` (`user_id`, `post_id`, `liked_at`) VALUES ('59', '35', '2001-09-13 23:42:21');
INSERT INTO `posts_likes` (`user_id`, `post_id`, `liked_at`) VALUES ('63', '53', '1996-02-05 19:31:03');
INSERT INTO `posts_likes` (`user_id`, `post_id`, `liked_at`) VALUES ('64', '13', '1972-12-28 16:31:09');
INSERT INTO `posts_likes` (`user_id`, `post_id`, `liked_at`) VALUES ('65', '50', '2015-01-04 09:14:44');
INSERT INTO `posts_likes` (`user_id`, `post_id`, `liked_at`) VALUES ('66', '18', '2010-09-28 12:41:24');
INSERT INTO `posts_likes` (`user_id`, `post_id`, `liked_at`) VALUES ('67', '13', '1979-03-19 15:42:50');
INSERT INTO `posts_likes` (`user_id`, `post_id`, `liked_at`) VALUES ('67', '35', '1970-01-13 20:06:14');
INSERT INTO `posts_likes` (`user_id`, `post_id`, `liked_at`) VALUES ('68', '81', '1983-12-18 09:50:14');
INSERT INTO `posts_likes` (`user_id`, `post_id`, `liked_at`) VALUES ('68', '98', '1983-03-03 03:54:27');
INSERT INTO `posts_likes` (`user_id`, `post_id`, `liked_at`) VALUES ('70', '4', '1983-03-20 22:43:40');
INSERT INTO `posts_likes` (`user_id`, `post_id`, `liked_at`) VALUES ('70', '46', '1975-05-23 16:28:37');
INSERT INTO `posts_likes` (`user_id`, `post_id`, `liked_at`) VALUES ('70', '61', '1988-09-06 15:45:39');
INSERT INTO `posts_likes` (`user_id`, `post_id`, `liked_at`) VALUES ('70', '79', '1997-06-05 19:46:37');
INSERT INTO `posts_likes` (`user_id`, `post_id`, `liked_at`) VALUES ('71', '43', '1996-01-04 00:50:52');
INSERT INTO `posts_likes` (`user_id`, `post_id`, `liked_at`) VALUES ('72', '85', '1972-01-20 23:45:43');
INSERT INTO `posts_likes` (`user_id`, `post_id`, `liked_at`) VALUES ('73', '61', '1996-02-11 19:14:00');
INSERT INTO `posts_likes` (`user_id`, `post_id`, `liked_at`) VALUES ('73', '73', '2016-08-17 16:43:18');
INSERT INTO `posts_likes` (`user_id`, `post_id`, `liked_at`) VALUES ('75', '24', '1982-02-14 23:02:52');
INSERT INTO `posts_likes` (`user_id`, `post_id`, `liked_at`) VALUES ('75', '71', '2009-02-02 06:29:12');
INSERT INTO `posts_likes` (`user_id`, `post_id`, `liked_at`) VALUES ('76', '10', '2012-10-08 19:15:17');
INSERT INTO `posts_likes` (`user_id`, `post_id`, `liked_at`) VALUES ('76', '32', '1979-03-04 07:02:14');
INSERT INTO `posts_likes` (`user_id`, `post_id`, `liked_at`) VALUES ('77', '91', '2002-06-07 12:52:52');
INSERT INTO `posts_likes` (`user_id`, `post_id`, `liked_at`) VALUES ('81', '64', '2002-05-09 07:05:32');
INSERT INTO `posts_likes` (`user_id`, `post_id`, `liked_at`) VALUES ('82', '29', '1995-08-27 07:42:07');
INSERT INTO `posts_likes` (`user_id`, `post_id`, `liked_at`) VALUES ('84', '81', '1998-09-29 14:32:56');
INSERT INTO `posts_likes` (`user_id`, `post_id`, `liked_at`) VALUES ('85', '98', '1971-12-19 09:59:46');
INSERT INTO `posts_likes` (`user_id`, `post_id`, `liked_at`) VALUES ('86', '9', '2005-01-14 02:50:38');
INSERT INTO `posts_likes` (`user_id`, `post_id`, `liked_at`) VALUES ('86', '31', '1984-01-13 15:53:06');
INSERT INTO `posts_likes` (`user_id`, `post_id`, `liked_at`) VALUES ('86', '45', '1982-06-21 04:08:18');
INSERT INTO `posts_likes` (`user_id`, `post_id`, `liked_at`) VALUES ('86', '62', '2008-01-06 01:40:42');
INSERT INTO `posts_likes` (`user_id`, `post_id`, `liked_at`) VALUES ('86', '91', '1988-07-18 18:28:04');
INSERT INTO `posts_likes` (`user_id`, `post_id`, `liked_at`) VALUES ('87', '10', '1971-03-27 16:56:46');
INSERT INTO `posts_likes` (`user_id`, `post_id`, `liked_at`) VALUES ('89', '31', '1973-10-04 20:16:21');
INSERT INTO `posts_likes` (`user_id`, `post_id`, `liked_at`) VALUES ('91', '92', '1975-05-30 05:21:55');
INSERT INTO `posts_likes` (`user_id`, `post_id`, `liked_at`) VALUES ('92', '82', '1978-07-24 22:43:16');
INSERT INTO `posts_likes` (`user_id`, `post_id`, `liked_at`) VALUES ('92', '96', '1988-08-29 19:35:17');
INSERT INTO `posts_likes` (`user_id`, `post_id`, `liked_at`) VALUES ('93', '24', '2017-04-19 23:21:10');
INSERT INTO `posts_likes` (`user_id`, `post_id`, `liked_at`) VALUES ('93', '60', '2000-07-01 01:29:03');
INSERT INTO `posts_likes` (`user_id`, `post_id`, `liked_at`) VALUES ('94', '61', '2002-09-19 23:08:32');
INSERT INTO `posts_likes` (`user_id`, `post_id`, `liked_at`) VALUES ('94', '67', '1984-11-09 16:20:11');
INSERT INTO `posts_likes` (`user_id`, `post_id`, `liked_at`) VALUES ('95', '25', '1999-08-24 07:57:12');
INSERT INTO `posts_likes` (`user_id`, `post_id`, `liked_at`) VALUES ('96', '61', '1994-07-16 18:50:00');
INSERT INTO `posts_likes` (`user_id`, `post_id`, `liked_at`) VALUES ('99', '97', '2016-05-15 13:33:01');
INSERT INTO `posts_likes` (`user_id`, `post_id`, `liked_at`) VALUES ('100', '42', '1970-05-30 04:49:22');

INSERT INTO `users_communities` (`user_id`, `community_id`, `is_admin`) VALUES ('1', '21', 0);
INSERT INTO `users_communities` (`user_id`, `community_id`, `is_admin`) VALUES ('1', '23', 0);
INSERT INTO `users_communities` (`user_id`, `community_id`, `is_admin`) VALUES ('1', '34', 1);
INSERT INTO `users_communities` (`user_id`, `community_id`, `is_admin`) VALUES ('1', '35', 1);
INSERT INTO `users_communities` (`user_id`, `community_id`, `is_admin`) VALUES ('2', '21', 1);
INSERT INTO `users_communities` (`user_id`, `community_id`, `is_admin`) VALUES ('2', '88', 0);
INSERT INTO `users_communities` (`user_id`, `community_id`, `is_admin`) VALUES ('4', '55', 0);
INSERT INTO `users_communities` (`user_id`, `community_id`, `is_admin`) VALUES ('4', '63', 1);
INSERT INTO `users_communities` (`user_id`, `community_id`, `is_admin`) VALUES ('7', '12', 0);
INSERT INTO `users_communities` (`user_id`, `community_id`, `is_admin`) VALUES ('7', '25', 1);
INSERT INTO `users_communities` (`user_id`, `community_id`, `is_admin`) VALUES ('9', '69', 0);
INSERT INTO `users_communities` (`user_id`, `community_id`, `is_admin`) VALUES ('9', '81', 0);
INSERT INTO `users_communities` (`user_id`, `community_id`, `is_admin`) VALUES ('12', '54', 0);
INSERT INTO `users_communities` (`user_id`, `community_id`, `is_admin`) VALUES ('12', '79', 1);
INSERT INTO `users_communities` (`user_id`, `community_id`, `is_admin`) VALUES ('14', '57', 1);
INSERT INTO `users_communities` (`user_id`, `community_id`, `is_admin`) VALUES ('16', '4', 1);
INSERT INTO `users_communities` (`user_id`, `community_id`, `is_admin`) VALUES ('16', '30', 1);
INSERT INTO `users_communities` (`user_id`, `community_id`, `is_admin`) VALUES ('18', '19', 0);
INSERT INTO `users_communities` (`user_id`, `community_id`, `is_admin`) VALUES ('19', '41', 1);
INSERT INTO `users_communities` (`user_id`, `community_id`, `is_admin`) VALUES ('19', '72', 1);
INSERT INTO `users_communities` (`user_id`, `community_id`, `is_admin`) VALUES ('19', '92', 1);
INSERT INTO `users_communities` (`user_id`, `community_id`, `is_admin`) VALUES ('19', '94', 0);
INSERT INTO `users_communities` (`user_id`, `community_id`, `is_admin`) VALUES ('21', '35', 1);
INSERT INTO `users_communities` (`user_id`, `community_id`, `is_admin`) VALUES ('23', '7', 1);
INSERT INTO `users_communities` (`user_id`, `community_id`, `is_admin`) VALUES ('23', '29', 1);
INSERT INTO `users_communities` (`user_id`, `community_id`, `is_admin`) VALUES ('24', '73', 1);
INSERT INTO `users_communities` (`user_id`, `community_id`, `is_admin`) VALUES ('25', '32', 1);
INSERT INTO `users_communities` (`user_id`, `community_id`, `is_admin`) VALUES ('28', '24', 1);
INSERT INTO `users_communities` (`user_id`, `community_id`, `is_admin`) VALUES ('28', '38', 1);
INSERT INTO `users_communities` (`user_id`, `community_id`, `is_admin`) VALUES ('29', '66', 0);
INSERT INTO `users_communities` (`user_id`, `community_id`, `is_admin`) VALUES ('30', '14', 0);
INSERT INTO `users_communities` (`user_id`, `community_id`, `is_admin`) VALUES ('33', '24', 1);
INSERT INTO `users_communities` (`user_id`, `community_id`, `is_admin`) VALUES ('33', '53', 0);
INSERT INTO `users_communities` (`user_id`, `community_id`, `is_admin`) VALUES ('33', '96', 1);
INSERT INTO `users_communities` (`user_id`, `community_id`, `is_admin`) VALUES ('35', '6', 0);
INSERT INTO `users_communities` (`user_id`, `community_id`, `is_admin`) VALUES ('35', '23', 0);
INSERT INTO `users_communities` (`user_id`, `community_id`, `is_admin`) VALUES ('36', '24', 0);
INSERT INTO `users_communities` (`user_id`, `community_id`, `is_admin`) VALUES ('36', '79', 1);
INSERT INTO `users_communities` (`user_id`, `community_id`, `is_admin`) VALUES ('38', '11', 1);
INSERT INTO `users_communities` (`user_id`, `community_id`, `is_admin`) VALUES ('38', '40', 1);
INSERT INTO `users_communities` (`user_id`, `community_id`, `is_admin`) VALUES ('39', '49', 1);
INSERT INTO `users_communities` (`user_id`, `community_id`, `is_admin`) VALUES ('39', '56', 1);
INSERT INTO `users_communities` (`user_id`, `community_id`, `is_admin`) VALUES ('39', '92', 1);
INSERT INTO `users_communities` (`user_id`, `community_id`, `is_admin`) VALUES ('41', '11', 0);
INSERT INTO `users_communities` (`user_id`, `community_id`, `is_admin`) VALUES ('41', '89', 1);
INSERT INTO `users_communities` (`user_id`, `community_id`, `is_admin`) VALUES ('43', '23', 1);
INSERT INTO `users_communities` (`user_id`, `community_id`, `is_admin`) VALUES ('43', '44', 0);
INSERT INTO `users_communities` (`user_id`, `community_id`, `is_admin`) VALUES ('43', '55', 0);
INSERT INTO `users_communities` (`user_id`, `community_id`, `is_admin`) VALUES ('45', '39', 0);
INSERT INTO `users_communities` (`user_id`, `community_id`, `is_admin`) VALUES ('46', '61', 1);
INSERT INTO `users_communities` (`user_id`, `community_id`, `is_admin`) VALUES ('46', '100', 1);
INSERT INTO `users_communities` (`user_id`, `community_id`, `is_admin`) VALUES ('47', '25', 0);
INSERT INTO `users_communities` (`user_id`, `community_id`, `is_admin`) VALUES ('47', '83', 1);
INSERT INTO `users_communities` (`user_id`, `community_id`, `is_admin`) VALUES ('47', '90', 0);
INSERT INTO `users_communities` (`user_id`, `community_id`, `is_admin`) VALUES ('47', '98', 1);
INSERT INTO `users_communities` (`user_id`, `community_id`, `is_admin`) VALUES ('48', '96', 0);
INSERT INTO `users_communities` (`user_id`, `community_id`, `is_admin`) VALUES ('50', '42', 1);
INSERT INTO `users_communities` (`user_id`, `community_id`, `is_admin`) VALUES ('52', '30', 0);
INSERT INTO `users_communities` (`user_id`, `community_id`, `is_admin`) VALUES ('53', '7', 1);
INSERT INTO `users_communities` (`user_id`, `community_id`, `is_admin`) VALUES ('53', '30', 1);
INSERT INTO `users_communities` (`user_id`, `community_id`, `is_admin`) VALUES ('53', '84', 0);
INSERT INTO `users_communities` (`user_id`, `community_id`, `is_admin`) VALUES ('55', '86', 1);
INSERT INTO `users_communities` (`user_id`, `community_id`, `is_admin`) VALUES ('56', '88', 0);
INSERT INTO `users_communities` (`user_id`, `community_id`, `is_admin`) VALUES ('57', '41', 1);
INSERT INTO `users_communities` (`user_id`, `community_id`, `is_admin`) VALUES ('58', '54', 0);
INSERT INTO `users_communities` (`user_id`, `community_id`, `is_admin`) VALUES ('60', '65', 0);
INSERT INTO `users_communities` (`user_id`, `community_id`, `is_admin`) VALUES ('60', '74', 1);
INSERT INTO `users_communities` (`user_id`, `community_id`, `is_admin`) VALUES ('61', '79', 1);
INSERT INTO `users_communities` (`user_id`, `community_id`, `is_admin`) VALUES ('64', '12', 1);
INSERT INTO `users_communities` (`user_id`, `community_id`, `is_admin`) VALUES ('65', '29', 1);
INSERT INTO `users_communities` (`user_id`, `community_id`, `is_admin`) VALUES ('66', '83', 1);
INSERT INTO `users_communities` (`user_id`, `community_id`, `is_admin`) VALUES ('68', '74', 0);
INSERT INTO `users_communities` (`user_id`, `community_id`, `is_admin`) VALUES ('69', '25', 0);
INSERT INTO `users_communities` (`user_id`, `community_id`, `is_admin`) VALUES ('69', '100', 1);
INSERT INTO `users_communities` (`user_id`, `community_id`, `is_admin`) VALUES ('73', '13', 0);
INSERT INTO `users_communities` (`user_id`, `community_id`, `is_admin`) VALUES ('73', '88', 0);
INSERT INTO `users_communities` (`user_id`, `community_id`, `is_admin`) VALUES ('75', '43', 0);
INSERT INTO `users_communities` (`user_id`, `community_id`, `is_admin`) VALUES ('76', '70', 1);
INSERT INTO `users_communities` (`user_id`, `community_id`, `is_admin`) VALUES ('77', '16', 0);
INSERT INTO `users_communities` (`user_id`, `community_id`, `is_admin`) VALUES ('80', '91', 1);
INSERT INTO `users_communities` (`user_id`, `community_id`, `is_admin`) VALUES ('81', '5', 0);
INSERT INTO `users_communities` (`user_id`, `community_id`, `is_admin`) VALUES ('82', '98', 1);
INSERT INTO `users_communities` (`user_id`, `community_id`, `is_admin`) VALUES ('84', '90', 0);
INSERT INTO `users_communities` (`user_id`, `community_id`, `is_admin`) VALUES ('86', '63', 0);
INSERT INTO `users_communities` (`user_id`, `community_id`, `is_admin`) VALUES ('86', '70', 1);
INSERT INTO `users_communities` (`user_id`, `community_id`, `is_admin`) VALUES ('87', '20', 0);
INSERT INTO `users_communities` (`user_id`, `community_id`, `is_admin`) VALUES ('89', '2', 1);
INSERT INTO `users_communities` (`user_id`, `community_id`, `is_admin`) VALUES ('89', '50', 0);
INSERT INTO `users_communities` (`user_id`, `community_id`, `is_admin`) VALUES ('89', '73', 0);
INSERT INTO `users_communities` (`user_id`, `community_id`, `is_admin`) VALUES ('90', '42', 0);
INSERT INTO `users_communities` (`user_id`, `community_id`, `is_admin`) VALUES ('90', '75', 0);
INSERT INTO `users_communities` (`user_id`, `community_id`, `is_admin`) VALUES ('90', '85', 1);
INSERT INTO `users_communities` (`user_id`, `community_id`, `is_admin`) VALUES ('91', '16', 0);
INSERT INTO `users_communities` (`user_id`, `community_id`, `is_admin`) VALUES ('92', '90', 1);
INSERT INTO `users_communities` (`user_id`, `community_id`, `is_admin`) VALUES ('93', '52', 0);
INSERT INTO `users_communities` (`user_id`, `community_id`, `is_admin`) VALUES ('94', '87', 1);
INSERT INTO `users_communities` (`user_id`, `community_id`, `is_admin`) VALUES ('95', '79', 0);
INSERT INTO `users_communities` (`user_id`, `community_id`, `is_admin`) VALUES ('95', '90', 0);
INSERT INTO `users_communities` (`user_id`, `community_id`, `is_admin`) VALUES ('96', '12', 1);
INSERT INTO `users_communities` (`user_id`, `community_id`, `is_admin`) VALUES ('99', '24', 1);
INSERT INTO `users_communities` (`user_id`, `community_id`, `is_admin`) VALUES ('99', '63', 1);

INSERT INTO `users_likes` (`initiator_user_id`, `target_user_id`, `liked_at`) VALUES ('1', '24', '2020-06-19 20:08:29');
INSERT INTO `users_likes` (`initiator_user_id`, `target_user_id`, `liked_at`) VALUES ('3', '41', '1989-06-01 22:56:21');
INSERT INTO `users_likes` (`initiator_user_id`, `target_user_id`, `liked_at`) VALUES ('4', '70', '1986-01-12 22:15:23');
INSERT INTO `users_likes` (`initiator_user_id`, `target_user_id`, `liked_at`) VALUES ('6', '10', '1975-04-03 12:07:46');
INSERT INTO `users_likes` (`initiator_user_id`, `target_user_id`, `liked_at`) VALUES ('9', '99', '2016-12-28 10:51:03');
INSERT INTO `users_likes` (`initiator_user_id`, `target_user_id`, `liked_at`) VALUES ('11', '82', '2009-02-11 18:17:39');
INSERT INTO `users_likes` (`initiator_user_id`, `target_user_id`, `liked_at`) VALUES ('12', '88', '2017-12-25 06:12:31');
INSERT INTO `users_likes` (`initiator_user_id`, `target_user_id`, `liked_at`) VALUES ('14', '23', '1995-10-14 12:56:27');
INSERT INTO `users_likes` (`initiator_user_id`, `target_user_id`, `liked_at`) VALUES ('14', '99', '2008-12-15 19:27:15');
INSERT INTO `users_likes` (`initiator_user_id`, `target_user_id`, `liked_at`) VALUES ('15', '97', '1976-02-21 12:13:48');
INSERT INTO `users_likes` (`initiator_user_id`, `target_user_id`, `liked_at`) VALUES ('16', '30', '2018-05-04 13:43:15');
INSERT INTO `users_likes` (`initiator_user_id`, `target_user_id`, `liked_at`) VALUES ('17', '41', '2007-09-25 20:55:43');
INSERT INTO `users_likes` (`initiator_user_id`, `target_user_id`, `liked_at`) VALUES ('17', '89', '1990-03-07 00:30:21');
INSERT INTO `users_likes` (`initiator_user_id`, `target_user_id`, `liked_at`) VALUES ('18', '79', '1992-06-17 06:39:05');
INSERT INTO `users_likes` (`initiator_user_id`, `target_user_id`, `liked_at`) VALUES ('19', '42', '1997-04-21 16:55:30');
INSERT INTO `users_likes` (`initiator_user_id`, `target_user_id`, `liked_at`) VALUES ('19', '44', '1992-02-20 23:50:27');
INSERT INTO `users_likes` (`initiator_user_id`, `target_user_id`, `liked_at`) VALUES ('20', '38', '1976-06-14 07:28:18');
INSERT INTO `users_likes` (`initiator_user_id`, `target_user_id`, `liked_at`) VALUES ('22', '40', '1991-06-13 20:35:16');
INSERT INTO `users_likes` (`initiator_user_id`, `target_user_id`, `liked_at`) VALUES ('22', '70', '2011-04-29 12:31:16');
INSERT INTO `users_likes` (`initiator_user_id`, `target_user_id`, `liked_at`) VALUES ('24', '35', '1992-05-28 16:26:55');
INSERT INTO `users_likes` (`initiator_user_id`, `target_user_id`, `liked_at`) VALUES ('28', '24', '1983-08-18 06:33:19');
INSERT INTO `users_likes` (`initiator_user_id`, `target_user_id`, `liked_at`) VALUES ('28', '26', '1970-09-13 11:01:36');
INSERT INTO `users_likes` (`initiator_user_id`, `target_user_id`, `liked_at`) VALUES ('30', '60', '1972-11-03 08:33:19');
INSERT INTO `users_likes` (`initiator_user_id`, `target_user_id`, `liked_at`) VALUES ('31', '5', '1978-09-14 20:26:01');
INSERT INTO `users_likes` (`initiator_user_id`, `target_user_id`, `liked_at`) VALUES ('31', '16', '1985-02-26 12:51:28');
INSERT INTO `users_likes` (`initiator_user_id`, `target_user_id`, `liked_at`) VALUES ('31', '69', '2013-02-12 11:40:00');
INSERT INTO `users_likes` (`initiator_user_id`, `target_user_id`, `liked_at`) VALUES ('32', '23', '2006-09-12 17:20:58');
INSERT INTO `users_likes` (`initiator_user_id`, `target_user_id`, `liked_at`) VALUES ('33', '1', '1989-12-05 00:07:52');
INSERT INTO `users_likes` (`initiator_user_id`, `target_user_id`, `liked_at`) VALUES ('33', '22', '1979-05-09 10:43:48');
INSERT INTO `users_likes` (`initiator_user_id`, `target_user_id`, `liked_at`) VALUES ('35', '47', '2014-02-04 19:43:22');
INSERT INTO `users_likes` (`initiator_user_id`, `target_user_id`, `liked_at`) VALUES ('37', '89', '1972-10-06 12:01:15');
INSERT INTO `users_likes` (`initiator_user_id`, `target_user_id`, `liked_at`) VALUES ('39', '53', '1996-05-22 13:23:30');
INSERT INTO `users_likes` (`initiator_user_id`, `target_user_id`, `liked_at`) VALUES ('39', '71', '2016-02-04 19:56:53');
INSERT INTO `users_likes` (`initiator_user_id`, `target_user_id`, `liked_at`) VALUES ('39', '79', '1970-06-10 17:26:36');
INSERT INTO `users_likes` (`initiator_user_id`, `target_user_id`, `liked_at`) VALUES ('41', '7', '1971-09-11 22:01:33');
INSERT INTO `users_likes` (`initiator_user_id`, `target_user_id`, `liked_at`) VALUES ('43', '47', '2015-01-15 01:34:26');
INSERT INTO `users_likes` (`initiator_user_id`, `target_user_id`, `liked_at`) VALUES ('44', '51', '2014-12-08 00:41:32');
INSERT INTO `users_likes` (`initiator_user_id`, `target_user_id`, `liked_at`) VALUES ('44', '62', '1980-12-26 04:48:11');
INSERT INTO `users_likes` (`initiator_user_id`, `target_user_id`, `liked_at`) VALUES ('45', '13', '1970-10-17 07:55:23');
INSERT INTO `users_likes` (`initiator_user_id`, `target_user_id`, `liked_at`) VALUES ('45', '20', '1980-05-01 08:34:54');
INSERT INTO `users_likes` (`initiator_user_id`, `target_user_id`, `liked_at`) VALUES ('46', '45', '1991-01-18 04:53:40');
INSERT INTO `users_likes` (`initiator_user_id`, `target_user_id`, `liked_at`) VALUES ('46', '88', '1975-10-18 17:28:54');
INSERT INTO `users_likes` (`initiator_user_id`, `target_user_id`, `liked_at`) VALUES ('47', '79', '2015-01-24 11:24:09');
INSERT INTO `users_likes` (`initiator_user_id`, `target_user_id`, `liked_at`) VALUES ('50', '34', '1975-07-11 13:36:09');
INSERT INTO `users_likes` (`initiator_user_id`, `target_user_id`, `liked_at`) VALUES ('50', '54', '2016-12-16 01:34:22');
INSERT INTO `users_likes` (`initiator_user_id`, `target_user_id`, `liked_at`) VALUES ('50', '56', '2008-05-13 15:05:43');
INSERT INTO `users_likes` (`initiator_user_id`, `target_user_id`, `liked_at`) VALUES ('52', '29', '1970-01-15 01:38:42');
INSERT INTO `users_likes` (`initiator_user_id`, `target_user_id`, `liked_at`) VALUES ('53', '12', '1997-07-08 08:52:56');
INSERT INTO `users_likes` (`initiator_user_id`, `target_user_id`, `liked_at`) VALUES ('55', '70', '1999-12-18 17:50:21');
INSERT INTO `users_likes` (`initiator_user_id`, `target_user_id`, `liked_at`) VALUES ('56', '4', '1975-08-09 10:03:38');
INSERT INTO `users_likes` (`initiator_user_id`, `target_user_id`, `liked_at`) VALUES ('56', '88', '1973-07-19 11:17:05');
INSERT INTO `users_likes` (`initiator_user_id`, `target_user_id`, `liked_at`) VALUES ('57', '49', '2017-10-09 22:00:51');
INSERT INTO `users_likes` (`initiator_user_id`, `target_user_id`, `liked_at`) VALUES ('60', '86', '2012-11-25 21:23:33');
INSERT INTO `users_likes` (`initiator_user_id`, `target_user_id`, `liked_at`) VALUES ('62', '40', '1973-10-30 14:59:52');
INSERT INTO `users_likes` (`initiator_user_id`, `target_user_id`, `liked_at`) VALUES ('62', '85', '2001-10-03 11:58:54');
INSERT INTO `users_likes` (`initiator_user_id`, `target_user_id`, `liked_at`) VALUES ('62', '95', '2003-08-24 17:25:47');
INSERT INTO `users_likes` (`initiator_user_id`, `target_user_id`, `liked_at`) VALUES ('63', '48', '2009-03-24 00:28:20');
INSERT INTO `users_likes` (`initiator_user_id`, `target_user_id`, `liked_at`) VALUES ('63', '57', '1984-01-07 04:55:11');
INSERT INTO `users_likes` (`initiator_user_id`, `target_user_id`, `liked_at`) VALUES ('65', '22', '2000-07-20 17:56:19');
INSERT INTO `users_likes` (`initiator_user_id`, `target_user_id`, `liked_at`) VALUES ('67', '68', '1988-09-15 04:46:42');
INSERT INTO `users_likes` (`initiator_user_id`, `target_user_id`, `liked_at`) VALUES ('69', '56', '1987-06-07 18:19:26');
INSERT INTO `users_likes` (`initiator_user_id`, `target_user_id`, `liked_at`) VALUES ('71', '9', '1996-06-10 19:49:03');
INSERT INTO `users_likes` (`initiator_user_id`, `target_user_id`, `liked_at`) VALUES ('71', '16', '2016-03-12 03:51:39');
INSERT INTO `users_likes` (`initiator_user_id`, `target_user_id`, `liked_at`) VALUES ('72', '82', '1997-08-03 18:43:56');
INSERT INTO `users_likes` (`initiator_user_id`, `target_user_id`, `liked_at`) VALUES ('73', '17', '2016-08-04 12:02:27');
INSERT INTO `users_likes` (`initiator_user_id`, `target_user_id`, `liked_at`) VALUES ('76', '48', '1981-01-08 18:20:54');
INSERT INTO `users_likes` (`initiator_user_id`, `target_user_id`, `liked_at`) VALUES ('77', '38', '2015-12-22 06:08:51');
INSERT INTO `users_likes` (`initiator_user_id`, `target_user_id`, `liked_at`) VALUES ('77', '95', '1976-03-22 04:00:49');
INSERT INTO `users_likes` (`initiator_user_id`, `target_user_id`, `liked_at`) VALUES ('78', '63', '1985-07-16 20:54:24');
INSERT INTO `users_likes` (`initiator_user_id`, `target_user_id`, `liked_at`) VALUES ('78', '96', '1984-08-07 19:54:23');
INSERT INTO `users_likes` (`initiator_user_id`, `target_user_id`, `liked_at`) VALUES ('79', '34', '1972-01-24 12:11:06');
INSERT INTO `users_likes` (`initiator_user_id`, `target_user_id`, `liked_at`) VALUES ('81', '32', '2014-07-03 18:22:59');
INSERT INTO `users_likes` (`initiator_user_id`, `target_user_id`, `liked_at`) VALUES ('82', '72', '1973-04-18 01:36:12');
INSERT INTO `users_likes` (`initiator_user_id`, `target_user_id`, `liked_at`) VALUES ('82', '78', '1977-08-12 17:57:00');
INSERT INTO `users_likes` (`initiator_user_id`, `target_user_id`, `liked_at`) VALUES ('83', '63', '1980-09-27 03:05:09');
INSERT INTO `users_likes` (`initiator_user_id`, `target_user_id`, `liked_at`) VALUES ('84', '91', '2008-01-25 08:14:25');
INSERT INTO `users_likes` (`initiator_user_id`, `target_user_id`, `liked_at`) VALUES ('84', '92', '1982-06-15 16:32:08');
INSERT INTO `users_likes` (`initiator_user_id`, `target_user_id`, `liked_at`) VALUES ('85', '15', '1997-12-10 11:58:04');
INSERT INTO `users_likes` (`initiator_user_id`, `target_user_id`, `liked_at`) VALUES ('86', '77', '2009-02-14 09:41:29');
INSERT INTO `users_likes` (`initiator_user_id`, `target_user_id`, `liked_at`) VALUES ('86', '92', '2018-11-20 13:42:06');
INSERT INTO `users_likes` (`initiator_user_id`, `target_user_id`, `liked_at`) VALUES ('86', '99', '1985-04-07 17:10:57');
INSERT INTO `users_likes` (`initiator_user_id`, `target_user_id`, `liked_at`) VALUES ('87', '38', '2000-01-05 08:41:00');
INSERT INTO `users_likes` (`initiator_user_id`, `target_user_id`, `liked_at`) VALUES ('87', '67', '2013-03-08 03:43:27');
INSERT INTO `users_likes` (`initiator_user_id`, `target_user_id`, `liked_at`) VALUES ('87', '69', '2019-06-04 06:42:18');
INSERT INTO `users_likes` (`initiator_user_id`, `target_user_id`, `liked_at`) VALUES ('87', '77', '1998-04-12 17:23:57');
INSERT INTO `users_likes` (`initiator_user_id`, `target_user_id`, `liked_at`) VALUES ('87', '86', '1980-10-25 04:06:48');
INSERT INTO `users_likes` (`initiator_user_id`, `target_user_id`, `liked_at`) VALUES ('87', '87', '1971-01-31 05:56:58');
INSERT INTO `users_likes` (`initiator_user_id`, `target_user_id`, `liked_at`) VALUES ('88', '67', '1970-06-09 06:56:38');
INSERT INTO `users_likes` (`initiator_user_id`, `target_user_id`, `liked_at`) VALUES ('89', '76', '1985-12-16 23:22:08');
INSERT INTO `users_likes` (`initiator_user_id`, `target_user_id`, `liked_at`) VALUES ('91', '38', '1979-09-30 01:55:17');
INSERT INTO `users_likes` (`initiator_user_id`, `target_user_id`, `liked_at`) VALUES ('91', '59', '2020-05-01 01:58:40');
INSERT INTO `users_likes` (`initiator_user_id`, `target_user_id`, `liked_at`) VALUES ('92', '3', '1986-07-29 18:30:08');
INSERT INTO `users_likes` (`initiator_user_id`, `target_user_id`, `liked_at`) VALUES ('92', '79', '2003-12-08 04:54:07');
INSERT INTO `users_likes` (`initiator_user_id`, `target_user_id`, `liked_at`) VALUES ('93', '58', '2009-08-04 03:02:56');
INSERT INTO `users_likes` (`initiator_user_id`, `target_user_id`, `liked_at`) VALUES ('95', '83', '1970-03-02 15:10:09');
INSERT INTO `users_likes` (`initiator_user_id`, `target_user_id`, `liked_at`) VALUES ('96', '6', '1990-03-23 06:51:48');
INSERT INTO `users_likes` (`initiator_user_id`, `target_user_id`, `liked_at`) VALUES ('96', '25', '2007-05-03 01:50:33');
INSERT INTO `users_likes` (`initiator_user_id`, `target_user_id`, `liked_at`) VALUES ('100', '50', '2001-11-18 08:39:16');
INSERT INTO `users_likes` (`initiator_user_id`, `target_user_id`, `liked_at`) VALUES ('100', '53', '2009-09-16 05:32:13');
INSERT INTO `users_likes` (`initiator_user_id`, `target_user_id`, `liked_at`) VALUES ('100', '57', '2004-11-08 21:05:03');
INSERT INTO `users_likes` (`initiator_user_id`, `target_user_id`, `liked_at`) VALUES ('100', '77', '2003-06-07 13:22:12');

INSERT INTO `comments` (`id`, `user_id`, `post_id`, `body`, `created_at`, `updated_at`) VALUES ('1', '32', '91', 'Deserunt ad dolor repellendus molestiae quibusdam animi in.', '1973-11-28 10:39:08', '2006-03-22 13:38:36');
INSERT INTO `comments` (`id`, `user_id`, `post_id`, `body`, `created_at`, `updated_at`) VALUES ('2', '81', '27', 'Facilis quos doloremque rem id aliquam.', '1978-09-20 09:09:17', '1975-07-26 06:34:38');
INSERT INTO `comments` (`id`, `user_id`, `post_id`, `body`, `created_at`, `updated_at`) VALUES ('3', '98', '14', 'Deserunt sed itaque commodi aut.', '2017-04-15 06:39:24', '2008-10-22 23:08:10');
INSERT INTO `comments` (`id`, `user_id`, `post_id`, `body`, `created_at`, `updated_at`) VALUES ('4', '34', '83', 'Molestias eveniet dolor suscipit nostrum eveniet reprehenderit.', '1998-07-05 18:27:40', '1977-06-11 07:57:02');
INSERT INTO `comments` (`id`, `user_id`, `post_id`, `body`, `created_at`, `updated_at`) VALUES ('5', '76', '91', 'Quas ea omnis veritatis et labore animi reiciendis.', '1993-05-24 23:20:50', '1996-12-11 05:38:50');
INSERT INTO `comments` (`id`, `user_id`, `post_id`, `body`, `created_at`, `updated_at`) VALUES ('6', '59', '68', 'Optio similique dolores iste sed ut enim cumque.', '2015-12-30 20:54:43', '2008-10-16 23:56:40');
INSERT INTO `comments` (`id`, `user_id`, `post_id`, `body`, `created_at`, `updated_at`) VALUES ('7', '90', '28', 'Aperiam minus vel mollitia qui voluptatem.', '1973-06-03 05:03:01', '2009-03-02 14:39:14');
INSERT INTO `comments` (`id`, `user_id`, `post_id`, `body`, `created_at`, `updated_at`) VALUES ('8', '70', '96', 'Quidem sit voluptates in nihil.', '1988-06-19 23:35:29', '1973-06-08 03:44:22');
INSERT INTO `comments` (`id`, `user_id`, `post_id`, `body`, `created_at`, `updated_at`) VALUES ('9', '59', '69', 'Ea et nemo neque blanditiis sit saepe ipsa vel.', '2017-05-24 18:54:21', '2011-10-07 06:01:59');
INSERT INTO `comments` (`id`, `user_id`, `post_id`, `body`, `created_at`, `updated_at`) VALUES ('10', '6', '82', 'Adipisci possimus laboriosam enim laborum libero ea.', '2012-07-24 00:41:58', '2005-06-17 18:06:31');
INSERT INTO `comments` (`id`, `user_id`, `post_id`, `body`, `created_at`, `updated_at`) VALUES ('11', '4', '67', 'Excepturi voluptatem optio reprehenderit expedita non totam nam.', '2002-11-07 18:13:07', '1973-07-17 12:34:52');
INSERT INTO `comments` (`id`, `user_id`, `post_id`, `body`, `created_at`, `updated_at`) VALUES ('12', '57', '87', 'Qui minus impedit culpa.', '1973-08-13 09:08:21', '2016-12-19 10:53:56');
INSERT INTO `comments` (`id`, `user_id`, `post_id`, `body`, `created_at`, `updated_at`) VALUES ('13', '72', '9', 'Nam laudantium iure quas molestias dolores.', '2011-03-18 08:16:42', '1973-09-12 14:25:58');
INSERT INTO `comments` (`id`, `user_id`, `post_id`, `body`, `created_at`, `updated_at`) VALUES ('14', '20', '94', 'Amet eos tempore eveniet accusamus magni.', '1986-03-17 11:05:24', '2016-06-06 10:19:47');
INSERT INTO `comments` (`id`, `user_id`, `post_id`, `body`, `created_at`, `updated_at`) VALUES ('15', '34', '71', 'Enim assumenda ad ut aspernatur.', '2006-02-17 16:24:56', '1977-02-16 17:26:56');
INSERT INTO `comments` (`id`, `user_id`, `post_id`, `body`, `created_at`, `updated_at`) VALUES ('16', '84', '66', 'Inventore tempore ratione cupiditate velit quis.', '1974-12-25 18:03:18', '2020-05-02 10:13:32');
INSERT INTO `comments` (`id`, `user_id`, `post_id`, `body`, `created_at`, `updated_at`) VALUES ('17', '60', '66', 'Quo odit qui voluptas hic vero nam.', '2006-02-05 06:07:16', '2019-12-06 17:15:12');
INSERT INTO `comments` (`id`, `user_id`, `post_id`, `body`, `created_at`, `updated_at`) VALUES ('18', '92', '58', 'Error sint omnis sed doloremque dolorem corporis eum.', '1987-03-27 07:52:33', '1992-05-11 09:16:00');
INSERT INTO `comments` (`id`, `user_id`, `post_id`, `body`, `created_at`, `updated_at`) VALUES ('19', '78', '26', 'Quam nostrum quod iste quas rerum et et.', '1981-08-09 23:02:48', '1989-01-28 00:50:04');
INSERT INTO `comments` (`id`, `user_id`, `post_id`, `body`, `created_at`, `updated_at`) VALUES ('20', '39', '54', 'Facilis est placeat tempore accusantium.', '1979-11-03 17:43:48', '2010-10-12 19:03:14');
INSERT INTO `comments` (`id`, `user_id`, `post_id`, `body`, `created_at`, `updated_at`) VALUES ('21', '15', '99', 'Asperiores numquam quos et amet sit.', '2008-06-20 08:58:01', '1975-02-09 21:51:32');
INSERT INTO `comments` (`id`, `user_id`, `post_id`, `body`, `created_at`, `updated_at`) VALUES ('22', '21', '5', 'Eveniet provident sit harum.', '1986-10-07 11:48:49', '1981-09-26 22:47:01');
INSERT INTO `comments` (`id`, `user_id`, `post_id`, `body`, `created_at`, `updated_at`) VALUES ('23', '25', '91', 'Et ullam et aspernatur deleniti at at harum.', '1980-08-31 01:34:01', '1999-03-16 21:57:22');
INSERT INTO `comments` (`id`, `user_id`, `post_id`, `body`, `created_at`, `updated_at`) VALUES ('24', '99', '84', 'Laborum amet atque similique rerum sapiente maiores.', '1995-01-06 23:41:15', '2014-10-18 07:26:12');
INSERT INTO `comments` (`id`, `user_id`, `post_id`, `body`, `created_at`, `updated_at`) VALUES ('25', '59', '4', 'Ipsum quos voluptas optio explicabo et vero vel magni.', '2011-04-26 00:01:59', '1997-12-05 11:24:08');
INSERT INTO `comments` (`id`, `user_id`, `post_id`, `body`, `created_at`, `updated_at`) VALUES ('26', '64', '62', 'Voluptates omnis id et qui atque.', '1998-12-17 23:42:17', '1973-07-09 10:08:56');
INSERT INTO `comments` (`id`, `user_id`, `post_id`, `body`, `created_at`, `updated_at`) VALUES ('27', '70', '21', 'Doloremque omnis non architecto.', '1970-05-27 15:37:35', '1986-09-17 21:46:59');
INSERT INTO `comments` (`id`, `user_id`, `post_id`, `body`, `created_at`, `updated_at`) VALUES ('28', '48', '42', 'Nihil facere doloremque quidem reiciendis qui.', '1973-11-21 02:17:51', '2018-06-26 14:57:37');
INSERT INTO `comments` (`id`, `user_id`, `post_id`, `body`, `created_at`, `updated_at`) VALUES ('29', '29', '68', 'Delectus eos fugit quibusdam inventore eligendi minus.', '1990-02-24 06:20:50', '1992-06-02 23:48:08');
INSERT INTO `comments` (`id`, `user_id`, `post_id`, `body`, `created_at`, `updated_at`) VALUES ('30', '33', '62', 'Porro qui quia quia qui dolores ut.', '2001-06-23 19:24:09', '1979-09-21 01:24:22');
INSERT INTO `comments` (`id`, `user_id`, `post_id`, `body`, `created_at`, `updated_at`) VALUES ('31', '37', '18', 'Sed omnis quia expedita laborum.', '1990-01-12 00:43:01', '1994-05-08 13:52:15');
INSERT INTO `comments` (`id`, `user_id`, `post_id`, `body`, `created_at`, `updated_at`) VALUES ('32', '27', '97', 'Eveniet occaecati ex aut quidem iste.', '2017-12-08 15:33:31', '2016-12-24 17:54:14');
INSERT INTO `comments` (`id`, `user_id`, `post_id`, `body`, `created_at`, `updated_at`) VALUES ('33', '82', '18', 'Dolor ad repellat iusto.', '1995-05-16 20:37:13', '2004-07-01 22:28:58');
INSERT INTO `comments` (`id`, `user_id`, `post_id`, `body`, `created_at`, `updated_at`) VALUES ('34', '54', '60', 'Exercitationem quia qui tempora tempora eaque voluptatibus velit.', '1970-01-31 18:57:21', '2019-02-28 16:29:26');
INSERT INTO `comments` (`id`, `user_id`, `post_id`, `body`, `created_at`, `updated_at`) VALUES ('35', '43', '93', 'Maiores rem aperiam earum minus cum architecto.', '1998-07-10 16:10:00', '1990-09-09 10:53:05');
INSERT INTO `comments` (`id`, `user_id`, `post_id`, `body`, `created_at`, `updated_at`) VALUES ('36', '13', '58', 'Ab atque at possimus ut.', '1988-10-20 04:10:59', '1992-03-22 15:32:44');
INSERT INTO `comments` (`id`, `user_id`, `post_id`, `body`, `created_at`, `updated_at`) VALUES ('37', '90', '33', 'Ut quae dolor soluta sed enim suscipit autem.', '1980-09-13 18:40:37', '1994-10-01 05:23:01');
INSERT INTO `comments` (`id`, `user_id`, `post_id`, `body`, `created_at`, `updated_at`) VALUES ('38', '61', '14', 'Voluptatem quidem voluptatum in est ab quia excepturi.', '2011-04-11 14:27:42', '1980-11-06 10:27:05');
INSERT INTO `comments` (`id`, `user_id`, `post_id`, `body`, `created_at`, `updated_at`) VALUES ('39', '23', '61', 'Suscipit nemo dolorum ipsam vitae.', '1998-03-08 01:08:52', '1977-10-12 20:13:26');
INSERT INTO `comments` (`id`, `user_id`, `post_id`, `body`, `created_at`, `updated_at`) VALUES ('40', '97', '82', 'In et excepturi et expedita ut itaque.', '2005-06-06 05:29:15', '1970-05-27 09:38:39');
INSERT INTO `comments` (`id`, `user_id`, `post_id`, `body`, `created_at`, `updated_at`) VALUES ('41', '64', '61', 'Qui non dicta id deserunt.', '1994-12-28 02:43:59', '1973-01-22 14:47:10');
INSERT INTO `comments` (`id`, `user_id`, `post_id`, `body`, `created_at`, `updated_at`) VALUES ('42', '42', '34', 'Eum id rem placeat.', '2003-03-23 02:11:59', '1970-07-27 15:02:59');
INSERT INTO `comments` (`id`, `user_id`, `post_id`, `body`, `created_at`, `updated_at`) VALUES ('43', '81', '90', 'Quos expedita voluptatibus nulla aut accusamus vel.', '1996-01-08 21:12:57', '1983-04-18 18:58:17');
INSERT INTO `comments` (`id`, `user_id`, `post_id`, `body`, `created_at`, `updated_at`) VALUES ('44', '74', '9', 'Amet libero officia quis vitae sit voluptas.', '1978-03-16 16:48:52', '1974-08-20 02:02:20');
INSERT INTO `comments` (`id`, `user_id`, `post_id`, `body`, `created_at`, `updated_at`) VALUES ('45', '56', '7', 'Facilis adipisci ea eos est nostrum ut ipsam.', '2019-10-17 03:20:27', '1995-02-23 07:40:22');
INSERT INTO `comments` (`id`, `user_id`, `post_id`, `body`, `created_at`, `updated_at`) VALUES ('46', '70', '93', 'Occaecati quia deleniti consequatur rem consequuntur et eum.', '1974-08-05 14:52:52', '2002-12-28 15:00:40');
INSERT INTO `comments` (`id`, `user_id`, `post_id`, `body`, `created_at`, `updated_at`) VALUES ('47', '24', '97', 'Commodi ullam id atque odio expedita est nisi.', '2013-02-02 23:50:48', '2001-11-14 17:11:45');
INSERT INTO `comments` (`id`, `user_id`, `post_id`, `body`, `created_at`, `updated_at`) VALUES ('48', '89', '5', 'Aliquid qui aut ipsum accusamus.', '2018-10-05 19:52:26', '1995-01-05 11:32:22');
INSERT INTO `comments` (`id`, `user_id`, `post_id`, `body`, `created_at`, `updated_at`) VALUES ('49', '14', '42', 'Omnis dolores nihil tenetur sapiente veniam quo.', '1975-05-19 02:51:26', '2010-11-27 23:09:38');
INSERT INTO `comments` (`id`, `user_id`, `post_id`, `body`, `created_at`, `updated_at`) VALUES ('50', '64', '57', 'Vel esse error laboriosam id.', '1974-06-28 07:55:58', '2014-11-06 03:00:16');
INSERT INTO `comments` (`id`, `user_id`, `post_id`, `body`, `created_at`, `updated_at`) VALUES ('51', '33', '77', 'Dolor eligendi minima sit soluta deleniti qui dicta repellendus.', '2020-02-02 00:48:43', '1980-01-31 19:06:36');
INSERT INTO `comments` (`id`, `user_id`, `post_id`, `body`, `created_at`, `updated_at`) VALUES ('52', '13', '23', 'Incidunt perspiciatis blanditiis quia molestias.', '2008-08-04 09:42:39', '1990-07-22 15:32:26');
INSERT INTO `comments` (`id`, `user_id`, `post_id`, `body`, `created_at`, `updated_at`) VALUES ('53', '9', '75', 'Aliquid nemo ut qui quaerat aut occaecati.', '2000-05-17 22:44:42', '1986-01-19 15:19:08');
INSERT INTO `comments` (`id`, `user_id`, `post_id`, `body`, `created_at`, `updated_at`) VALUES ('54', '37', '31', 'Earum in delectus velit est non voluptatem.', '2012-10-09 18:26:10', '1978-09-17 17:29:13');
INSERT INTO `comments` (`id`, `user_id`, `post_id`, `body`, `created_at`, `updated_at`) VALUES ('55', '34', '34', 'Voluptatibus quas eos quia iure.', '1997-08-17 19:41:02', '1975-08-31 19:17:49');
INSERT INTO `comments` (`id`, `user_id`, `post_id`, `body`, `created_at`, `updated_at`) VALUES ('56', '11', '99', 'Reiciendis consectetur sed ut eveniet eos porro et.', '1999-08-20 00:24:13', '1971-08-09 19:10:27');
INSERT INTO `comments` (`id`, `user_id`, `post_id`, `body`, `created_at`, `updated_at`) VALUES ('57', '94', '53', 'A laudantium ut odit placeat quidem molestias.', '1996-11-25 21:31:05', '2013-02-03 15:53:24');
INSERT INTO `comments` (`id`, `user_id`, `post_id`, `body`, `created_at`, `updated_at`) VALUES ('58', '30', '75', 'Mollitia delectus sed cumque architecto natus beatae vero et.', '2005-02-09 01:34:04', '2004-06-06 19:47:52');
INSERT INTO `comments` (`id`, `user_id`, `post_id`, `body`, `created_at`, `updated_at`) VALUES ('59', '42', '4', 'Rerum iusto et id numquam ducimus est cumque.', '1972-02-10 20:22:06', '2000-11-24 05:21:40');
INSERT INTO `comments` (`id`, `user_id`, `post_id`, `body`, `created_at`, `updated_at`) VALUES ('60', '82', '98', 'Sunt sequi molestiae et voluptate est voluptas ducimus.', '1973-04-06 23:28:17', '1973-05-30 06:27:21');
INSERT INTO `comments` (`id`, `user_id`, `post_id`, `body`, `created_at`, `updated_at`) VALUES ('61', '10', '52', 'Libero et aperiam explicabo ut dicta.', '2011-01-05 00:56:48', '1971-10-28 00:31:29');
INSERT INTO `comments` (`id`, `user_id`, `post_id`, `body`, `created_at`, `updated_at`) VALUES ('62', '89', '34', 'At quasi natus omnis non.', '2013-01-30 10:30:08', '1984-06-15 17:13:55');
INSERT INTO `comments` (`id`, `user_id`, `post_id`, `body`, `created_at`, `updated_at`) VALUES ('63', '47', '78', 'Illum ut quisquam saepe rerum omnis excepturi.', '1985-06-22 10:49:38', '1991-01-29 15:54:22');
INSERT INTO `comments` (`id`, `user_id`, `post_id`, `body`, `created_at`, `updated_at`) VALUES ('64', '38', '61', 'Earum quaerat qui autem et non.', '1970-08-15 07:48:42', '1985-11-13 04:19:50');
INSERT INTO `comments` (`id`, `user_id`, `post_id`, `body`, `created_at`, `updated_at`) VALUES ('65', '18', '2', 'Illum ullam sed quia.', '1990-12-25 12:31:39', '1970-06-15 18:45:06');
INSERT INTO `comments` (`id`, `user_id`, `post_id`, `body`, `created_at`, `updated_at`) VALUES ('66', '17', '51', 'Nisi expedita incidunt voluptate sed qui exercitationem nobis omnis.', '2018-04-23 20:02:24', '1993-08-16 04:32:01');
INSERT INTO `comments` (`id`, `user_id`, `post_id`, `body`, `created_at`, `updated_at`) VALUES ('67', '78', '30', 'Porro laudantium alias eum saepe ut consectetur ab aliquid.', '1997-08-13 16:35:36', '2010-03-09 09:19:14');
INSERT INTO `comments` (`id`, `user_id`, `post_id`, `body`, `created_at`, `updated_at`) VALUES ('68', '73', '87', 'Inventore molestiae ut sequi cumque.', '1981-10-28 01:09:22', '1992-09-16 20:57:59');
INSERT INTO `comments` (`id`, `user_id`, `post_id`, `body`, `created_at`, `updated_at`) VALUES ('69', '4', '9', 'Voluptatem distinctio temporibus quo cum.', '1984-05-31 02:19:11', '1973-11-29 23:46:55');
INSERT INTO `comments` (`id`, `user_id`, `post_id`, `body`, `created_at`, `updated_at`) VALUES ('70', '17', '38', 'Nihil eveniet ad accusantium sit nihil voluptates.', '2006-09-21 00:52:29', '1972-10-30 02:09:26');
INSERT INTO `comments` (`id`, `user_id`, `post_id`, `body`, `created_at`, `updated_at`) VALUES ('71', '42', '28', 'Et vero est quo quia omnis qui sapiente.', '2016-02-01 00:19:11', '1992-09-11 01:43:31');
INSERT INTO `comments` (`id`, `user_id`, `post_id`, `body`, `created_at`, `updated_at`) VALUES ('72', '34', '36', 'Magni odit beatae vitae nihil animi.', '2015-07-26 13:03:44', '1987-08-06 12:50:08');
INSERT INTO `comments` (`id`, `user_id`, `post_id`, `body`, `created_at`, `updated_at`) VALUES ('73', '80', '65', 'Minima sed maiores culpa omnis.', '2016-05-13 03:45:26', '1995-08-08 12:20:24');
INSERT INTO `comments` (`id`, `user_id`, `post_id`, `body`, `created_at`, `updated_at`) VALUES ('74', '9', '21', 'Voluptates ex dignissimos tempore reprehenderit veniam.', '2003-10-11 15:42:26', '1979-07-01 07:42:38');
INSERT INTO `comments` (`id`, `user_id`, `post_id`, `body`, `created_at`, `updated_at`) VALUES ('75', '67', '91', 'Eos quisquam soluta nesciunt accusantium repudiandae consequatur.', '1998-08-20 18:18:28', '1991-05-11 11:20:25');
INSERT INTO `comments` (`id`, `user_id`, `post_id`, `body`, `created_at`, `updated_at`) VALUES ('76', '17', '78', 'Enim consectetur velit sunt commodi deserunt quis.', '1985-07-07 22:14:57', '2004-03-18 16:19:32');
INSERT INTO `comments` (`id`, `user_id`, `post_id`, `body`, `created_at`, `updated_at`) VALUES ('77', '41', '6', 'Officia ipsum sed deserunt.', '1982-08-21 23:54:21', '1977-01-13 02:57:05');
INSERT INTO `comments` (`id`, `user_id`, `post_id`, `body`, `created_at`, `updated_at`) VALUES ('78', '10', '89', 'Non cupiditate numquam rerum quia ullam.', '2019-02-19 12:09:42', '1973-04-10 23:27:32');
INSERT INTO `comments` (`id`, `user_id`, `post_id`, `body`, `created_at`, `updated_at`) VALUES ('79', '82', '48', 'Et voluptates quod enim blanditiis voluptate.', '2009-03-19 16:28:21', '1978-10-19 12:35:38');
INSERT INTO `comments` (`id`, `user_id`, `post_id`, `body`, `created_at`, `updated_at`) VALUES ('80', '48', '101', 'Earum nulla eum natus odit asperiores ea.', '1974-12-03 17:03:36', '2013-06-17 20:24:44');
INSERT INTO `comments` (`id`, `user_id`, `post_id`, `body`, `created_at`, `updated_at`) VALUES ('81', '49', '65', 'Quo sapiente voluptas est dolorum placeat sapiente aut et.', '1970-12-09 03:48:25', '2016-03-27 07:24:07');
INSERT INTO `comments` (`id`, `user_id`, `post_id`, `body`, `created_at`, `updated_at`) VALUES ('82', '50', '27', 'Dolore accusamus nihil cumque natus quam unde.', '2001-05-30 01:19:15', '2003-12-19 23:55:21');
INSERT INTO `comments` (`id`, `user_id`, `post_id`, `body`, `created_at`, `updated_at`) VALUES ('83', '94', '23', 'Accusantium quis eum molestiae pariatur sit magni qui qui.', '1980-09-24 04:22:36', '2011-05-06 10:57:50');
INSERT INTO `comments` (`id`, `user_id`, `post_id`, `body`, `created_at`, `updated_at`) VALUES ('84', '12', '98', 'Sed similique suscipit eum officiis.', '2012-10-23 20:21:56', '2007-02-19 02:00:29');
INSERT INTO `comments` (`id`, `user_id`, `post_id`, `body`, `created_at`, `updated_at`) VALUES ('85', '32', '29', 'Totam aperiam voluptas accusamus provident.', '2015-10-09 09:18:40', '1977-11-17 21:41:33');
INSERT INTO `comments` (`id`, `user_id`, `post_id`, `body`, `created_at`, `updated_at`) VALUES ('86', '33', '74', 'Quo iusto eveniet libero dolore.', '2016-07-23 07:20:19', '2013-08-12 22:38:30');
INSERT INTO `comments` (`id`, `user_id`, `post_id`, `body`, `created_at`, `updated_at`) VALUES ('87', '56', '68', 'Asperiores temporibus deleniti sunt harum.', '1985-09-19 06:36:25', '1994-03-18 02:10:22');
INSERT INTO `comments` (`id`, `user_id`, `post_id`, `body`, `created_at`, `updated_at`) VALUES ('88', '8', '35', 'Repudiandae nobis odit perferendis alias facilis incidunt voluptate.', '1979-11-22 21:45:26', '1990-07-04 03:29:24');
INSERT INTO `comments` (`id`, `user_id`, `post_id`, `body`, `created_at`, `updated_at`) VALUES ('89', '31', '17', 'Et autem nostrum ut possimus eos distinctio similique qui.', '1988-12-13 14:46:52', '2007-08-03 09:10:02');
INSERT INTO `comments` (`id`, `user_id`, `post_id`, `body`, `created_at`, `updated_at`) VALUES ('90', '55', '98', 'Nostrum vel ab repellat magni omnis.', '2019-10-17 03:41:50', '2010-10-01 16:39:08');
INSERT INTO `comments` (`id`, `user_id`, `post_id`, `body`, `created_at`, `updated_at`) VALUES ('91', '7', '73', 'Eveniet voluptates fuga iure.', '1970-08-19 12:07:55', '1971-12-13 01:10:16');
INSERT INTO `comments` (`id`, `user_id`, `post_id`, `body`, `created_at`, `updated_at`) VALUES ('92', '74', '48', 'Nobis vero necessitatibus repellat doloribus.', '2008-12-19 01:46:36', '1996-12-22 10:10:03');
INSERT INTO `comments` (`id`, `user_id`, `post_id`, `body`, `created_at`, `updated_at`) VALUES ('93', '78', '84', 'Itaque aut consequatur modi ea aperiam illum.', '2018-01-28 03:17:42', '2008-02-29 14:34:06');
INSERT INTO `comments` (`id`, `user_id`, `post_id`, `body`, `created_at`, `updated_at`) VALUES ('94', '35', '60', 'Suscipit voluptas soluta quia error et voluptatem.', '2013-06-14 14:37:43', '1986-12-26 15:07:33');
INSERT INTO `comments` (`id`, `user_id`, `post_id`, `body`, `created_at`, `updated_at`) VALUES ('95', '30', '84', 'Harum et modi architecto maxime dolor inventore laborum.', '1970-12-19 03:38:45', '1979-10-20 01:38:45');
INSERT INTO `comments` (`id`, `user_id`, `post_id`, `body`, `created_at`, `updated_at`) VALUES ('96', '59', '79', 'Ipsam voluptas inventore omnis ullam cum esse saepe.', '1989-08-04 07:12:42', '1970-03-15 13:52:53');
INSERT INTO `comments` (`id`, `user_id`, `post_id`, `body`, `created_at`, `updated_at`) VALUES ('97', '47', '9', 'Aliquid perferendis autem natus.', '1989-08-20 21:00:35', '1999-09-17 19:49:05');
INSERT INTO `comments` (`id`, `user_id`, `post_id`, `body`, `created_at`, `updated_at`) VALUES ('98', '5', '40', 'Enim aut modi accusamus dolorem.', '1977-05-08 13:26:31', '2012-08-08 13:01:06');
INSERT INTO `comments` (`id`, `user_id`, `post_id`, `body`, `created_at`, `updated_at`) VALUES ('99', '31', '17', 'Dicta doloremque doloremque et vitae unde.', '1978-08-24 06:22:23', '1971-10-24 09:57:29');
INSERT INTO `comments` (`id`, `user_id`, `post_id`, `body`, `created_at`, `updated_at`) VALUES ('100', '36', '63', 'Quam officiis perspiciatis aperiam maiores ut at occaecati.', '1987-06-12 00:13:26', '2010-05-11 02:02:05');
