-- MySQL dump 10.13  Distrib 8.0.21, for macos10.15 (x86_64)
--
-- Host: localhost    Database: flashscore_example_db
-- ------------------------------------------------------
-- Server version	8.0.21

/*!40101 SET @OLD_CHARACTER_SET_CLIENT=@@CHARACTER_SET_CLIENT */;
/*!40101 SET @OLD_CHARACTER_SET_RESULTS=@@CHARACTER_SET_RESULTS */;
/*!40101 SET @OLD_COLLATION_CONNECTION=@@COLLATION_CONNECTION */;
/*!50503 SET NAMES utf8mb4 */;
/*!40103 SET @OLD_TIME_ZONE=@@TIME_ZONE */;
/*!40103 SET TIME_ZONE='+00:00' */;
/*!40014 SET @OLD_UNIQUE_CHECKS=@@UNIQUE_CHECKS, UNIQUE_CHECKS=0 */;
/*!40014 SET @OLD_FOREIGN_KEY_CHECKS=@@FOREIGN_KEY_CHECKS, FOREIGN_KEY_CHECKS=0 */;
/*!40101 SET @OLD_SQL_MODE=@@SQL_MODE, SQL_MODE='NO_AUTO_VALUE_ON_ZERO' */;
/*!40111 SET @OLD_SQL_NOTES=@@SQL_NOTES, SQL_NOTES=0 */;

--
-- Table structure for table `competitions`
--

DROP TABLE IF EXISTS `competitions`;
/*!40101 SET @saved_cs_client     = @@character_set_client */;
/*!50503 SET character_set_client = utf8mb4 */;
CREATE TABLE `competitions` (
  `id` bigint unsigned NOT NULL AUTO_INCREMENT,
  `name` varchar(255) DEFAULT NULL COMMENT 'Название турнира',
  `country_id` bigint unsigned NOT NULL,
  `sports_id` bigint unsigned NOT NULL,
  PRIMARY KEY (`id`),
  UNIQUE KEY `id` (`id`),
  KEY `country_id` (`country_id`),
  KEY `sports_id` (`sports_id`),
  CONSTRAINT `competitions_ibfk_1` FOREIGN KEY (`country_id`) REFERENCES `countries` (`id`),
  CONSTRAINT `competitions_ibfk_2` FOREIGN KEY (`sports_id`) REFERENCES `sports` (`id`)
) ENGINE=InnoDB AUTO_INCREMENT=34 DEFAULT CHARSET=utf8mb4 COLLATE=utf8mb4_0900_ai_ci;
/*!40101 SET character_set_client = @saved_cs_client */;

--
-- Dumping data for table `competitions`
--

LOCK TABLES `competitions` WRITE;
/*!40000 ALTER TABLE `competitions` DISABLE KEYS */;
INSERT INTO `competitions` VALUES (1,'Lidl Starligue',6,4),(2,'Bundesliga',8,4),(3,'Liga ASOBAL',3,4),(4,'Herre Handbold Ligaen',7,4),(5,'World Championship',10,4),(6,'Top 14',6,3),(7,'Premiership Rugby',1,3),(8,'Premier League',2,3),(9,'Six Nations',12,3),(10,'Super Rugby',10,3),(11,'Euroleague',12,2),(12,'NBA',11,2),(13,'LNB',6,2),(14,'VTB United League',2,2),(15,'Energa Basket Liga',9,2),(16,'Lega A',4,2),(17,'ACB',3,2),(18,'Premier League',1,1),(19,'Championship',1,1),(20,'EFL Cup',1,1),(21,'Ligue 1',6,1),(22,'Bundesliga',8,1),(23,'2.Bundesliga',8,1),(24,'Serie A',4,1),(25,'Ekstraklasa',9,1),(26,'Premier League',2,1),(27,'FNL',2,1),(28,'LaLiga',3,1),(29,'Champions League',10,1),(30,'MLS',11,1),(31,'World Cup',12,1),(32,'A-League',5,1),(33,'Superliga',7,1);
/*!40000 ALTER TABLE `competitions` ENABLE KEYS */;
UNLOCK TABLES;

--
-- Table structure for table `countries`
--

DROP TABLE IF EXISTS `countries`;
/*!40101 SET @saved_cs_client     = @@character_set_client */;
/*!50503 SET character_set_client = utf8mb4 */;
CREATE TABLE `countries` (
  `id` bigint unsigned NOT NULL AUTO_INCREMENT,
  `name` varchar(255) DEFAULT NULL COMMENT 'Название страны',
  `flagname` varchar(255) DEFAULT NULL COMMENT 'Название файла с изображением флага',
  PRIMARY KEY (`id`),
  UNIQUE KEY `id` (`id`)
) ENGINE=InnoDB AUTO_INCREMENT=65 DEFAULT CHARSET=utf8mb4 COLLATE=utf8mb4_0900_ai_ci;
/*!40101 SET character_set_client = @saved_cs_client */;

--
-- Dumping data for table `countries`
--

LOCK TABLES `countries` WRITE;
/*!40000 ALTER TABLE `countries` DISABLE KEYS */;
INSERT INTO `countries` VALUES (1,'England','eng.png'),(2,'Russia','rus.png'),(3,'Spain','spa.png'),(4,'Italy','ita.png'),(5,'Australia','aus.png'),(6,'France','fr.png'),(7,'Denmark','den.png'),(8,'Germany','ger.png'),(9,'Poland','pln.png'),(10,'World','wrld.png'),(11,'USA','us.png'),(12,'Europe','eu.png'),(13,'Brazil','brazil.png'),(14,'Belgium','belgium.png'),(15,'Wales','wales.png'),(16,'Cote d\'Ivoire','cote d_ivoire.png'),(17,'Netherlands','netherlands.png'),(18,'Ireland','ireland.png'),(19,'South Korea','korea.png'),(20,'Argentina','argentina.png'),(21,'Portugal','portugal.png'),(22,'Colombia','colombia.png'),(23,'Scotland','scotland.png'),(24,'Morocco','morocco.png'),(25,'Nortern Ireland','northern ireland.png'),(26,'North Macedonia','north macedonia.png'),(27,'Cameroon','cameroon.png'),(28,'Egypt','egypt.png'),(29,'Guinea','guinea.png'),(30,'Japan','japan.png'),(31,'Switzerland','switzerland.png'),(32,'Greece','greece.png'),(33,'Senegal','senegal.png'),(34,'Iran','iran.png'),(35,'Romania','romania.png'),(36,'Mali','mali.png'),(37,'Austria','austria.png'),(38,'St.Kitts & Nevis','stkn.png'),(39,'Mexico','mexico.png'),(40,'Sweden','sweden.png'),(41,'Finland','finland.png'),(42,'Norway','norway.png'),(43,'Iceland','iceland.png'),(44,'DR Congo','drc.png'),(45,'Turkey','turkey.png'),(46,'Bosnia & Herzegovina','bos_her.png'),(47,'Kosovo','kosovo.png'),(48,'Slovakia','slovakia.png'),(49,'Israel','israel.png'),(50,'Hungary','hungary.png'),(51,'Jamaica','jamaica.png'),(52,'Gabon','gabon.png'),(53,'Ghana','ghana.png'),(54,'Croatia','croatia.png'),(55,'Serbia','serbia.png'),(56,'Czech Republic','czr.png'),(57,'Ukraine','ukraine.png'),(58,'Burkina Faso','bur_faso.png'),(59,'Zimbabwe','zimbabwe.png'),(60,'Nigeria','nigeria.png'),(61,'Algeria','algeria.png'),(62,'Paraguay','paraguay.png'),(63,'Uruguay','uruguay.png'),(64,'New Zealand','nz.png');
/*!40000 ALTER TABLE `countries` ENABLE KEYS */;
UNLOCK TABLES;

--
-- Temporary view structure for view `current_table_guest`
--

DROP TABLE IF EXISTS `current_table_guest`;
/*!50001 DROP VIEW IF EXISTS `current_table_guest`*/;
SET @saved_cs_client     = @@character_set_client;
/*!50503 SET character_set_client = utf8mb4 */;
/*!50001 CREATE VIEW `current_table_guest` AS SELECT 
 1 AS `Team`,
 1 AS `Played Matches`,
 1 AS `W`,
 1 AS `D`,
 1 AS `L`,
 1 AS `Goals Scored`,
 1 AS `Goals Conceded`,
 1 AS `Points`*/;
SET character_set_client = @saved_cs_client;

--
-- Temporary view structure for view `current_table_home`
--

DROP TABLE IF EXISTS `current_table_home`;
/*!50001 DROP VIEW IF EXISTS `current_table_home`*/;
SET @saved_cs_client     = @@character_set_client;
/*!50503 SET character_set_client = utf8mb4 */;
/*!50001 CREATE VIEW `current_table_home` AS SELECT 
 1 AS `Team`,
 1 AS `Played Matches`,
 1 AS `W`,
 1 AS `D`,
 1 AS `L`,
 1 AS `Goals Scored`,
 1 AS `Goals Conceded`,
 1 AS `Points`*/;
SET character_set_client = @saved_cs_client;

--
-- Temporary view structure for view `current_table_total`
--

DROP TABLE IF EXISTS `current_table_total`;
/*!50001 DROP VIEW IF EXISTS `current_table_total`*/;
SET @saved_cs_client     = @@character_set_client;
/*!50503 SET character_set_client = utf8mb4 */;
/*!50001 CREATE VIEW `current_table_total` AS SELECT 
 1 AS `Team`,
 1 AS `Played Matches`,
 1 AS `W`,
 1 AS `D`,
 1 AS `L`,
 1 AS `Goals Scored`,
 1 AS `Goals Conceded`,
 1 AS `Points`*/;
SET character_set_client = @saved_cs_client;

--
-- Table structure for table `events`
--

DROP TABLE IF EXISTS `events`;
/*!40101 SET @saved_cs_client     = @@character_set_client */;
/*!50503 SET character_set_client = utf8mb4 */;
CREATE TABLE `events` (
  `id` bigint unsigned NOT NULL AUTO_INCREMENT,
  `description` varchar(255) DEFAULT NULL COMMENT 'Описание события',
  PRIMARY KEY (`id`),
  UNIQUE KEY `id` (`id`)
) ENGINE=InnoDB AUTO_INCREMENT=15 DEFAULT CHARSET=utf8mb4 COLLATE=utf8mb4_0900_ai_ci;
/*!40101 SET character_set_client = @saved_cs_client */;

--
-- Dumping data for table `events`
--

LOCK TABLES `events` WRITE;
/*!40000 ALTER TABLE `events` DISABLE KEYS */;
INSERT INTO `events` VALUES (1,'Starting Lineup'),(2,'Goal'),(3,'Assist'),(4,'Own goal'),(5,'Yellow Card'),(6,'Red Card'),(7,'Substitution on'),(8,'Substitution off'),(9,'On the bench'),(10,'Penalty scored'),(11,'Penalty missed'),(12,'Foul'),(13,'Free kick'),(14,'Corner kick');
/*!40000 ALTER TABLE `events` ENABLE KEYS */;
UNLOCK TABLES;

--
-- Table structure for table `injuries`
--

DROP TABLE IF EXISTS `injuries`;
/*!40101 SET @saved_cs_client     = @@character_set_client */;
/*!50503 SET character_set_client = utf8mb4 */;
CREATE TABLE `injuries` (
  `id` bigint unsigned NOT NULL AUTO_INCREMENT,
  `start_date` date DEFAULT NULL,
  `end_date` date DEFAULT NULL,
  `player_id` bigint unsigned NOT NULL,
  `description` varchar(255) DEFAULT NULL COMMENT 'Описание травмы',
  PRIMARY KEY (`id`),
  UNIQUE KEY `id` (`id`),
  KEY `player_id` (`player_id`),
  CONSTRAINT `injuries_ibfk_1` FOREIGN KEY (`player_id`) REFERENCES `persons` (`id`)
) ENGINE=InnoDB AUTO_INCREMENT=518 DEFAULT CHARSET=utf8mb4 COLLATE=utf8mb4_0900_ai_ci;
/*!40101 SET character_set_client = @saved_cs_client */;

--
-- Dumping data for table `injuries`
--

LOCK TABLES `injuries` WRITE;
/*!40000 ALTER TABLE `injuries` DISABLE KEYS */;
INSERT INTO `injuries` VALUES (1,'2020-01-02','2020-01-22',81,'Calf Injury'),(2,'2019-09-23','2019-10-18',81,'Foot Injury'),(3,'2018-12-16','2019-01-05',81,'Thigh Injury'),(4,'2018-10-28','2018-11-10',81,'Knock'),(5,'2018-03-14','2018-04-02',81,'Ankle Injury'),(6,'2016-08-17','2016-08-26',81,'Ankle Injury'),(7,'2020-07-27','2020-09-04',69,'Injury'),(8,'2019-10-22','2019-10-25',69,'Illness'),(9,'2019-03-18','2019-03-30',69,'Lower Back Injury'),(10,'2019-03-11','2019-03-12',69,'Muscle Injury'),(11,'2019-01-13','2019-02-08',69,'Knee Injury'),(12,'2018-12-12','2018-12-25',69,'Foot Injury'),(13,'2020-10-04','2020-10-23',60,'Shoulder Injury'),(14,'2020-09-21','2020-09-27',60,'Injury'),(15,'2020-03-06','2020-06-15',60,'Muscle Injury'),(16,'2019-08-10','2019-10-18',60,'Calf Injury'),(17,'2020-06-15','2020-06-20',61,'Knock'),(18,'2016-05-01','2016-05-16',61,'Calf Injury'),(19,'2020-09-20','2020-09-26',64,'Knee Injury'),(20,'2018-12-06','2019-04-08',64,'Broken Leg'),(21,'2018-08-05','2018-08-11',64,'Knock'),(22,'2018-04-29','2018-07-06',64,'Ankle Injury'),(23,'2018-03-24','2018-04-20',64,'Ankle Injury'),(24,'2018-02-05','2018-02-13',64,'Knee Injury'),(25,'2016-08-01','2016-11-27',64,'Achilles Tendon Injury'),(26,'2015-10-14','2016-06-01',64,'Knee Injury'),(27,'2020-10-18',NULL,65,'Muscle Injury'),(28,'2020-09-13','2020-10-13',65,'Muscle Injury'),(29,'2020-06-22','2020-09-04',65,'Ankle Injury'),(30,'2019-10-22','2020-01-18',65,'Knee Injury'),(31,'2019-09-29','2019-10-18',65,'Knock'),(32,'2018-12-12','2019-01-11',65,'Shoulder Injury'),(33,'2018-07-23','2018-08-19',65,'Groin Injury'),(34,'2018-04-03','2018-07-13',65,'Thigh Injury'),(35,'2017-12-01','2017-12-25',65,'Muscle Injury'),(36,'2017-11-18','2017-11-25',65,'Thigh Injury'),(37,'2017-09-20','2017-09-22',65,'Knock'),(38,'2017-04-17','2017-04-23',65,'Muscle Injury'),(39,'2016-12-15','2017-01-20',65,'Ankle Injury'),(40,'2016-12-05','2016-12-10',65,'Ankle Injury'),(41,'2020-06-12','2020-06-23',67,'Knock'),(42,'2019-11-11','2019-11-22',67,'Ankle Injury'),(43,'2019-09-15','2019-09-16',67,'Knock'),(44,'2019-05-08','2019-05-11',67,'Calf Injury'),(45,'2019-02-25','2019-02-26',67,'Arm Injury'),(46,'2018-12-03','2018-12-07',67,'Thigh Injury'),(47,'2018-04-08','2018-04-09',67,'Injury'),(48,'2018-03-29','2018-03-30',67,'Thigh Injury'),(49,'2016-10-17','2016-11-25',67,'Achilles Tendon Injury'),(50,'2020-10-18',NULL,63,'Knee Injury'),(51,'2019-01-20','2019-01-29',63,'Illness'),(52,'2018-09-23','2018-09-28',63,'Chest Injury'),(53,'2018-01-12','2018-01-21',63,'Thigh Injury'),(54,'2017-08-10','2017-09-09',63,'Illness'),(55,'2017-01-25','2017-08-08',63,'Ankle Injury'),(56,'2020-10-18',NULL,72,'Knee Injury'),(57,'2020-06-11','2020-07-03',72,'Groin Injury'),(58,'2020-05-23','2020-06-04',72,'Groin Injury'),(59,'2019-08-17','2019-08-30',72,'Neck Injury'),(60,'2019-05-12','2019-05-17',72,'Knee Injury'),(61,'2019-01-28','2019-02-05',72,'Muscle Injury'),(62,'2018-10-31','2018-11-30',72,'Ankle Injury'),(63,'2018-09-16','2018-09-21',72,'Toe Injury'),(64,'2018-03-15','2018-03-22',72,'Foot Injury'),(65,'2017-11-23','2018-02-16',72,'Thigh Injury'),(66,'2017-09-21','2017-09-27',72,'Injury'),(67,'2017-08-02','2017-08-25',72,'Injury'),(68,'2017-01-08','2017-02-03',72,'Thigh Injury'),(69,'2016-12-14','2016-12-17',72,'Shin Injury'),(70,'2016-11-01','2016-11-04',72,'Injury'),(71,'2016-10-02','2016-10-05',72,'Injury'),(72,'2016-08-18','2016-08-25',72,'Muscle Injury'),(73,'2019-11-28','2020-01-18',71,'Ankle Injury'),(74,'2019-06-02','2019-07-10',71,'Injury'),(75,'2019-04-22','2019-04-30',71,'Head Injury'),(76,'2018-08-08','2018-08-11',71,'Illness'),(77,'2017-01-27','2017-01-28',71,'Illness'),(78,'2020-09-21','2020-10-03',75,'Thigh Injury'),(79,'2020-07-09','2020-09-11',75,'Knee Injury'),(80,'2020-02-19','2020-03-10',75,'Thigh Injury'),(81,'2019-12-27','2019-12-28',75,'Injury'),(82,'2019-03-14','2019-03-21',75,'Ankle Injury'),(83,'2019-01-31','2019-02-08',75,'Injury'),(84,'2019-01-04','2019-01-11',75,'Calf Injury'),(85,'2018-11-12','2018-11-23',75,'Thigh Injury'),(86,'2018-10-21','2018-11-10',75,'Thigh Injury'),(87,'2018-08-07','2018-08-11',75,'Injury'),(88,'2018-07-13','2018-07-13',75,'Injury'),(89,'2017-12-23','2018-01-26',75,'Thigh Injury'),(90,'2017-03-02','2017-07-09',75,'Ankle Injury'),(91,'2017-01-01','2017-01-14',75,'Injury'),(92,'2016-04-08','2016-05-14',75,'Knee Injury'),(93,'2020-10-20',NULL,74,'Lacking Match Fitness'),(94,'2020-10-11','2020-10-19',74,'Illness'),(95,'2020-02-25','2020-03-06',74,'Hip Injury'),(96,'2019-12-30','2020-01-25',74,'Groin Injury'),(97,'2019-11-01','2019-11-01',74,'Injury'),(98,'2019-08-10','2019-09-24',74,'Muscle Injury'),(99,'2019-05-02','2019-06-21',74,'Groin Injury'),(100,'2019-03-11','2019-03-30',74,'Ankle Injury'),(101,'2019-02-25','2019-02-26',74,'Illness'),(102,'2018-12-22','2018-12-25',74,'Chest Injury'),(103,'2018-10-17','2018-11-05',74,'Thigh Injury'),(104,'2018-10-04','2018-10-06',74,'Back Injury'),(105,'2018-05-13','2018-07-06',74,'Injury'),(106,'2018-04-27','2018-04-28',74,'Thigh Injury'),(107,'2018-04-10','2018-04-11',74,'Thigh Injury'),(108,'2018-03-19','2018-03-30',74,'Back Injury'),(109,'2018-02-20','2018-02-21',74,'Thigh Injury'),(110,'2018-01-18','2018-01-26',74,'Thigh Injury'),(111,'2017-09-29','2017-10-06',74,'Foot Injury'),(112,'2017-09-25','2017-09-25',74,'Groin Injury'),(113,'2017-09-09','2017-09-14',74,'Groin Injury'),(114,'2017-08-18','2017-08-18',74,'Knee Injury'),(115,'2017-07-20','2017-07-28',74,'Thigh Injury'),(116,'2017-03-08','2017-03-10',74,'Foot Injury'),(117,'2017-01-17','2017-01-20',74,'Ankle Injury'),(118,'2016-12-19','2016-12-20',74,'Thigh Injury'),(119,'2016-11-24','2016-11-24',74,'Foot Injury'),(120,'2020-09-21','2020-09-27',77,'Calf Injury'),(121,'2020-07-09','2020-07-21',77,'Muscle Injury'),(122,'2020-07-03','2020-07-07',77,'Thigh Injury'),(123,'2020-06-22','2020-07-01',77,'Thigh Injury'),(124,'2020-02-19','2020-03-02',77,'Muscle Injury'),(125,'2020-01-06','2020-02-14',77,'Muscle Injury'),(126,'2019-03-04','2019-03-12',77,'Thigh Injury'),(127,'2018-12-22','2019-01-02',77,'Thigh Injury'),(128,'2018-12-12','2018-12-15',77,'Thigh Injury'),(129,'2018-10-08','2018-10-19',77,'Thigh Injury'),(130,'2018-08-05','2018-08-11',77,'Head Injury'),(131,'2018-01-26','2018-01-26',77,'Thigh Injury'),(132,'2016-08-07','2016-08-17',77,'Heel Injury'),(133,'2019-12-15','2019-12-20',73,'Knee Injury'),(134,'2019-12-05','2019-12-09',73,'Thigh Injury'),(135,'2019-02-04','2019-02-08',73,'Knee Injury'),(136,'2019-01-13','2019-01-29',73,'Knee Injury'),(137,'2018-07-16','2018-07-25',73,'Injury'),(138,'2018-02-25','2018-03-09',73,'Illness'),(139,'2016-10-12','2016-10-21',73,'Thigh Injury'),(140,'2019-05-02','2019-05-29',86,'Groin Injury'),(141,'2019-04-22','2019-04-30',86,'Groin Injury'),(142,'2019-02-25','2019-03-02',86,'Ankle Injury'),(143,'2019-02-10','2019-02-18',86,'Illness'),(144,'2018-09-16','2018-09-17',86,'Head Injury'),(145,'2018-04-11','2018-04-13',86,'Back Injury'),(146,'2017-05-13','2017-05-20',86,'Muscle Injury'),(147,'2017-04-27','2017-04-30',86,'Knock'),(148,'2017-03-11','2017-03-18',86,'Groin Injury'),(149,'2016-09-15','2016-09-19',86,'Groin Injury'),(150,'2016-03-19','2016-04-02',86,'Thigh Injury'),(151,'2020-01-24','2020-02-14',80,'Thigh Injury'),(152,'2019-07-20','2019-08-08',80,'Injury'),(153,'2018-12-03','2018-12-07',80,'Leg Injury'),(154,'2018-11-25','2018-11-27',80,'Illness'),(155,'2018-10-14','2018-10-23',80,'Wrist Injury'),(156,'2018-05-12','2018-05-12',80,'Injury'),(157,'2018-04-25','2018-04-27',80,'Injury'),(158,'2017-11-12','2017-11-17',80,'Thigh Injury'),(159,'2017-10-10','2017-11-03',80,'Muscle Injury'),(160,'2017-04-03','2017-07-28',80,'Knee Injury'),(161,'2016-12-08','2016-12-10',80,'Muscle Injury'),(162,'2016-09-05','2016-09-07',80,'Knee Injury'),(163,'2016-08-16','2016-08-22',80,'Shoulder Injury'),(164,'2016-05-09','2016-05-14',80,'Illness'),(165,'2019-11-11','2019-11-22',83,'Ankle Injury'),(166,'2019-10-06','2019-10-22',83,'Ankle Injury'),(167,'2019-05-05','2019-05-11',83,'Head Injury'),(168,'2018-05-27','2018-06-14',83,'Shoulder Injury'),(169,'2018-04-05','2018-04-09',83,'Groin Injury'),(170,'2018-01-19','2018-01-21',83,'Illness'),(171,'2017-12-31','2018-01-13',83,'Knee Injury'),(172,'2017-09-12','2017-09-13',83,'Illness'),(173,'2017-05-25','2017-05-27',83,'Injury'),(174,'2016-12-01','2016-12-16',83,'Ankle Injury'),(175,'2020-02-23','2020-03-06',1,'Groin Injury'),(176,'2019-10-07','2020-01-21',1,'Elbow Injury'),(177,'2019-04-18','2019-04-22',1,'Muscle Injury'),(178,'2018-08-31','2018-10-02',1,'Thigh Injury'),(179,'2018-01-19','2018-01-30',1,'Illness'),(180,'2017-11-02','2017-11-17',1,'Groin Injury'),(181,'2017-05-19','2017-05-20',1,'Knee Injury'),(182,'2017-04-05','2017-04-08',1,'Illness'),(183,'2017-02-02','2017-02-03',1,'Illness'),(184,'2016-08-15','2016-09-08',1,'Muscle Injury'),(185,'2018-02-23','2018-03-16',6,'Thigh Injury'),(186,'2018-02-12','2018-02-17',6,'Lacking Match Fitness'),(187,'2017-11-02','2018-02-06',6,'Thigh Injury'),(188,'2017-02-26','2017-03-04',6,'Muscle Injury'),(189,'2017-01-23','2017-01-30',6,'Muscle Injury'),(190,'2016-12-20','2016-12-27',6,'Back Injury'),(191,'2016-10-17','2016-12-06',6,'Knee Injury'),(192,'2016-05-03','2016-05-07',6,'Knee Injury'),(193,'2020-10-23',NULL,14,'Knock'),(194,'2020-09-14','2020-09-19',14,'Knock'),(195,'2019-07-12','2019-08-09',14,'Wrist Injury'),(196,'2019-03-24','2019-05-11',14,'Thigh Injury'),(197,'2018-12-09','2019-01-03',14,'Groin Injury'),(198,'2018-09-27','2018-10-11',14,'Thigh Injury'),(199,'2018-05-06','2018-07-25',14,'Thigh Injury'),(200,'2018-01-23','2018-02-02',14,'Ankle Injury'),(201,'2017-03-22','2017-03-31',14,'Injury'),(202,'2016-10-27','2016-11-05',14,'Ankle Injury'),(203,'2016-09-01','2016-10-18',14,'Ankle Injury'),(204,'2020-03-02','2020-06-15',11,'Muscle Injury'),(205,'2019-11-24','2020-02-14',11,'Ankle Injury'),(206,'2019-06-12','2019-08-16',11,'Groin Injury'),(207,'2019-01-25','2019-02-22',11,'Groin Injury'),(208,'2017-10-16','2017-10-21',11,'Illness'),(209,'2016-11-05','2016-12-10',11,'Ankle Injury'),(210,'2019-08-26','2019-09-13',13,'Knee Injury'),(211,'2019-08-20','2019-08-24',13,'Illness'),(212,'2019-06-11','2019-08-07',13,'Injury'),(213,'2018-11-12','2018-11-24',13,'Head Injury'),(214,'2017-04-23','2017-07-11',13,'Muscle Injury'),(215,'2020-09-07','2020-09-26',10,'Ankle Injury'),(216,'2019-09-23','2019-09-28',10,'Stomach Disorder'),(217,'2019-08-24','2019-08-29',10,'Head Injury'),(218,'2019-05-06','2019-05-18',10,'Foot Injury'),(219,'2018-12-02','2018-12-14',10,'Injury'),(220,'2018-11-12','2018-11-30',10,'Muscle Injury'),(221,'2020-03-08','2020-06-15',5,'Injury'),(222,'2019-09-12','2019-09-17',5,'Ankle Injury'),(223,'2019-05-05','2019-05-31',5,'Thigh Injury'),(224,'2018-11-07','2018-12-22',5,'Thigh Injury'),(225,'2017-04-14','2017-04-15',5,'Back Injury'),(226,'2020-07-03','2020-07-25',21,'Thigh Injury'),(227,'2019-08-01','2019-08-23',21,'Thigh Injury'),(228,'2019-04-10','2019-04-16',21,'Wrist Injury'),(229,'2019-01-21','2019-03-08',21,'Thigh Injury'),(230,'2018-12-24','2018-12-28',21,'Thigh Injury'),(231,'2018-09-27','2018-10-28',21,'Thigh Injury'),(232,'2018-09-12','2018-09-21',21,'Thigh Injury'),(233,'2018-03-12','2018-03-15',21,'Knock'),(234,'2017-11-05','2017-11-17',21,'Muscle Injury'),(235,'2016-11-05','2016-11-18',21,'Knee Injury'),(236,'2020-03-08','2020-06-15',23,'Ankle Injury'),(237,'2019-10-25','2019-11-23',23,'Muscle Injury'),(238,'2019-02-04','2019-02-09',23,'Ankle Injury'),(239,'2018-10-21','2018-11-02',23,'Ankle Injury'),(240,'2018-09-04','2018-09-14',23,'Groin Injury'),(241,'2018-05-07','2018-07-13',23,'Knee Injury'),(242,'2017-10-21','2017-10-28',23,'Knee Injury'),(243,'2017-01-14','2017-01-27',23,'Knee Injury'),(244,'2020-10-12',NULL,7,'Thigh Injury'),(245,'2019-08-26','2019-09-13',7,'Hip Injury'),(246,'2019-06-02','2019-08-09',7,'Injury'),(247,'2019-03-23','2019-04-19',7,'Hip Injury'),(248,'2019-02-03','2019-03-04',7,'Illness'),(249,'2018-12-12','2019-01-19',7,'Surgery'),(250,'2018-10-30','2018-11-09',7,'Thigh Injury'),(251,'2018-05-09','2018-05-12',7,'Injury'),(252,'2018-03-10','2018-03-10',7,'Elbow Injury'),(253,'2016-09-19','2016-10-01',7,'Injury'),(254,'2020-06-26','2020-07-08',15,'Ankle Injury'),(255,'2020-10-05','2020-10-21',26,'Knock'),(256,'2020-02-03','2020-02-18',26,'Thigh Injury'),(257,'2019-10-23','2019-12-25',26,'Thigh Injury'),(258,'2019-03-10','2019-05-07',26,'Thigh Injury'),(259,'2019-02-03','2019-02-12',26,'Lower Back Injury'),(260,'2018-12-27','2019-01-07',26,'Illness'),(261,'2018-11-29','2018-12-10',26,'Thigh Injury'),(262,'2018-08-19','2018-09-14',26,'Thigh Injury'),(263,'2018-07-27','2018-08-17',26,'Muscle Injury'),(264,'2018-01-26','2018-01-30',26,'Buttock Injury'),(265,'2016-10-30','2017-11-17',26,'Hip Injury'),(266,'2020-10-02','2020-10-21',17,'Muscle Injury'),(267,'2020-07-27','2020-09-16',17,'Thigh Injury'),(268,'2020-03-11','2020-06-18',17,'Thigh Injury'),(269,'2020-02-03','2020-02-14',17,'Thigh Injury'),(270,'2019-09-07','2019-10-21',17,'Hip Injury'),(271,'2020-03-11','2020-06-22',24,'Knock'),(272,'2019-01-05','2019-01-23',24,'Knee Injury'),(273,'2018-02-02','2018-02-09',24,'Lacking Match Fitness'),(274,'2017-11-20','2017-12-08',24,'Convalescence'),(275,'2017-10-21','2017-10-25',24,'Lacking Match Fitness'),(276,'2017-08-12','2017-09-07',24,'Injury'),(277,'2017-03-11','2017-03-13',24,'Injury'),(278,'2020-09-25','2020-09-26',16,'Injury'),(279,'2020-07-13','2020-09-04',16,'Knock'),(280,'2020-01-02','2020-01-21',16,'Groin Injury'),(281,'2019-12-05','2019-12-21',16,'Groin Injury'),(282,'2019-11-18','2019-11-25',16,'Groin Injury'),(283,'2019-08-18','2019-09-13',16,'Thigh Injury'),(284,'2019-02-16','2019-02-18',16,'Ankle Injury'),(285,'2018-12-17','2019-01-04',16,'Muscle Injury'),(286,'2018-12-06','2018-12-11',16,'Foot Injury'),(287,'2018-09-27','2018-09-28',16,'Injury'),(288,'2020-09-25','2020-09-28',19,'Illness'),(289,'2020-07-27','2020-08-27',19,'Thigh Injury'),(290,'2020-01-07','2020-03-13',19,'Knee Injury'),(291,'2019-04-18','2019-04-29',19,'Groin Injury'),(292,'2019-01-25','2019-01-29',19,'Groin Injury'),(293,'2019-01-14','2019-01-23',19,'Groin Injury'),(294,'2018-12-24','2018-12-25',19,'Knock'),(295,'2018-08-31','2018-09-21',19,'Thigh Injury'),(296,'2018-07-30','2018-08-10',19,'Thigh Injury'),(297,'2017-07-17','2017-07-29',19,'Illness'),(298,'2016-09-26','2016-10-01',19,'Concussion'),(299,'2019-12-05','2019-12-14',18,'Ankle Injury'),(300,'2019-04-10','2019-05-31',18,'Groin Injury'),(301,'2019-03-06','2019-04-02',18,'Hip Injury'),(302,'2019-02-28','2019-03-04',18,'Hip Injury'),(303,'2018-03-01','2018-08-17',18,'Ankle Injury'),(304,'2018-01-05','2018-02-02',18,'Ankle Injury'),(305,'2017-11-27','2017-12-01',18,'Illness'),(306,'2017-04-03','2017-06-30',18,'Ankle Injury'),(307,'2020-09-07','2020-10-17',25,'Knee Injury'),(308,'2020-02-17','2020-02-24',25,'Stomach Disorder'),(309,'2020-01-23','2020-02-08',25,'Ankle Injury'),(310,'2020-01-05','2020-01-17',25,'Illness'),(311,'2019-12-01','2019-12-09',25,'Thigh Injury'),(312,'2019-10-14','2019-11-15',25,'Calf Injury'),(313,'2019-09-30','2019-10-02',25,'Rest'),(314,'2019-03-09','2019-03-15',25,'Ankle Injury'),(315,'2019-01-04','2019-01-26',25,'Calf Injury'),(316,'2018-12-13','2018-12-18',25,'Ankle Injury'),(317,'2018-12-02','2018-12-08',25,'Thigh Injury'),(318,'2018-10-07','2018-10-19',25,'Muscle Injury'),(319,'2018-09-30','2018-10-05',25,'Groin Injury'),(320,'2017-11-29','2017-12-15',25,'Calf Injury'),(321,'2017-10-01','2017-11-27',25,'Calf Injury'),(322,'2017-09-29','2017-10-02',25,'Injury'),(323,'2017-04-24','2017-05-20',25,'Calf Injury'),(324,'2017-04-14','2017-04-22',25,'Calf Injury'),(325,'2017-02-27','2017-02-28',25,'Foot Injury'),(326,'2016-11-23','2017-02-17',25,'Ankle Injury'),(327,'2016-09-15','2016-09-20',25,'Injury'),(328,'2020-01-02','2020-06-15',28,'Muscle Injury'),(329,'2019-10-28','2019-11-05',28,'Illness'),(330,'2019-04-10','2019-05-30',28,'Ankle Injury'),(331,'2019-01-14','2019-02-22',28,'Ankle Injury'),(332,'2018-03-12','2018-03-31',28,'Ankle Injury'),(333,'2018-02-19','2018-02-22',28,'Ankle Injury'),(334,'2017-12-30','2018-01-01',28,'Illness'),(335,'2017-10-27','2017-10-31',28,'Muscle Injury'),(336,'2017-03-13','2017-04-08',28,'Foot Injury'),(337,'2017-03-02','2017-03-04',28,'Knock'),(338,'2017-01-25','2017-01-30',28,'Groin Injury'),(339,'2016-09-19','2016-11-05',28,'Ankle Injury'),(340,'2020-09-28','2020-10-03',22,'Thigh Injury'),(341,'2020-02-18','2020-06-15',22,'Arm Injury'),(342,'2019-01-31','2019-02-01',22,'Thigh Injury'),(343,'2017-07-10','2017-08-12',22,'Arm Injury'),(344,'2020-10-21',NULL,146,'Shoulder Injury'),(345,'2019-02-20','2019-02-23',146,'Thigh Injury'),(346,'2017-12-17','2018-02-03',146,'Foot Injury'),(347,'2017-01-09','2017-03-11',146,'Hip Injury'),(348,'2016-10-18','2016-10-29',146,'Groin Injury'),(349,'2020-10-04','2020-10-14',147,'Thigh Injury'),(350,'2020-09-23','2020-09-28',147,'Overload'),(351,'2020-08-23','2020-09-18',147,'Injury'),(352,'2019-10-28','2019-11-02',147,'Calf Injury'),(353,'2019-07-20','2019-08-17',147,'Broken Hand'),(354,'2018-07-12','2018-08-10',147,'Finger Injury'),(355,'2019-12-23','2020-01-20',156,'Thigh Injury'),(356,'2019-04-12','2019-04-27',156,'Buttock Injury'),(357,'2019-04-01','2019-04-10',156,'Thigh Injury'),(358,'2018-11-05','2018-11-10',156,'Injury'),(359,'2018-02-01','2018-02-19',156,'Muscle Injury'),(360,'2017-04-16','2017-04-21',156,'Injury'),(361,'2017-01-10','2017-01-13',156,'Muscle Injury'),(362,'2017-01-03','2017-01-03',156,'Ankle Injury'),(363,'2020-08-30','2020-09-12',158,'Thigh Injury'),(364,'2020-08-02','2020-08-28',158,'Thigh Injury'),(365,'2019-12-23','2019-12-25',158,'Thigh Injury'),(366,'2020-10-09','2020-10-16',154,'Foot Injury'),(367,'2020-07-05','2020-09-22',154,'Foot Injury'),(368,'2020-03-05','2020-03-13',154,'Thigh Injury'),(369,'2019-12-02','2019-12-07',154,'Groin Injury'),(370,'2019-08-12','2019-08-30',154,'Groin Injury'),(371,'2019-02-11','2019-02-25',154,'Knock'),(372,'2018-12-09','2018-12-21',154,'Knee Injury'),(373,'2018-04-29','2018-07-20',154,'Ankle Injury'),(374,'2017-12-27','2018-01-05',154,'Illness'),(375,'2017-10-09','2017-10-15',154,'Knock'),(376,'2016-10-27','2016-12-01',154,'Muscle Injury'),(377,'2020-06-26','2020-07-02',151,'Hip Injury'),(378,'2020-03-01','2020-03-07',151,'Knock'),(379,'2019-10-13','2019-11-04',151,'Thigh Injury'),(380,'2019-09-23','2019-09-27',151,'Knee Injury'),(381,'2019-08-12','2019-08-16',151,'Knock'),(382,'2019-05-10','2019-05-11',151,'Knock'),(383,'2018-12-20','2018-12-29',151,'Thigh Injury'),(384,'2018-09-27','2018-10-03',151,'Illness'),(385,'2018-03-23','2018-03-31',151,'Injury'),(386,'2018-02-01','2018-02-11',151,'Thigh Injury'),(387,'2018-01-21','2018-01-23',151,'Face Injury'),(388,'2017-03-08','2017-03-11',151,'Groin Injury'),(389,'2017-01-16','2017-01-20',151,'Achilles Tendon Injury'),(390,'2016-11-19','2016-11-18',151,'Hip Injury'),(391,'2016-10-17','2016-11-13',151,'Muscle Injury'),(392,'2020-10-16','2020-10-19',153,'Rest'),(393,'2020-08-24','2020-09-22',153,'Overload'),(394,'2020-02-24','2020-07-11',153,'Thigh Injury'),(395,'2020-01-27','2020-02-11',153,'Groin Injury'),(396,'2019-10-28','2019-11-05',153,'Injury'),(397,'2019-04-15','2019-06-05',153,'Knee Injury'),(398,'2018-10-08','2018-11-01',153,'Muscle Injury'),(399,'2018-05-11','2018-05-18',153,'Muscle Injury'),(400,'2018-04-30','2018-05-07',153,'Muscle Injury'),(401,'2018-01-30','2018-02-02',153,'Thigh Injury'),(402,'2017-12-08','2017-12-19',153,'Knee Injury'),(403,'2017-12-01','2017-12-03',153,'Convalescence'),(404,'2017-10-06','2017-10-21',153,'Thigh Injury'),(405,'2017-05-20','2017-05-26',153,'Injury'),(406,'2017-04-04','2017-04-17',153,'Injury'),(407,'2017-03-27','2017-03-28',153,'Knee Injury'),(408,'2017-03-22','2017-03-30',153,'Injury'),(409,'2017-02-14','2017-02-25',153,'Calf Injury'),(410,'2020-03-09','2020-07-13',152,'Muscle Injury'),(411,'2019-12-08','2019-12-21',152,'Hip Injury'),(412,'2019-04-28','2019-04-30',152,'Leg Injury'),(413,'2019-09-26','2019-10-01',150,'Illness'),(414,'2018-08-01','2018-08-09',150,'Knee Injury'),(415,'2018-04-02','2018-04-06',150,'Knee Injury'),(416,'2017-12-14','2017-12-22',150,'Thigh Injury'),(417,'2016-11-04','2016-12-13',150,'Lacking Match Fitness'),(418,'2016-08-08','2016-10-31',150,'Convalescence'),(419,'2016-02-08','2016-07-27',150,'Knee Injury'),(420,'2020-06-06','2020-06-13',165,'Muscle Injury'),(421,'2019-11-11','2019-11-29',165,'Muscle Injury'),(422,'2019-10-23','2019-10-28',165,'Illness'),(423,'2019-02-03','2019-02-07',165,'Hip Injury'),(424,'2018-10-08','2018-10-19',165,'Knee Injury'),(425,'2017-08-16','2017-09-04',165,'Thigh Injury'),(426,'2020-09-15','2020-09-19',160,'Thigh Injury'),(427,'2018-10-21','2018-10-26',160,'Injury'),(428,'2017-09-03','2017-09-09',160,'Foot Injury'),(429,'2020-10-12','2020-10-16',161,'Muscle Injury'),(430,'2020-07-05','2020-07-31',161,'Thigh Injury'),(431,'2020-02-18','2020-06-15',161,'Muscle Injury'),(432,'2020-01-02','2020-01-17',161,'Thigh Injury'),(433,'2019-10-15','2019-11-04',161,'Groin Injury'),(434,'2019-09-23','2019-10-01',161,'Ankle Injury'),(435,'2019-08-19','2019-09-21',161,'Ankle Injury'),(436,'2019-08-12','2019-08-13',161,'Knock'),(437,'2019-05-06','2019-05-28',161,'Knee Injury'),(438,'2019-04-23','2019-04-27',161,'Chest Injury'),(439,'2018-03-04','2018-03-09',161,'Illness'),(440,'2017-10-08','2017-11-03',161,'Thigh Injury'),(441,'2017-05-08','2017-05-11',161,'Thigh Injury'),(442,'2020-07-02','2020-07-10',162,'Achilles Tendon Injury'),(443,'2020-03-01','2020-06-15',162,'Achilles Tendon Injury'),(444,'2019-09-01','2019-09-13',162,'Achilles Tendon Injury'),(445,'2018-12-09','2018-12-15',162,'Thigh Injury'),(446,'2018-11-16','2018-11-23',162,'Muscle Injury'),(447,'2018-09-16','2018-09-22',162,'Thigh Injury'),(448,'2017-09-14','2017-11-24',162,'Groin Injury'),(449,'2016-12-19','2017-01-11',162,'Ankle Injury'),(450,'2016-11-07','2016-11-11',162,'Ankle Injury'),(451,'2019-11-06','2019-11-08',166,'Ankle Injury'),(452,'2019-09-18','2019-09-21',166,'Ankle Injury'),(453,'2019-01-27','2019-03-29',166,'Muscle Injury'),(454,'2018-11-01','2018-11-23',166,'Ankle Injury'),(455,'2018-10-28','2018-10-30',166,'Foot Injury'),(456,'2020-08-02','2020-10-02',168,'Thigh Injury'),(457,'2020-06-29','2020-06-30',168,'Calf Injury'),(458,'2020-01-02','2020-06-15',168,'Groin Injury'),(459,'2019-12-27','2019-12-31',168,'Thigh Injury'),(460,'2019-11-10','2019-11-22',168,'Groin Injury'),(461,'2019-03-17','2019-04-20',168,'Thigh Injury'),(462,'2019-02-14','2019-03-04',168,'Muscle Injury'),(463,'2018-11-30','2018-12-07',168,'Calf Injury'),(464,'2018-09-30','2018-10-19',168,'Calf Injury'),(465,'2018-08-27','2018-09-17',168,'Muscle Injury'),(466,'2018-03-16','2018-03-17',168,'Illness'),(467,'2018-02-19','2018-02-21',168,'Foot Injury'),(468,'2018-01-07','2018-01-18',168,'Shin Injury'),(469,'2017-11-18','2017-11-24',168,'Muscle Injury'),(470,'2020-02-26','2020-06-15',173,'Ankle Injury'),(471,'2020-02-14','2020-02-21',173,'Ankle Injury'),(472,'2020-01-22','2020-01-31',173,'Ankle Injury'),(473,'2019-12-05','2019-12-06',173,'Hip Injury'),(474,'2019-11-28','2019-12-03',173,'Hip Injury'),(475,'2019-04-20','2019-05-10',173,'Shoulder Injury'),(476,'2019-03-17','2019-03-29',173,'Calf Injury'),(477,'2018-09-29','2018-10-01',173,'Calf Injury'),(478,'2017-12-31','2018-01-26',173,'Hip Injury'),(479,'2017-11-20','2017-11-25',173,'Injury'),(480,'2017-08-06','2017-08-11',173,'Groin Injury'),(481,'2020-01-06','2020-01-31',174,'Groin Injury'),(482,'2019-12-05','2020-01-04',174,'Ankle Injury'),(483,'2019-09-18','2019-10-01',174,'Illness'),(484,'2018-12-31','2019-01-07',174,'Ankle Injury'),(485,'2018-10-29','2018-11-07',174,'Leg Injury'),(486,'2018-02-02','2018-02-04',174,'Lacking Match Fitness'),(487,'2017-12-20','2018-01-30',174,'Thigh Injury'),(488,'2017-11-17','2017-11-21',174,'Thigh Injury'),(489,'2017-02-02','2017-02-03',174,'Ankle Injury'),(490,'2017-01-16','2017-01-18',174,'Ankle Injury'),(491,'2016-11-28','2016-12-05',174,'Muscle Injury'),(492,'2016-09-29','2016-10-20',174,'Ankle Injury'),(493,'2016-09-16','2016-09-23',174,'Foot Injury'),(494,'2016-08-13','2016-08-19',174,'Lacking Match Fitness'),(495,'2020-02-02','2020-06-29',169,'Ankle Injury'),(496,'2019-11-18','2019-11-29',169,'Thigh Injury'),(497,'2019-09-22','2019-09-24',169,'Injury'),(498,'2019-09-14','2019-09-20',169,'Injury'),(499,'2019-04-23','2019-09-13',169,'Achilles Tendon Injury'),(500,'2018-12-27','2019-01-04',169,'Thigh Injury'),(501,'2018-09-30','2018-10-10',169,'Knock'),(502,'2020-09-15','2020-09-19',172,'Thigh Injury'),(503,'2020-03-08','2020-03-09',172,'Injury'),(504,'2020-02-23','2020-02-29',172,'Muscle Injury'),(505,'2019-08-26','2019-08-29',172,'Thigh Injury'),(506,'2019-01-28','2019-02-08',172,'Illness'),(507,'2018-11-04','2018-11-10',172,'Toe Injury'),(508,'2018-10-21','2018-10-24',172,'Buttock Injury'),(509,'2018-09-16','2018-09-22',172,'Groin Injury'),(510,'2018-04-14','2018-04-14',172,'Thigh Injury'),(511,'2018-03-19','2018-03-22',172,'Injury'),(512,'2017-07-26','2017-08-04',172,'Muscle Injury'),(513,'2017-05-01','2017-05-05',172,'Ankle Injury'),(514,'2017-03-23','2017-04-04',172,'Thigh Injury'),(515,'2017-02-01','2017-02-10',172,'Illness'),(516,'2016-12-01','2016-12-02',172,'Muscle Injury'),(517,'2016-10-09','2016-10-12',172,'Injury');
/*!40000 ALTER TABLE `injuries` ENABLE KEYS */;
UNLOCK TABLES;
/*!50003 SET @saved_cs_client      = @@character_set_client */ ;
/*!50003 SET @saved_cs_results     = @@character_set_results */ ;
/*!50003 SET @saved_col_connection = @@collation_connection */ ;
/*!50003 SET character_set_client  = utf8mb4 */ ;
/*!50003 SET character_set_results = utf8mb4 */ ;
/*!50003 SET collation_connection  = utf8mb4_0900_ai_ci */ ;
/*!50003 SET @saved_sql_mode       = @@sql_mode */ ;
/*!50003 SET sql_mode              = 'ONLY_FULL_GROUP_BY,STRICT_TRANS_TABLES,NO_ZERO_IN_DATE,NO_ZERO_DATE,ERROR_FOR_DIVISION_BY_ZERO,NO_ENGINE_SUBSTITUTION' */ ;
DELIMITER ;;
/*!50003 CREATE*/ /*!50017 DEFINER=`root`@`localhost`*/ /*!50003 TRIGGER `injury_status_on_insert` AFTER INSERT ON `injuries` FOR EACH ROW BEGIN
	IF NEW.end_date is NULL THEN UPDATE persons SET status = 'injured' WHERE id = NEW.player_id;
	END IF;
END */;;
DELIMITER ;
/*!50003 SET sql_mode              = @saved_sql_mode */ ;
/*!50003 SET character_set_client  = @saved_cs_client */ ;
/*!50003 SET character_set_results = @saved_cs_results */ ;
/*!50003 SET collation_connection  = @saved_col_connection */ ;

--
-- Table structure for table `match_stats`
--

DROP TABLE IF EXISTS `match_stats`;
/*!40101 SET @saved_cs_client     = @@character_set_client */;
/*!50503 SET character_set_client = utf8mb4 */;
CREATE TABLE `match_stats` (
  `id` bigint unsigned NOT NULL AUTO_INCREMENT,
  `person_id` bigint unsigned NOT NULL,
  `match_id` bigint unsigned NOT NULL,
  `event_id` bigint unsigned NOT NULL,
  `event_time` time DEFAULT '00:00:00',
  `reason` varchar(255) DEFAULT NULL COMMENT 'Причина события, если требуется',
  PRIMARY KEY (`id`),
  UNIQUE KEY `id` (`id`),
  KEY `index_person_match` (`person_id`,`match_id`),
  KEY `match_id` (`match_id`),
  KEY `event_id` (`event_id`),
  CONSTRAINT `match_stats_ibfk_1` FOREIGN KEY (`match_id`) REFERENCES `matches` (`id`),
  CONSTRAINT `match_stats_ibfk_2` FOREIGN KEY (`person_id`) REFERENCES `persons` (`id`),
  CONSTRAINT `match_stats_ibfk_3` FOREIGN KEY (`event_id`) REFERENCES `events` (`id`)
) ENGINE=InnoDB AUTO_INCREMENT=342 DEFAULT CHARSET=utf8mb4 COLLATE=utf8mb4_0900_ai_ci;
/*!40101 SET character_set_client = @saved_cs_client */;

--
-- Dumping data for table `match_stats`
--

LOCK TABLES `match_stats` WRITE;
/*!40000 ALTER TABLE `match_stats` DISABLE KEYS */;
INSERT INTO `match_stats` VALUES (1,1,47,1,'00:00:00',NULL),(2,10,47,1,'00:00:00',NULL),(3,6,47,1,'00:00:00',NULL),(4,15,47,1,'00:00:00',NULL),(5,5,47,1,'00:00:00',NULL),(6,22,47,1,'00:00:00',NULL),(7,28,47,1,'00:00:00',NULL),(8,19,47,1,'00:00:00',NULL),(9,23,47,1,'00:00:00',NULL),(10,14,47,1,'00:00:00',NULL),(11,16,47,1,'00:00:00',NULL),(12,3,47,9,'00:00:00',NULL),(13,13,47,9,'00:00:00',NULL),(14,18,47,9,'00:00:00',NULL),(15,25,47,9,'00:00:00',NULL),(16,24,47,9,'00:00:00',NULL),(17,11,47,9,'00:00:00',NULL),(18,29,47,9,'00:00:00',NULL),(19,22,47,2,'00:01:00',NULL),(20,28,47,3,'00:01:00',NULL),(21,28,47,2,'00:08:00',NULL),(22,22,47,3,'00:08:00',NULL),(23,28,47,2,'00:16:00',NULL),(24,10,47,3,'00:16:00',NULL),(25,25,47,7,'01:12:00',NULL),(26,23,47,8,'01:12:00',NULL),(27,18,47,7,'01:13:00',NULL),(28,16,47,8,'01:13:00',NULL),(29,24,47,7,'01:20:00',NULL),(30,22,47,8,'01:20:00',NULL),(31,348,47,1,'00:00:00',NULL),(32,355,47,1,'00:00:00',NULL),(33,352,47,1,'00:00:00',NULL),(34,358,47,1,'00:00:00',NULL),(35,364,47,1,'00:00:00',NULL),(36,365,47,1,'00:00:00',NULL),(37,353,47,1,'00:00:00',NULL),(38,356,47,1,'00:00:00',NULL),(39,361,47,1,'00:00:00',NULL),(40,369,47,1,'00:00:00',NULL),(41,360,47,1,'00:00:00',NULL),(42,349,47,9,'00:00:00',NULL),(43,366,47,9,'00:00:00',NULL),(44,363,47,9,'00:00:00',NULL),(45,367,47,9,'00:00:00',NULL),(46,362,47,9,'00:00:00',NULL),(47,351,47,9,'00:00:00',NULL),(48,357,47,9,'00:00:00',NULL),(49,369,47,5,'00:20:00','Tripping'),(50,353,47,5,'01:13:00','Roughing'),(51,361,47,5,'01:17:00','Roughing'),(52,369,47,8,'01:17:00',NULL),(53,366,47,7,'01:17:00',NULL),(54,364,47,8,'01:17:00',NULL),(55,363,47,7,'01:17:00',NULL),(56,352,47,2,'01:22:00',NULL),(57,355,47,3,'01:22:00',NULL),(58,5,47,4,'01:25:00',NULL),(59,356,47,5,'01:29:00','Holding'),(60,367,47,7,'01:30:00',NULL),(61,356,47,8,'01:30:00',NULL),(62,363,47,2,'01:34:00',NULL),(63,363,47,5,'01:35:00','Unsportsmanlike conduct)'),(64,1,60,1,'00:00:00',NULL),(65,13,60,1,'00:00:00',NULL),(66,6,60,1,'00:00:00',NULL),(67,15,60,1,'00:00:00',NULL),(68,22,60,1,'00:00:00',NULL),(69,28,60,1,'00:00:00',NULL),(70,7,60,1,'00:00:00',NULL),(71,19,60,1,'00:00:00',NULL),(72,24,60,1,'00:00:00',NULL),(73,16,60,1,'00:00:00',NULL),(74,11,60,1,'00:00:00',NULL),(75,3,60,9,'00:00:00',NULL),(76,10,60,9,'00:00:00',NULL),(77,25,60,9,'00:00:00',NULL),(78,26,60,9,'00:00:00',NULL),(79,17,60,9,'00:00:00',NULL),(80,29,60,9,'00:00:00',NULL),(81,26,60,7,'00:57:00',NULL),(82,24,60,8,'00:57:00',NULL),(83,22,60,2,'01:16:00',NULL),(84,28,60,3,'01:16:00',NULL),(85,16,60,8,'01:19:00',NULL),(86,17,60,7,'01:19:00',NULL),(87,235,60,1,'00:00:00',NULL),(88,246,60,1,'00:00:00',NULL),(89,244,60,1,'00:00:00',NULL),(90,239,60,1,'00:00:00',NULL),(91,255,60,1,'00:00:00',NULL),(92,250,60,1,'00:00:00',NULL),(93,256,60,1,'00:00:00',NULL),(94,257,60,1,'00:00:00',NULL),(95,254,60,1,'00:00:00',NULL),(96,249,60,1,'00:00:00',NULL),(97,241,60,1,'00:00:00',NULL),(98,236,60,9,'00:00:00',NULL),(99,253,60,9,'00:00:00',NULL),(100,251,60,9,'00:00:00',NULL),(101,258,60,9,'00:00:00',NULL),(102,259,60,9,'00:00:00',NULL),(103,242,60,9,'00:00:00',NULL),(104,250,60,5,'00:02:00','Tripping'),(105,241,60,5,'01:20:00','Tripping'),(106,258,60,7,'01:24:00',NULL),(107,255,60,8,'01:24:00',NULL),(108,259,60,7,'01:29:00',NULL),(109,257,60,8,'01:29:00',NULL),(110,1,39,1,'00:00:00',NULL),(111,10,39,1,'00:00:00',NULL),(112,15,39,1,'00:00:00',NULL),(113,5,39,1,'00:00:00',NULL),(114,22,39,1,'00:00:00',NULL),(115,28,39,1,'00:00:00',NULL),(116,26,39,1,'00:00:00',NULL),(117,7,39,1,'00:00:00',NULL),(118,19,39,1,'00:00:00',NULL),(119,14,39,1,'00:00:00',NULL),(120,16,39,1,'00:00:00',NULL),(121,3,39,9,'00:00:00',NULL),(122,13,39,9,'00:00:00',NULL),(123,6,39,9,'00:00:00',NULL),(124,18,39,9,'00:00:00',NULL),(125,21,39,9,'00:00:00',NULL),(126,24,39,9,'00:00:00',NULL),(127,11,39,9,'00:00:00',NULL),(128,26,39,5,'00:29:00','Roughing'),(129,16,39,2,'00:04:00',NULL),(130,22,39,2,'00:07:00',NULL),(131,28,39,3,'00:07:00',NULL),(132,28,39,2,'00:30:00',NULL),(133,22,39,3,'00:30:00',NULL),(134,22,39,2,'00:37:00',NULL),(135,14,39,3,'00:37:00',NULL),(136,26,39,8,'00:45:00',NULL),(137,24,39,7,'00:45:00',NULL),(138,14,39,2,'00:51:00',NULL),(139,15,39,3,'00:51:00',NULL),(140,21,39,7,'01:09:00',NULL),(141,16,39,8,'01:09:00',NULL),(142,22,39,8,'01:13:00',NULL),(143,11,39,7,'01:13:00',NULL),(144,28,39,10,'01:19:00',NULL),(145,260,39,1,'00:00:00',NULL),(146,266,39,1,'00:00:00',NULL),(147,264,39,1,'00:00:00',NULL),(148,276,39,1,'00:00:00',NULL),(149,287,39,1,'00:00:00',NULL),(150,283,39,1,'00:00:00',NULL),(151,285,39,1,'00:00:00',NULL),(152,280,39,1,'00:00:00',NULL),(153,271,39,1,'00:00:00',NULL),(154,273,39,1,'00:00:00',NULL),(155,275,39,1,'00:00:00',NULL),(156,261,39,9,'00:00:00',NULL),(157,265,39,9,'00:00:00',NULL),(158,282,39,9,'00:00:00',NULL),(159,281,39,9,'00:00:00',NULL),(160,279,39,9,'00:00:00',NULL),(161,277,39,9,'00:00:00',NULL),(162,278,39,9,'00:00:00',NULL),(163,287,39,6,'00:28:00','Roughing'),(164,266,39,5,'01:03:00','Roughing'),(165,271,39,5,'01:24:00','Tripping'),(166,280,39,10,'00:02:00',NULL),(167,279,39,7,'00:45:00',NULL),(168,280,39,8,'00:45:00',NULL),(169,278,39,7,'00:45:00',NULL),(170,275,39,8,'00:45:00',NULL),(171,277,39,7,'01:07:00',NULL),(172,285,39,8,'01:07:00',NULL),(173,1,26,1,'00:00:00',NULL),(174,13,26,1,'00:00:00',NULL),(175,15,26,1,'00:00:00',NULL),(176,5,26,1,'00:00:00',NULL),(177,22,26,1,'00:00:00',NULL),(178,18,26,1,'00:00:00',NULL),(179,28,26,1,'00:00:00',NULL),(180,7,26,1,'00:00:00',NULL),(181,17,26,1,'00:00:00',NULL),(182,24,26,1,'00:00:00',NULL),(183,11,26,1,'00:00:00',NULL),(184,3,26,9,'00:00:00',NULL),(185,10,26,9,'00:00:00',NULL),(186,6,26,9,'00:00:00',NULL),(187,26,26,9,'00:00:00',NULL),(188,23,26,9,'00:00:00',NULL),(189,16,26,9,'00:00:00',NULL),(190,20,26,9,'00:00:00',NULL),(191,18,26,5,'01:36:00','Unsportsmanlike conduct'),(192,24,26,2,'00:25:00',NULL),(193,28,26,3,'00:25:00',NULL),(194,23,26,7,'00:45:00',NULL),(195,22,26,8,'00:45:00',NULL),(196,16,26,7,'01:17:00',NULL),(197,17,26,8,'01:17:00',NULL),(198,26,26,7,'01:19:00',NULL),(199,24,26,8,'01:19:00',NULL),(200,176,26,1,'00:00:00',NULL),(201,179,26,1,'00:00:00',NULL),(202,193,26,1,'00:00:00',NULL),(203,202,26,1,'00:00:00',NULL),(204,185,26,1,'00:00:00',NULL),(205,203,26,1,'00:00:00',NULL),(206,190,26,1,'00:00:00',NULL),(207,194,26,1,'00:00:00',NULL),(208,182,26,1,'00:00:00',NULL),(209,189,26,1,'00:00:00',NULL),(210,195,26,1,'00:00:00',NULL),(211,177,26,9,'00:00:00',NULL),(212,205,26,9,'00:00:00',NULL),(213,184,26,9,'00:00:00',NULL),(214,188,26,9,'00:00:00',NULL),(215,187,26,9,'00:00:00',NULL),(216,201,26,9,'00:00:00',NULL),(217,192,26,9,'00:00:00',NULL),(218,193,26,5,'00:44:00','Tripping'),(219,202,26,5,'00:53:00','Holding'),(220,184,26,5,'01:22:00','Roughing'),(221,190,26,5,'01:30:00','Roughing'),(222,184,26,7,'01:09:00',NULL),(223,185,26,8,'01:09:00',NULL),(224,201,26,7,'01:14:00',NULL),(225,194,26,8,'01:14:00',NULL),(226,205,26,7,'01:17:00',NULL),(227,195,26,8,'01:17:00',NULL),(228,1,15,1,'00:00:00',NULL),(229,13,15,1,'00:00:00',NULL),(230,15,15,1,'00:00:00',NULL),(231,5,15,1,'00:00:00',NULL),(232,22,15,1,'00:00:00',NULL),(233,18,15,1,'00:00:00',NULL),(234,28,15,1,'00:00:00',NULL),(235,7,15,1,'00:00:00',NULL),(236,24,15,1,'00:00:00',NULL),(237,16,15,1,'00:00:00',NULL),(238,11,15,1,'00:00:00',NULL),(239,3,15,9,'00:00:00',NULL),(240,6,15,9,'00:00:00',NULL),(241,26,15,9,'00:00:00',NULL),(242,19,15,9,'00:00:00',NULL),(243,17,15,9,'00:00:00',NULL),(244,23,15,9,'00:00:00',NULL),(245,14,15,9,'00:00:00',NULL),(246,16,15,5,'00:45:00','Tripping'),(247,13,15,5,'01:19:00','Foul'),(248,17,15,5,'01:33:00','Foul'),(249,22,15,2,'00:45:00',NULL),(250,28,15,3,'00:45:00',NULL),(251,22,15,2,'00:47:00',NULL),(252,28,15,3,'00:47:00',NULL),(253,22,15,2,'01:04:00',NULL),(254,28,15,3,'01:04:00',NULL),(255,22,15,2,'01:13:00',NULL),(256,28,15,3,'01:13:00',NULL),(257,28,15,2,'01:22:00',NULL),(258,17,15,7,'00:46:00',NULL),(259,16,15,8,'00:46:00',NULL),(260,26,15,7,'01:01:00',NULL),(261,24,15,8,'01:01:00',NULL),(262,23,15,7,'01:24:00',NULL),(263,28,15,8,'01:24:00',NULL),(264,480,15,1,'00:00:00',NULL),(265,491,15,1,'00:00:00',NULL),(266,488,15,1,'00:00:00',NULL),(267,487,15,1,'00:00:00',NULL),(268,494,15,1,'00:00:00',NULL),(269,495,15,1,'00:00:00',NULL),(270,503,15,1,'00:00:00',NULL),(271,504,15,1,'00:00:00',NULL),(272,500,15,1,'00:00:00',NULL),(273,497,15,1,'00:00:00',NULL),(274,484,15,1,'00:00:00',NULL),(275,481,15,9,'00:00:00',NULL),(276,485,15,9,'00:00:00',NULL),(277,506,15,9,'00:00:00',NULL),(278,505,15,9,'00:00:00',NULL),(279,496,15,9,'00:00:00',NULL),(280,502,15,9,'00:00:00',NULL),(281,490,15,9,'00:00:00',NULL),(282,494,15,5,'00:05:00','Tripping'),(283,504,15,5,'00:39:00','Foul'),(284,488,15,5,'00:44:00','Foul'),(285,487,15,5,'01:08:00','Foul'),(286,503,15,2,'00:32:00',NULL),(287,491,15,3,'00:32:00',NULL),(288,503,15,10,'01:30:00',NULL),(289,496,15,7,'00:55:00',NULL),(290,494,15,8,'00:55:00',NULL),(291,502,15,7,'01:08:00',NULL),(292,497,15,8,'01:08:00',NULL),(293,506,15,7,'01:20:00',NULL),(294,504,15,8,'01:20:00',NULL),(295,1,8,1,'00:00:00',NULL),(296,13,8,1,'00:00:00',NULL),(297,6,8,1,'00:00:00',NULL),(298,15,8,1,'00:00:00',NULL),(299,22,8,1,'00:00:00',NULL),(300,18,8,1,'00:00:00',NULL),(301,28,8,1,'00:00:00',NULL),(302,7,8,1,'00:00:00',NULL),(303,21,8,1,'00:00:00',NULL),(304,24,8,1,'00:00:00',NULL),(305,11,8,1,'00:00:00',NULL),(306,3,8,9,'00:00:00',NULL),(307,5,8,9,'00:00:00',NULL),(308,26,8,9,'00:00:00',NULL),(309,19,8,9,'00:00:00',NULL),(310,23,8,9,'00:00:00',NULL),(311,14,8,9,'00:00:00',NULL),(312,16,8,9,'00:00:00',NULL),(313,15,8,5,'01:25:00','Tripping'),(314,19,8,7,'00:45:00',NULL),(315,21,8,8,'00:45:00',NULL),(316,23,8,7,'01:00:00',NULL),(317,18,8,8,'01:00:00',NULL),(318,16,8,7,'01:16:00',NULL),(319,13,8,8,'01:16:00',NULL),(320,507,8,1,'00:00:00',NULL),(321,511,8,1,'00:00:00',NULL),(322,523,8,1,'00:00:00',NULL),(323,535,8,1,'00:00:00',NULL),(324,536,8,1,'00:00:00',NULL),(325,517,8,1,'00:00:00',NULL),(326,512,8,1,'00:00:00',NULL),(327,525,8,1,'00:00:00',NULL),(328,529,8,1,'00:00:00',NULL),(329,524,8,1,'00:00:00',NULL),(330,520,8,1,'00:00:00',NULL),(331,510,8,9,'00:00:00',NULL),(332,519,8,9,'00:00:00',NULL),(333,530,8,9,'00:00:00',NULL),(334,532,8,9,'00:00:00',NULL),(335,526,8,9,'00:00:00',NULL),(336,536,8,2,'00:55:00',NULL),(337,517,8,3,'00:55:00',NULL),(338,530,8,7,'01:08:00',NULL),(339,524,8,8,'01:08:00',NULL),(340,526,8,7,'01:32:00',NULL),(341,529,8,8,'01:32:00',NULL);
/*!40000 ALTER TABLE `match_stats` ENABLE KEYS */;
UNLOCK TABLES;

--
-- Table structure for table `matches`
--

DROP TABLE IF EXISTS `matches`;
/*!40101 SET @saved_cs_client     = @@character_set_client */;
/*!50503 SET character_set_client = utf8mb4 */;
CREATE TABLE `matches` (
  `id` bigint unsigned NOT NULL AUTO_INCREMENT,
  `match_date` datetime DEFAULT NULL,
  `matchday` smallint unsigned DEFAULT NULL,
  `competition_id` bigint unsigned NOT NULL,
  `home_team_id` bigint unsigned NOT NULL,
  `away_team_id` bigint unsigned NOT NULL,
  `home_team_score` smallint unsigned DEFAULT NULL,
  `away_team_score` smallint unsigned DEFAULT NULL,
  `season` varchar(255) DEFAULT NULL COMMENT 'Сезон соревнования',
  `referee_id` bigint unsigned DEFAULT NULL,
  `status` enum('Finished','Live','Half time','Postponed','Cancelled','After ET','After pen.','Not started yet') DEFAULT 'Not started yet',
  PRIMARY KEY (`id`),
  UNIQUE KEY `id` (`id`),
  KEY `home_team_id` (`home_team_id`),
  KEY `away_team_id` (`away_team_id`),
  KEY `competition_id` (`competition_id`),
  KEY `referee_id` (`referee_id`),
  CONSTRAINT `matches_ibfk_1` FOREIGN KEY (`home_team_id`) REFERENCES `teams` (`id`),
  CONSTRAINT `matches_ibfk_2` FOREIGN KEY (`away_team_id`) REFERENCES `teams` (`id`),
  CONSTRAINT `matches_ibfk_3` FOREIGN KEY (`competition_id`) REFERENCES `competitions` (`id`),
  CONSTRAINT `matches_ibfk_4` FOREIGN KEY (`referee_id`) REFERENCES `persons` (`id`)
) ENGINE=InnoDB AUTO_INCREMENT=381 DEFAULT CHARSET=utf8mb4 COLLATE=utf8mb4_0900_ai_ci;
/*!40101 SET character_set_client = @saved_cs_client */;

--
-- Dumping data for table `matches`
--

LOCK TABLES `matches` WRITE;
/*!40000 ALTER TABLE `matches` DISABLE KEYS */;
INSERT INTO `matches` VALUES (1,'2020-09-12 13:30:00',1,18,3,6,NULL,NULL,'20/21',NULL,'Postponed'),(2,'2020-09-12 13:30:00',1,18,14,7,NULL,NULL,'20/21',NULL,'Postponed'),(3,'2020-09-12 13:30:00',1,18,5,13,0,3,'20/21',NULL,'Finished'),(4,'2020-09-12 16:00:00',1,18,16,19,1,0,'20/21',NULL,'Finished'),(5,'2020-09-12 18:30:00',1,18,12,11,4,3,'20/21',NULL,'Finished'),(6,'2020-09-12 21:00:00',1,18,9,1,0,2,'20/21',NULL,'Finished'),(7,'2020-09-13 15:00:00',1,18,8,2,0,3,'20/21',NULL,'Finished'),(8,'2020-09-13 17:30:00',1,18,18,20,0,1,'20/21',NULL,'Finished'),(9,'2020-09-14 19:00:00',1,18,17,15,0,2,'20/21',NULL,'Finished'),(10,'2020-09-14 21:15:00',1,18,4,10,1,3,'20/21',NULL,'Finished'),(11,'2020-09-19 13:30:00',2,18,20,8,5,2,'20/21',NULL,'Finished'),(12,'2020-09-19 16:00:00',2,18,11,5,4,3,'20/21',NULL,'Finished'),(13,'2020-09-19 18:30:00',2,18,6,16,1,3,'20/21',NULL,'Finished'),(14,'2020-09-19 21:00:00',2,18,13,9,2,1,'20/21',NULL,'Finished'),(15,'2020-09-20 13:00:00',2,18,19,18,2,5,'20/21',NULL,'Finished'),(16,'2020-09-20 15:00:00',2,18,1,4,0,3,'20/21',NULL,'Finished'),(17,'2020-09-20 17:30:00',2,18,10,12,0,2,'20/21',NULL,'Finished'),(18,'2020-09-20 20:00:00',2,18,2,3,4,2,'20/21',NULL,'Finished'),(19,'2020-09-21 19:00:00',2,18,7,17,1,0,'20/21',NULL,'Finished'),(20,'2020-09-21 21:15:00',2,18,15,14,1,3,'20/21',NULL,'Finished'),(21,'2020-09-26 13:30:00',3,18,4,6,2,3,'20/21',NULL,'Finished'),(22,'2020-09-26 16:00:00',3,18,16,20,1,2,'20/21',NULL,'Finished'),(23,'2020-09-26 18:30:00',3,18,8,10,3,3,'20/21',NULL,'Finished'),(24,'2020-09-26 21:00:00',3,18,3,19,0,1,'20/21',NULL,'Finished'),(25,'2020-09-27 13:00:00',3,18,17,11,0,1,'20/21',NULL,'Finished'),(26,'2020-09-27 15:00:00',3,18,18,1,1,1,'20/21',NULL,'Finished'),(27,'2020-09-27 17:30:00',3,18,14,2,2,5,'20/21',NULL,'Finished'),(28,'2020-09-27 20:00:00',3,18,9,15,4,0,'20/21',NULL,'Finished'),(29,'2020-09-28 18:45:00',3,18,5,7,0,3,'20/21',NULL,'Finished'),(30,'2020-09-28 21:00:00',3,18,12,13,3,1,'20/21',NULL,'Finished'),(31,'2020-10-03 13:30:00',4,18,10,16,4,0,'20/21',NULL,'Finished'),(32,'2020-10-03 16:00:00',4,18,20,4,4,2,'20/21',NULL,'Finished'),(33,'2020-10-03 18:30:00',4,18,11,14,1,1,'20/21',NULL,'Finished'),(34,'2020-10-03 21:00:00',4,18,1,3,3,1,'20/21',NULL,'Finished'),(35,'2020-10-04 13:00:00',4,18,2,9,0,3,'20/21',NULL,'Finished'),(36,'2020-10-04 13:00:00',4,18,19,8,2,0,'20/21',NULL,'Finished'),(37,'2020-10-04 15:00:00',4,18,13,17,2,1,'20/21',NULL,'Finished'),(38,'2020-10-04 15:00:00',4,18,15,5,1,0,'20/21',NULL,'Finished'),(39,'2020-10-04 17:30:00',4,18,6,18,1,6,'20/21',NULL,'Finished'),(40,'2020-10-04 20:15:00',4,18,7,12,7,2,'20/21',NULL,'Finished'),(41,'2020-10-17 13:30:00',5,18,20,12,2,2,'20/21',NULL,'Finished'),(42,'2020-10-17 16:00:00',5,18,10,19,3,3,'20/21',NULL,'Finished'),(43,'2020-10-17 18:30:00',5,18,14,13,1,0,'20/21',NULL,'Finished'),(44,'2020-10-17 21:00:00',5,18,1,6,1,4,'20/21',NULL,'Finished'),(45,'2020-10-18 13:00:00',5,18,17,5,1,1,'20/21',NULL,'Finished'),(46,'2020-10-18 15:00:00',5,18,16,4,1,1,'20/21',NULL,'Finished'),(47,'2020-10-18 17:30:00',5,18,18,9,3,3,'20/21',NULL,'Finished'),(48,'2020-10-18 20:15:00',5,18,2,7,0,1,'20/21',NULL,'Finished'),(49,'2020-10-19 18:30:00',5,18,8,3,0,0,'20/21',NULL,'Finished'),(50,'2020-10-19 21:00:00',5,18,11,15,0,1,'20/21',NULL,'Finished'),(51,'2020-10-23 21:00:00',6,18,7,11,0,3,'20/21',NULL,'Finished'),(52,'2020-10-24 13:30:00',6,18,9,14,1,1,'20/21',NULL,'Finished'),(53,'2020-10-24 16:00:00',6,18,5,16,1,2,'20/21',NULL,'Finished'),(54,'2020-10-24 18:30:00',6,18,6,10,0,0,'20/21',NULL,'Finished'),(55,'2020-10-24 21:00:00',6,18,12,17,2,1,'20/21',NULL,'Finished'),(56,'2020-10-25 15:00:00',6,18,19,20,2,0,'20/21',NULL,'Finished'),(57,'2020-10-25 17:30:00',6,18,15,1,1,1,'20/21',NULL,'Finished'),(58,'2020-10-25 20:15:00',6,18,13,2,0,1,'20/21',NULL,'Finished'),(59,'2020-10-26 18:30:00',6,18,4,8,1,1,'20/21',NULL,'Finished'),(60,'2020-10-26 21:00:00',6,18,3,18,0,1,'20/21',NULL,'Finished'),(61,'2020-10-30 21:00:00',7,18,15,16,NULL,NULL,'20/21',NULL,'Not started yet'),(62,'2020-10-31 13:30:00',7,18,17,14,NULL,NULL,'20/21',NULL,'Not started yet'),(63,'2020-10-31 16:00:00',7,18,3,10,NULL,NULL,'20/21',NULL,'Not started yet'),(64,'2020-10-31 18:30:00',7,18,12,9,NULL,NULL,'20/21',NULL,'Not started yet'),(65,'2020-11-01 13:00:00',7,18,7,19,NULL,NULL,'20/21',NULL,'Not started yet'),(66,'2020-11-01 15:00:00',7,18,1,20,NULL,NULL,'20/21',NULL,'Not started yet'),(67,'2020-11-01 17:30:00',7,18,6,13,NULL,NULL,'20/21',NULL,'Not started yet'),(68,'2020-11-01 20:15:00',7,18,18,4,NULL,NULL,'20/21',NULL,'Not started yet'),(69,'2020-11-02 18:30:00',7,18,5,8,NULL,NULL,'20/21',NULL,'Not started yet'),(70,'2020-11-02 21:00:00',7,18,11,2,NULL,NULL,'20/21',NULL,'Not started yet'),(71,'2020-11-07 16:00:00',8,18,13,7,NULL,NULL,'20/21',NULL,'Not started yet'),(72,'2020-11-07 16:00:00',8,18,4,3,NULL,NULL,'20/21',NULL,'Not started yet'),(73,'2020-11-07 16:00:00',8,18,10,17,NULL,NULL,'20/21',NULL,'Not started yet'),(74,'2020-11-07 16:00:00',8,18,16,11,NULL,NULL,'20/21',NULL,'Not started yet'),(75,'2020-11-07 16:00:00',8,18,20,6,NULL,NULL,'20/21',NULL,'Not started yet'),(76,'2020-11-07 16:00:00',8,18,2,15,NULL,NULL,'20/21',NULL,'Not started yet'),(77,'2020-11-07 16:00:00',8,18,14,12,NULL,NULL,'20/21',NULL,'Not started yet'),(78,'2020-11-07 16:00:00',8,18,19,1,NULL,NULL,'20/21',NULL,'Not started yet'),(79,'2020-11-07 16:00:00',8,18,8,18,NULL,NULL,'20/21',NULL,'Not started yet'),(80,'2020-11-07 16:00:00',8,18,9,5,NULL,NULL,'20/21',NULL,'Not started yet'),(81,'2020-11-21 16:00:00',9,18,7,4,NULL,NULL,'20/21',NULL,'Not started yet'),(82,'2020-11-21 16:00:00',9,18,3,16,NULL,NULL,'20/21',NULL,'Not started yet'),(83,'2020-11-21 16:00:00',9,18,5,20,NULL,NULL,'20/21',NULL,'Not started yet'),(84,'2020-11-21 16:00:00',9,18,11,13,NULL,NULL,'20/21',NULL,'Not started yet'),(85,'2020-11-21 16:00:00',9,18,12,2,NULL,NULL,'20/21',NULL,'Not started yet'),(86,'2020-11-21 16:00:00',9,18,6,8,NULL,NULL,'20/21',NULL,'Not started yet'),(87,'2020-11-21 16:00:00',9,18,1,10,NULL,NULL,'20/21',NULL,'Not started yet'),(88,'2020-11-21 16:00:00',9,18,17,9,NULL,NULL,'20/21',NULL,'Not started yet'),(89,'2020-11-21 16:00:00',9,18,18,14,NULL,NULL,'20/21',NULL,'Not started yet'),(90,'2020-11-21 16:00:00',9,18,15,19,NULL,NULL,'20/21',NULL,'Not started yet'),(91,'2020-11-28 16:00:00',10,18,13,15,NULL,NULL,'20/21',NULL,'Not started yet'),(92,'2020-11-28 16:00:00',10,18,4,12,NULL,NULL,'20/21',NULL,'Not started yet'),(93,'2020-11-28 16:00:00',10,18,10,18,NULL,NULL,'20/21',NULL,'Not started yet'),(94,'2020-11-28 16:00:00',10,18,16,1,NULL,NULL,'20/21',NULL,'Not started yet'),(95,'2020-11-28 16:00:00',10,18,20,11,NULL,NULL,'20/21',NULL,'Not started yet'),(96,'2020-11-28 16:00:00',10,18,2,5,NULL,NULL,'20/21',NULL,'Not started yet'),(97,'2020-11-28 16:00:00',10,18,14,3,NULL,NULL,'20/21',NULL,'Not started yet'),(98,'2020-11-28 16:00:00',10,18,19,6,NULL,NULL,'20/21',NULL,'Not started yet'),(99,'2020-11-28 16:00:00',10,18,8,17,NULL,NULL,'20/21',NULL,'Not started yet'),(100,'2020-11-28 16:00:00',10,18,9,7,NULL,NULL,'20/21',NULL,'Not started yet'),(101,'2020-12-05 16:00:00',11,18,7,1,NULL,NULL,'20/21',NULL,'Not started yet'),(102,'2020-12-05 16:00:00',11,18,4,19,NULL,NULL,'20/21',NULL,'Not started yet'),(103,'2020-12-05 16:00:00',11,18,3,20,NULL,NULL,'20/21',NULL,'Not started yet'),(104,'2020-12-05 16:00:00',11,18,10,11,NULL,NULL,'20/21',NULL,'Not started yet'),(105,'2020-12-05 16:00:00',11,18,12,15,NULL,NULL,'20/21',NULL,'Not started yet'),(106,'2020-12-05 16:00:00',11,18,14,5,NULL,NULL,'20/21',NULL,'Not started yet'),(107,'2020-12-05 16:00:00',11,18,17,2,NULL,NULL,'20/21',NULL,'Not started yet'),(108,'2020-12-05 16:00:00',11,18,18,13,NULL,NULL,'20/21',NULL,'Not started yet'),(109,'2020-12-05 16:00:00',11,18,8,16,NULL,NULL,'20/21',NULL,'Not started yet'),(110,'2020-12-05 16:00:00',11,18,9,6,NULL,NULL,'20/21',NULL,'Not started yet'),(111,'2020-12-12 16:00:00',12,18,13,3,NULL,NULL,'20/21',NULL,'Not started yet'),(112,'2020-12-12 16:00:00',12,18,16,18,NULL,NULL,'20/21',NULL,'Not started yet'),(113,'2020-12-12 16:00:00',12,18,20,10,NULL,NULL,'20/21',NULL,'Not started yet'),(114,'2020-12-12 16:00:00',12,18,5,12,NULL,NULL,'20/21',NULL,'Not started yet'),(115,'2020-12-12 16:00:00',12,18,11,9,NULL,NULL,'20/21',NULL,'Not started yet'),(116,'2020-12-12 16:00:00',12,18,2,4,NULL,NULL,'20/21',NULL,'Not started yet'),(117,'2020-12-12 16:00:00',12,18,6,14,NULL,NULL,'20/21',NULL,'Not started yet'),(118,'2020-12-12 16:00:00',12,18,1,8,NULL,NULL,'20/21',NULL,'Not started yet'),(119,'2020-12-12 16:00:00',12,18,19,17,NULL,NULL,'20/21',NULL,'Not started yet'),(120,'2020-12-12 16:00:00',12,18,15,7,NULL,NULL,'20/21',NULL,'Not started yet'),(121,'2020-12-15 20:45:00',13,18,13,19,NULL,NULL,'20/21',NULL,'Not started yet'),(122,'2020-12-15 20:45:00',13,18,7,3,NULL,NULL,'20/21',NULL,'Not started yet'),(123,'2020-12-15 20:45:00',13,18,5,4,NULL,NULL,'20/21',NULL,'Not started yet'),(124,'2020-12-15 20:45:00',13,18,11,1,NULL,NULL,'20/21',NULL,'Not started yet'),(125,'2020-12-15 20:45:00',13,18,2,20,NULL,NULL,'20/21',NULL,'Not started yet'),(126,'2020-12-15 20:45:00',13,18,17,6,NULL,NULL,'20/21',NULL,'Not started yet'),(127,'2020-12-15 20:45:00',13,18,9,16,NULL,NULL,'20/21',NULL,'Not started yet'),(128,'2020-12-15 20:45:00',13,18,15,10,NULL,NULL,'20/21',NULL,'Not started yet'),(129,'2020-12-16 21:00:00',13,18,12,18,NULL,NULL,'20/21',NULL,'Not started yet'),(130,'2020-12-16 21:00:00',13,18,14,8,NULL,NULL,'20/21',NULL,'Not started yet'),(131,'2020-12-19 16:00:00',14,18,4,17,NULL,NULL,'20/21',NULL,'Not started yet'),(132,'2020-12-19 16:00:00',14,18,3,15,NULL,NULL,'20/21',NULL,'Not started yet'),(133,'2020-12-19 16:00:00',14,18,10,9,NULL,NULL,'20/21',NULL,'Not started yet'),(134,'2020-12-19 16:00:00',14,18,16,12,NULL,NULL,'20/21',NULL,'Not started yet'),(135,'2020-12-19 16:00:00',14,18,20,13,NULL,NULL,'20/21',NULL,'Not started yet'),(136,'2020-12-19 16:00:00',14,18,6,11,NULL,NULL,'20/21',NULL,'Not started yet'),(137,'2020-12-19 16:00:00',14,18,1,5,NULL,NULL,'20/21',NULL,'Not started yet'),(138,'2020-12-19 16:00:00',14,18,19,14,NULL,NULL,'20/21',NULL,'Not started yet'),(139,'2020-12-19 16:00:00',14,18,18,2,NULL,NULL,'20/21',NULL,'Not started yet'),(140,'2020-12-19 16:00:00',14,18,8,7,NULL,NULL,'20/21',NULL,'Not started yet'),(141,'2020-12-26 16:00:00',15,18,13,10,NULL,NULL,'20/21',NULL,'Not started yet'),(142,'2020-12-26 16:00:00',15,18,7,16,NULL,NULL,'20/21',NULL,'Not started yet'),(143,'2020-12-26 16:00:00',15,18,5,19,NULL,NULL,'20/21',NULL,'Not started yet'),(144,'2020-12-26 16:00:00',15,18,11,3,NULL,NULL,'20/21',NULL,'Not started yet'),(145,'2020-12-26 16:00:00',15,18,2,6,NULL,NULL,'20/21',NULL,'Not started yet'),(146,'2020-12-26 16:00:00',15,18,12,8,NULL,NULL,'20/21',NULL,'Not started yet'),(147,'2020-12-26 16:00:00',15,18,14,1,NULL,NULL,'20/21',NULL,'Not started yet'),(148,'2020-12-26 16:00:00',15,18,17,20,NULL,NULL,'20/21',NULL,'Not started yet'),(149,'2020-12-26 16:00:00',15,18,9,4,NULL,NULL,'20/21',NULL,'Not started yet'),(150,'2020-12-26 16:00:00',15,18,15,18,NULL,NULL,'20/21',NULL,'Not started yet'),(151,'2020-12-28 16:00:00',16,18,4,13,NULL,NULL,'20/21',NULL,'Not started yet'),(152,'2020-12-28 16:00:00',16,18,3,17,NULL,NULL,'20/21',NULL,'Not started yet'),(153,'2020-12-28 16:00:00',16,18,10,7,NULL,NULL,'20/21',NULL,'Not started yet'),(154,'2020-12-28 16:00:00',16,18,16,2,NULL,NULL,'20/21',NULL,'Not started yet'),(155,'2020-12-28 16:00:00',16,18,20,14,NULL,NULL,'20/21',NULL,'Not started yet'),(156,'2020-12-28 16:00:00',16,18,6,15,NULL,NULL,'20/21',NULL,'Not started yet'),(157,'2020-12-28 16:00:00',16,18,1,12,NULL,NULL,'20/21',NULL,'Not started yet'),(158,'2020-12-28 16:00:00',16,18,19,9,NULL,NULL,'20/21',NULL,'Not started yet'),(159,'2020-12-28 16:00:00',16,18,18,5,NULL,NULL,'20/21',NULL,'Not started yet'),(160,'2020-12-28 16:00:00',16,18,8,11,NULL,NULL,'20/21',NULL,'Not started yet'),(161,'2021-01-02 16:00:00',17,18,4,15,NULL,NULL,'20/21',NULL,'Not started yet'),(162,'2021-01-02 16:00:00',17,18,3,5,NULL,NULL,'20/21',NULL,'Not started yet'),(163,'2021-01-02 16:00:00',17,18,10,14,NULL,NULL,'20/21',NULL,'Not started yet'),(164,'2021-01-02 16:00:00',17,18,16,17,NULL,NULL,'20/21',NULL,'Not started yet'),(165,'2021-01-02 16:00:00',17,18,20,9,NULL,NULL,'20/21',NULL,'Not started yet'),(166,'2021-01-02 16:00:00',17,18,6,7,NULL,NULL,'20/21',NULL,'Not started yet'),(167,'2021-01-02 16:00:00',17,18,1,2,NULL,NULL,'20/21',NULL,'Not started yet'),(168,'2021-01-02 16:00:00',17,18,19,12,NULL,NULL,'20/21',NULL,'Not started yet'),(169,'2021-01-02 16:00:00',17,18,18,11,NULL,NULL,'20/21',NULL,'Not started yet'),(170,'2021-01-02 16:00:00',17,18,8,13,NULL,NULL,'20/21',NULL,'Not started yet'),(171,'2021-01-12 20:45:00',18,18,13,16,NULL,NULL,'20/21',NULL,'Not started yet'),(172,'2021-01-12 20:45:00',18,18,7,18,NULL,NULL,'20/21',NULL,'Not started yet'),(173,'2021-01-12 20:45:00',18,18,5,6,NULL,NULL,'20/21',NULL,'Not started yet'),(174,'2021-01-12 20:45:00',18,18,11,19,NULL,NULL,'20/21',NULL,'Not started yet'),(175,'2021-01-12 20:45:00',18,18,2,10,NULL,NULL,'20/21',NULL,'Not started yet'),(176,'2021-01-12 20:45:00',18,18,17,1,NULL,NULL,'20/21',NULL,'Not started yet'),(177,'2021-01-12 20:45:00',18,18,9,8,NULL,NULL,'20/21',NULL,'Not started yet'),(178,'2021-01-12 20:45:00',18,18,15,20,NULL,NULL,'20/21',NULL,'Not started yet'),(179,'2021-01-13 21:00:00',18,18,12,3,NULL,NULL,'20/21',NULL,'Not started yet'),(180,'2021-01-13 21:00:00',18,18,14,4,NULL,NULL,'20/21',NULL,'Not started yet'),(181,'2021-01-16 16:00:00',19,18,13,1,NULL,NULL,'20/21',NULL,'Not started yet'),(182,'2021-01-16 16:00:00',19,18,7,20,NULL,NULL,'20/21',NULL,'Not started yet'),(183,'2021-01-16 16:00:00',19,18,5,10,NULL,NULL,'20/21',NULL,'Not started yet'),(184,'2021-01-16 16:00:00',19,18,11,4,NULL,NULL,'20/21',NULL,'Not started yet'),(185,'2021-01-16 16:00:00',19,18,2,19,NULL,NULL,'20/21',NULL,'Not started yet'),(186,'2021-01-16 16:00:00',19,18,12,6,NULL,NULL,'20/21',NULL,'Not started yet'),(187,'2021-01-16 16:00:00',19,18,14,16,NULL,NULL,'20/21',NULL,'Not started yet'),(188,'2021-01-16 16:00:00',19,18,17,18,NULL,NULL,'20/21',NULL,'Not started yet'),(189,'2021-01-16 16:00:00',19,18,9,3,NULL,NULL,'20/21',NULL,'Not started yet'),(190,'2021-01-16 16:00:00',19,18,15,8,NULL,NULL,'20/21',NULL,'Not started yet'),(191,'2021-01-26 20:45:00',20,18,4,5,NULL,NULL,'20/21',NULL,'Not started yet'),(192,'2021-01-26 20:45:00',20,18,3,7,NULL,NULL,'20/21',NULL,'Not started yet'),(193,'2021-01-26 20:45:00',20,18,20,2,NULL,NULL,'20/21',NULL,'Not started yet'),(194,'2021-01-26 21:00:00',20,18,6,17,NULL,NULL,'20/21',NULL,'Not started yet'),(195,'2021-01-26 21:00:00',20,18,8,14,NULL,NULL,'20/21',NULL,'Not started yet'),(196,'2021-01-27 20:45:00',20,18,10,15,NULL,NULL,'20/21',NULL,'Not started yet'),(197,'2021-01-27 20:45:00',20,18,1,11,NULL,NULL,'20/21',NULL,'Not started yet'),(198,'2021-01-27 20:45:00',20,18,19,13,NULL,NULL,'20/21',NULL,'Not started yet'),(199,'2021-01-27 20:45:00',20,18,18,12,NULL,NULL,'20/21',NULL,'Not started yet'),(200,'2021-01-27 21:00:00',20,18,16,9,NULL,NULL,'20/21',NULL,'Not started yet'),(201,'2021-01-30 16:00:00',21,18,13,6,NULL,NULL,'20/21',NULL,'Not started yet'),(202,'2021-01-30 16:00:00',21,18,4,18,NULL,NULL,'20/21',NULL,'Not started yet'),(203,'2021-01-30 16:00:00',21,18,10,3,NULL,NULL,'20/21',NULL,'Not started yet'),(204,'2021-01-30 16:00:00',21,18,16,15,NULL,NULL,'20/21',NULL,'Not started yet'),(205,'2021-01-30 16:00:00',21,18,20,1,NULL,NULL,'20/21',NULL,'Not started yet'),(206,'2021-01-30 16:00:00',21,18,2,11,NULL,NULL,'20/21',NULL,'Not started yet'),(207,'2021-01-30 16:00:00',21,18,14,17,NULL,NULL,'20/21',NULL,'Not started yet'),(208,'2021-01-30 16:00:00',21,18,19,7,NULL,NULL,'20/21',NULL,'Not started yet'),(209,'2021-01-30 16:00:00',21,18,8,5,NULL,NULL,'20/21',NULL,'Not started yet'),(210,'2021-01-30 16:00:00',21,18,9,12,NULL,NULL,'20/21',NULL,'Not started yet'),(211,'2021-02-02 20:45:00',22,18,7,9,NULL,NULL,'20/21',NULL,'Not started yet'),(212,'2021-02-02 20:45:00',22,18,3,14,NULL,NULL,'20/21',NULL,'Not started yet'),(213,'2021-02-02 20:45:00',22,18,5,2,NULL,NULL,'20/21',NULL,'Not started yet'),(214,'2021-02-02 20:45:00',22,18,11,20,NULL,NULL,'20/21',NULL,'Not started yet'),(215,'2021-02-02 20:45:00',22,18,17,8,NULL,NULL,'20/21',NULL,'Not started yet'),(216,'2021-02-02 20:45:00',22,18,15,13,NULL,NULL,'20/21',NULL,'Not started yet'),(217,'2021-02-02 21:00:00',22,18,6,19,NULL,NULL,'20/21',NULL,'Not started yet'),(218,'2021-02-03 20:45:00',22,18,1,16,NULL,NULL,'20/21',NULL,'Not started yet'),(219,'2021-02-03 20:45:00',22,18,18,10,NULL,NULL,'20/21',NULL,'Not started yet'),(220,'2021-02-03 21:00:00',22,18,12,4,NULL,NULL,'20/21',NULL,'Not started yet'),(221,'2021-02-06 16:00:00',23,18,7,13,NULL,NULL,'20/21',NULL,'Not started yet'),(222,'2021-02-06 16:00:00',23,18,3,4,NULL,NULL,'20/21',NULL,'Not started yet'),(223,'2021-02-06 16:00:00',23,18,5,9,NULL,NULL,'20/21',NULL,'Not started yet'),(224,'2021-02-06 16:00:00',23,18,11,16,NULL,NULL,'20/21',NULL,'Not started yet'),(225,'2021-02-06 16:00:00',23,18,12,14,NULL,NULL,'20/21',NULL,'Not started yet'),(226,'2021-02-06 16:00:00',23,18,6,20,NULL,NULL,'20/21',NULL,'Not started yet'),(227,'2021-02-06 16:00:00',23,18,1,19,NULL,NULL,'20/21',NULL,'Not started yet'),(228,'2021-02-06 16:00:00',23,18,17,10,NULL,NULL,'20/21',NULL,'Not started yet'),(229,'2021-02-06 16:00:00',23,18,18,8,NULL,NULL,'20/21',NULL,'Not started yet'),(230,'2021-02-06 16:00:00',23,18,15,2,NULL,NULL,'20/21',NULL,'Not started yet'),(231,'2021-02-13 16:00:00',24,18,13,11,NULL,NULL,'20/21',NULL,'Not started yet'),(232,'2021-02-13 16:00:00',24,18,4,7,NULL,NULL,'20/21',NULL,'Not started yet'),(233,'2021-02-13 16:00:00',24,18,10,1,NULL,NULL,'20/21',NULL,'Not started yet'),(234,'2021-02-13 16:00:00',24,18,16,3,NULL,NULL,'20/21',NULL,'Not started yet'),(235,'2021-02-13 16:00:00',24,18,20,5,NULL,NULL,'20/21',NULL,'Not started yet'),(236,'2021-02-13 16:00:00',24,18,2,12,NULL,NULL,'20/21',NULL,'Not started yet'),(237,'2021-02-13 16:00:00',24,18,14,18,NULL,NULL,'20/21',NULL,'Not started yet'),(238,'2021-02-13 16:00:00',24,18,19,15,NULL,NULL,'20/21',NULL,'Not started yet'),(239,'2021-02-13 16:00:00',24,18,8,6,NULL,NULL,'20/21',NULL,'Not started yet'),(240,'2021-02-13 16:00:00',24,18,9,17,NULL,NULL,'20/21',NULL,'Not started yet'),(241,'2021-02-20 16:00:00',25,18,13,14,NULL,NULL,'20/21',NULL,'Not started yet'),(242,'2021-02-20 16:00:00',25,18,7,2,NULL,NULL,'20/21',NULL,'Not started yet'),(243,'2021-02-20 16:00:00',25,18,4,16,NULL,NULL,'20/21',NULL,'Not started yet'),(244,'2021-02-20 16:00:00',25,18,3,8,NULL,NULL,'20/21',NULL,'Not started yet'),(245,'2021-02-20 16:00:00',25,18,5,17,NULL,NULL,'20/21',NULL,'Not started yet'),(246,'2021-02-20 16:00:00',25,18,12,20,NULL,NULL,'20/21',NULL,'Not started yet'),(247,'2021-02-20 16:00:00',25,18,6,1,NULL,NULL,'20/21',NULL,'Not started yet'),(248,'2021-02-20 16:00:00',25,18,19,10,NULL,NULL,'20/21',NULL,'Not started yet'),(249,'2021-02-20 16:00:00',25,18,9,18,NULL,NULL,'20/21',NULL,'Not started yet'),(250,'2021-02-20 16:00:00',25,18,15,11,NULL,NULL,'20/21',NULL,'Not started yet'),(251,'2021-02-27 16:00:00',26,18,10,6,NULL,NULL,'20/21',NULL,'Not started yet'),(252,'2021-02-27 16:00:00',26,18,16,5,NULL,NULL,'20/21',NULL,'Not started yet'),(253,'2021-02-27 16:00:00',26,18,20,19,NULL,NULL,'20/21',NULL,'Not started yet'),(254,'2021-02-27 16:00:00',26,18,11,7,NULL,NULL,'20/21',NULL,'Not started yet'),(255,'2021-02-27 16:00:00',26,18,2,13,NULL,NULL,'20/21',NULL,'Not started yet'),(256,'2021-02-27 16:00:00',26,18,14,9,NULL,NULL,'20/21',NULL,'Not started yet'),(257,'2021-02-27 16:00:00',26,18,1,15,NULL,NULL,'20/21',NULL,'Not started yet'),(258,'2021-02-27 16:00:00',26,18,17,12,NULL,NULL,'20/21',NULL,'Not started yet'),(259,'2021-02-27 16:00:00',26,18,18,3,NULL,NULL,'20/21',NULL,'Not started yet'),(260,'2021-02-27 16:00:00',26,18,8,4,NULL,NULL,'20/21',NULL,'Not started yet'),(261,'2021-03-06 16:00:00',27,18,7,15,NULL,NULL,'20/21',NULL,'Not started yet'),(262,'2021-03-06 16:00:00',27,18,4,2,NULL,NULL,'20/21',NULL,'Not started yet'),(263,'2021-03-06 16:00:00',27,18,3,13,NULL,NULL,'20/21',NULL,'Not started yet'),(264,'2021-03-06 16:00:00',27,18,10,20,NULL,NULL,'20/21',NULL,'Not started yet'),(265,'2021-03-06 16:00:00',27,18,12,5,NULL,NULL,'20/21',NULL,'Not started yet'),(266,'2021-03-06 16:00:00',27,18,14,6,NULL,NULL,'20/21',NULL,'Not started yet'),(267,'2021-03-06 16:00:00',27,18,17,19,NULL,NULL,'20/21',NULL,'Not started yet'),(268,'2021-03-06 16:00:00',27,18,18,16,NULL,NULL,'20/21',NULL,'Not started yet'),(269,'2021-03-06 16:00:00',27,18,8,1,NULL,NULL,'20/21',NULL,'Not started yet'),(270,'2021-03-06 16:00:00',27,18,9,11,NULL,NULL,'20/21',NULL,'Not started yet'),(271,'2021-03-13 16:00:00',28,18,13,18,NULL,NULL,'20/21',NULL,'Not started yet'),(272,'2021-03-13 16:00:00',28,18,16,8,NULL,NULL,'20/21',NULL,'Not started yet'),(273,'2021-03-13 16:00:00',28,18,20,3,NULL,NULL,'20/21',NULL,'Not started yet'),(274,'2021-03-13 16:00:00',28,18,5,14,NULL,NULL,'20/21',NULL,'Not started yet'),(275,'2021-03-13 16:00:00',28,18,11,10,NULL,NULL,'20/21',NULL,'Not started yet'),(276,'2021-03-13 16:00:00',28,18,2,17,NULL,NULL,'20/21',NULL,'Not started yet'),(277,'2021-03-13 16:00:00',28,18,6,9,NULL,NULL,'20/21',NULL,'Not started yet'),(278,'2021-03-13 16:00:00',28,18,1,7,NULL,NULL,'20/21',NULL,'Not started yet'),(279,'2021-03-13 16:00:00',28,18,19,4,NULL,NULL,'20/21',NULL,'Not started yet'),(280,'2021-03-13 16:00:00',28,18,15,12,NULL,NULL,'20/21',NULL,'Not started yet'),(281,'2021-03-20 16:00:00',29,18,4,1,NULL,NULL,'20/21',NULL,'Not started yet'),(282,'2021-03-20 16:00:00',29,18,3,2,NULL,NULL,'20/21',NULL,'Not started yet'),(283,'2021-03-20 16:00:00',29,18,16,6,NULL,NULL,'20/21',NULL,'Not started yet'),(284,'2021-03-20 16:00:00',29,18,5,11,NULL,NULL,'20/21',NULL,'Not started yet'),(285,'2021-03-20 16:00:00',29,18,12,10,NULL,NULL,'20/21',NULL,'Not started yet'),(286,'2021-03-20 16:00:00',29,18,14,15,NULL,NULL,'20/21',NULL,'Not started yet'),(287,'2021-03-20 16:00:00',29,18,17,7,NULL,NULL,'20/21',NULL,'Not started yet'),(288,'2021-03-20 16:00:00',29,18,18,19,NULL,NULL,'20/21',NULL,'Not started yet'),(289,'2021-03-20 16:00:00',29,18,8,20,NULL,NULL,'20/21',NULL,'Not started yet'),(290,'2021-03-20 16:00:00',29,18,9,13,NULL,NULL,'20/21',NULL,'Not started yet'),(291,'2021-04-03 16:00:00',30,18,13,12,NULL,NULL,'20/21',NULL,'Not started yet'),(292,'2021-04-03 16:00:00',30,18,7,5,NULL,NULL,'20/21',NULL,'Not started yet'),(293,'2021-04-03 16:00:00',30,18,10,8,NULL,NULL,'20/21',NULL,'Not started yet'),(294,'2021-04-03 16:00:00',30,18,20,16,NULL,NULL,'20/21',NULL,'Not started yet'),(295,'2021-04-03 16:00:00',30,18,11,17,NULL,NULL,'20/21',NULL,'Not started yet'),(296,'2021-04-03 16:00:00',30,18,2,14,NULL,NULL,'20/21',NULL,'Not started yet'),(297,'2021-04-03 16:00:00',30,18,6,4,NULL,NULL,'20/21',NULL,'Not started yet'),(298,'2021-04-03 16:00:00',30,18,1,18,NULL,NULL,'20/21',NULL,'Not started yet'),(299,'2021-04-03 16:00:00',30,18,19,3,NULL,NULL,'20/21',NULL,'Not started yet'),(300,'2021-04-03 16:00:00',30,18,15,9,NULL,NULL,'20/21',NULL,'Not started yet'),(301,'2021-04-10 16:00:00',31,18,4,20,NULL,NULL,'20/21',NULL,'Not started yet'),(302,'2021-04-10 16:00:00',31,18,3,1,NULL,NULL,'20/21',NULL,'Not started yet'),(303,'2021-04-10 16:00:00',31,18,16,10,NULL,NULL,'20/21',NULL,'Not started yet'),(304,'2021-04-10 16:00:00',31,18,5,15,NULL,NULL,'20/21',NULL,'Not started yet'),(305,'2021-04-10 16:00:00',31,18,12,7,NULL,NULL,'20/21',NULL,'Not started yet'),(306,'2021-04-10 16:00:00',31,18,14,11,NULL,NULL,'20/21',NULL,'Not started yet'),(307,'2021-04-10 16:00:00',31,18,17,13,NULL,NULL,'20/21',NULL,'Not started yet'),(308,'2021-04-10 16:00:00',31,18,18,6,NULL,NULL,'20/21',NULL,'Not started yet'),(309,'2021-04-10 16:00:00',31,18,8,19,NULL,NULL,'20/21',NULL,'Not started yet'),(310,'2021-04-10 16:00:00',31,18,9,2,NULL,NULL,'20/21',NULL,'Not started yet'),(311,'2021-04-17 16:00:00',32,18,13,5,NULL,NULL,'20/21',NULL,'Not started yet'),(312,'2021-04-17 16:00:00',32,18,7,14,NULL,NULL,'20/21',NULL,'Not started yet'),(313,'2021-04-17 16:00:00',32,18,10,4,NULL,NULL,'20/21',NULL,'Not started yet'),(314,'2021-04-17 16:00:00',32,18,20,18,NULL,NULL,'20/21',NULL,'Not started yet'),(315,'2021-04-17 16:00:00',32,18,11,12,NULL,NULL,'20/21',NULL,'Not started yet'),(316,'2021-04-17 16:00:00',32,18,2,8,NULL,NULL,'20/21',NULL,'Not started yet'),(317,'2021-04-17 16:00:00',32,18,6,3,NULL,NULL,'20/21',NULL,'Not started yet'),(318,'2021-04-17 16:00:00',32,18,1,9,NULL,NULL,'20/21',NULL,'Not started yet'),(319,'2021-04-17 16:00:00',32,18,19,16,NULL,NULL,'20/21',NULL,'Not started yet'),(320,'2021-04-17 16:00:00',32,18,15,17,NULL,NULL,'20/21',NULL,'Not started yet'),(321,'2021-04-24 16:00:00',33,18,13,20,NULL,NULL,'20/21',NULL,'Not started yet'),(322,'2021-04-24 16:00:00',33,18,7,8,NULL,NULL,'20/21',NULL,'Not started yet'),(323,'2021-04-24 16:00:00',33,18,5,18,NULL,NULL,'20/21',NULL,'Not started yet'),(324,'2021-04-24 16:00:00',33,18,11,6,NULL,NULL,'20/21',NULL,'Not started yet'),(325,'2021-04-24 16:00:00',33,18,2,16,NULL,NULL,'20/21',NULL,'Not started yet'),(326,'2021-04-24 16:00:00',33,18,12,1,NULL,NULL,'20/21',NULL,'Not started yet'),(327,'2021-04-24 16:00:00',33,18,14,19,NULL,NULL,'20/21',NULL,'Not started yet'),(328,'2021-04-24 16:00:00',33,18,17,4,NULL,NULL,'20/21',NULL,'Not started yet'),(329,'2021-04-24 16:00:00',33,18,9,10,NULL,NULL,'20/21',NULL,'Not started yet'),(330,'2021-04-24 16:00:00',33,18,15,3,NULL,NULL,'20/21',NULL,'Not started yet'),(331,'2021-05-01 16:00:00',34,18,4,11,NULL,NULL,'20/21',NULL,'Not started yet'),(332,'2021-05-01 16:00:00',34,18,3,9,NULL,NULL,'20/21',NULL,'Not started yet'),(333,'2021-05-01 16:00:00',34,18,10,5,NULL,NULL,'20/21',NULL,'Not started yet'),(334,'2021-05-01 16:00:00',34,18,16,14,NULL,NULL,'20/21',NULL,'Not started yet'),(335,'2021-05-01 16:00:00',34,18,20,7,NULL,NULL,'20/21',NULL,'Not started yet'),(336,'2021-05-01 16:00:00',34,18,6,12,NULL,NULL,'20/21',NULL,'Not started yet'),(337,'2021-05-01 16:00:00',34,18,1,13,NULL,NULL,'20/21',NULL,'Not started yet'),(338,'2021-05-01 16:00:00',34,18,19,2,NULL,NULL,'20/21',NULL,'Not started yet'),(339,'2021-05-01 16:00:00',34,18,18,17,NULL,NULL,'20/21',NULL,'Not started yet'),(340,'2021-05-01 16:00:00',34,18,8,15,NULL,NULL,'20/21',NULL,'Not started yet'),(341,'2021-05-08 16:00:00',35,18,13,8,NULL,NULL,'20/21',NULL,'Not started yet'),(342,'2021-05-08 16:00:00',35,18,7,6,NULL,NULL,'20/21',NULL,'Not started yet'),(343,'2021-05-08 16:00:00',35,18,5,3,NULL,NULL,'20/21',NULL,'Not started yet'),(344,'2021-05-08 16:00:00',35,18,11,18,NULL,NULL,'20/21',NULL,'Not started yet'),(345,'2021-05-08 16:00:00',35,18,2,1,NULL,NULL,'20/21',NULL,'Not started yet'),(346,'2021-05-08 16:00:00',35,18,12,19,NULL,NULL,'20/21',NULL,'Not started yet'),(347,'2021-05-08 16:00:00',35,18,14,10,NULL,NULL,'20/21',NULL,'Not started yet'),(348,'2021-05-08 16:00:00',35,18,17,16,NULL,NULL,'20/21',NULL,'Not started yet'),(349,'2021-05-08 16:00:00',35,18,9,20,NULL,NULL,'20/21',NULL,'Not started yet'),(350,'2021-05-08 16:00:00',35,18,15,4,NULL,NULL,'20/21',NULL,'Not started yet'),(351,'2021-05-11 20:45:00',36,18,4,9,NULL,NULL,'20/21',NULL,'Not started yet'),(352,'2021-05-11 20:45:00',36,18,3,11,NULL,NULL,'20/21',NULL,'Not started yet'),(353,'2021-05-11 20:45:00',36,18,20,17,NULL,NULL,'20/21',NULL,'Not started yet'),(354,'2021-05-11 21:00:00',36,18,6,2,NULL,NULL,'20/21',NULL,'Not started yet'),(355,'2021-05-11 21:00:00',36,18,8,12,NULL,NULL,'20/21',NULL,'Not started yet'),(356,'2021-05-12 20:45:00',36,18,10,13,NULL,NULL,'20/21',NULL,'Not started yet'),(357,'2021-05-12 20:45:00',36,18,1,14,NULL,NULL,'20/21',NULL,'Not started yet'),(358,'2021-05-12 20:45:00',36,18,19,5,NULL,NULL,'20/21',NULL,'Not started yet'),(359,'2021-05-12 20:45:00',36,18,18,15,NULL,NULL,'20/21',NULL,'Not started yet'),(360,'2021-05-12 21:00:00',36,18,16,7,NULL,NULL,'20/21',NULL,'Not started yet'),(361,'2021-05-15 16:00:00',37,18,4,14,NULL,NULL,'20/21',NULL,'Not started yet'),(362,'2021-05-15 16:00:00',37,18,3,12,NULL,NULL,'20/21',NULL,'Not started yet'),(363,'2021-05-15 16:00:00',37,18,10,2,NULL,NULL,'20/21',NULL,'Not started yet'),(364,'2021-05-15 16:00:00',37,18,16,13,NULL,NULL,'20/21',NULL,'Not started yet'),(365,'2021-05-15 16:00:00',37,18,20,15,NULL,NULL,'20/21',NULL,'Not started yet'),(366,'2021-05-15 16:00:00',37,18,6,5,NULL,NULL,'20/21',NULL,'Not started yet'),(367,'2021-05-15 16:00:00',37,18,1,17,NULL,NULL,'20/21',NULL,'Not started yet'),(368,'2021-05-15 16:00:00',37,18,19,11,NULL,NULL,'20/21',NULL,'Not started yet'),(369,'2021-05-15 16:00:00',37,18,18,7,NULL,NULL,'20/21',NULL,'Not started yet'),(370,'2021-05-15 16:00:00',37,18,8,9,NULL,NULL,'20/21',NULL,'Not started yet'),(371,'2021-05-23 17:00:00',38,18,13,4,NULL,NULL,'20/21',NULL,'Not started yet'),(372,'2021-05-23 17:00:00',38,18,7,10,NULL,NULL,'20/21',NULL,'Not started yet'),(373,'2021-05-23 17:00:00',38,18,5,1,NULL,NULL,'20/21',NULL,'Not started yet'),(374,'2021-05-23 17:00:00',38,18,11,8,NULL,NULL,'20/21',NULL,'Not started yet'),(375,'2021-05-23 17:00:00',38,18,2,18,NULL,NULL,'20/21',NULL,'Not started yet'),(376,'2021-05-23 17:00:00',38,18,12,16,NULL,NULL,'20/21',NULL,'Not started yet'),(377,'2021-05-23 17:00:00',38,18,14,20,NULL,NULL,'20/21',NULL,'Not started yet'),(378,'2021-05-23 17:00:00',38,18,17,3,NULL,NULL,'20/21',NULL,'Not started yet'),(379,'2021-05-23 17:00:00',38,18,9,19,NULL,NULL,'20/21',NULL,'Not started yet'),(380,'2021-05-23 17:00:00',38,18,15,6,NULL,NULL,'20/21',NULL,'Not started yet');
/*!40000 ALTER TABLE `matches` ENABLE KEYS */;
UNLOCK TABLES;

--
-- Table structure for table `persons`
--

DROP TABLE IF EXISTS `persons`;
/*!40101 SET @saved_cs_client     = @@character_set_client */;
/*!50503 SET character_set_client = utf8mb4 */;
CREATE TABLE `persons` (
  `id` bigint unsigned NOT NULL AUTO_INCREMENT,
  `name` varchar(255) DEFAULT NULL COMMENT 'ФИО игрока',
  `team_id` bigint unsigned NOT NULL,
  `position_id` bigint unsigned NOT NULL,
  `nationality` bigint unsigned NOT NULL,
  `number` smallint unsigned DEFAULT NULL,
  `status` enum('Injured','Disqualified','Ready to play') DEFAULT 'Ready to play',
  `birthday` date DEFAULT NULL,
  `img_name` varchar(255) DEFAULT NULL COMMENT 'Название файла с фото игрока',
  PRIMARY KEY (`id`),
  UNIQUE KEY `id` (`id`),
  KEY `index_team` (`team_id`),
  KEY `nationality` (`nationality`),
  KEY `position_id` (`position_id`),
  CONSTRAINT `persons_ibfk_1` FOREIGN KEY (`nationality`) REFERENCES `countries` (`id`),
  CONSTRAINT `persons_ibfk_2` FOREIGN KEY (`position_id`) REFERENCES `positions` (`id`),
  CONSTRAINT `persons_ibfk_3` FOREIGN KEY (`team_id`) REFERENCES `teams` (`id`)
) ENGINE=InnoDB AUTO_INCREMENT=586 DEFAULT CHARSET=utf8mb4 COLLATE=utf8mb4_0900_ai_ci;
/*!40101 SET character_set_client = @saved_cs_client */;

--
-- Dumping data for table `persons`
--

LOCK TABLES `persons` WRITE;
/*!40000 ALTER TABLE `persons` DISABLE KEYS */;
INSERT INTO `persons` VALUES (1,'Hugo Lloris',18,1,6,1,'Ready to play','1986-12-26','hugo_lloris.png'),(2,'Paulo Gazzaniga',18,1,20,22,'Ready to play','1992-01-02','paulo_gazzaniga.png'),(3,'Joe Hart',18,1,1,12,'Ready to play','1987-04-19','joe_hart.png'),(4,'Alfie Whiteman',18,1,1,41,'Ready to play','1998-10-02','alfie_whiteman.png'),(5,'Davinson Sánchez',18,2,22,6,'Ready to play','1996-06-12','davinson_sánchez.png'),(6,'Toby Alderweireld',18,2,14,4,'Ready to play','1989-03-02','toby_alderweireld.png'),(7,'Eric Dier',18,2,1,15,'Injured','1994-01-15','eric_dier.png'),(8,'Japhet Tanganga',18,2,1,25,'Ready to play','1999-03-31','japhet_tanganga.png'),(9,'Cameron Carter-Vickers',18,2,11,38,'Ready to play','1997-12-31','cameron_carter-vickers.png'),(10,'Sergio Reguilón',18,2,3,3,'Ready to play','1996-12-16','sergio_reguilón.png'),(11,'Ben Davies',18,2,15,33,'Ready to play','1993-04-24','ben_davies.png'),(12,'Danny Rose',18,2,1,NULL,'Ready to play','1990-07-02','danny_rose.png'),(13,'Matt Doherty',18,2,18,2,'Ready to play','1992-01-16','matt_doherty.png'),(14,'Serge Aurier',18,2,16,24,'Injured','1992-12-24','serge_aurier.png'),(15,'Pierre-Emile Höjbjerg',18,3,7,5,'Ready to play','1995-08-05','pierre-emile_höjbjerg.png'),(16,'Tanguy Ndombélé',18,3,6,28,'Ready to play','1996-12-28','tanguy_ndombélé.png'),(17,'Giovani Lo Celso',18,3,20,18,'Ready to play','1996-04-09','giovani_lo_celso.png'),(18,'Harry Winks',18,3,1,8,'Ready to play','1996-02-02','harry_winks.png'),(19,'Moussa Sissoko',18,3,6,17,'Ready to play','1989-08-16','moussa_sissoko.png'),(20,'Gedson Fernandes',18,3,21,30,'Ready to play','1999-01-09','gedson_fernandes.png'),(21,'Dele Alli',18,3,1,20,'Ready to play','1996-04-11','dele_alli.png'),(22,'Heung-min Son',18,4,19,7,'Ready to play','1992-07-08','heung-min_son.png'),(23,'Steven Bergwijn',18,4,17,23,'Injured','1997-10-08','steven_bergwijn.png'),(24,'Lucas Moura',18,4,13,27,'Ready to play','1992-08-13','lucas_moura.png'),(25,'Gareth Bale',18,4,15,9,'Ready to play','1989-07-16','gareth_bale.png'),(26,'Erik Lamela',18,4,20,11,'Ready to play','1992-03-04','erik_lamela.png'),(27,'Jack Clarke',18,4,1,47,'Ready to play','2000-11-23','jack_clarke.png'),(28,'Harry Kane',18,4,1,10,'Ready to play','1993-07-28','harry_kane.png'),(29,'Carlos Vinícius',18,4,13,45,'Ready to play','1995-03-22','carlos_vinícius.png'),(30,'Illan Meslier',11,1,6,1,'Ready to play','2000-03-02','illan_meslier.png'),(31,'Kiko Casilla',11,1,3,13,'Ready to play','1986-10-02','kiko_casilla.png'),(32,'Elia Caprile',11,1,4,25,'Ready to play','2001-08-25','elia_caprile.png'),(33,'Diego Llorente',11,2,3,14,'Ready to play','1993-08-16','diego_llorente.png'),(34,'Robin Koch',11,2,8,5,'Ready to play','1996-07-17','robin_koch.png'),(35,'Liam Cooper',11,2,23,6,'Ready to play','1991-08-30','liam_cooper.png'),(36,'Pascal Struijk',11,2,17,21,'Ready to play','1999-08-11','pascal_struijk.png'),(37,'Oliver Casey',11,2,1,49,'Ready to play','2000-10-14','oliver_casey.png'),(38,'Stuart Dallas',11,2,25,15,'Ready to play','1991-04-19','stuart_dallas.png'),(39,'Barry Douglas',11,2,23,3,'Ready to play','1989-09-04','barry_douglas.png'),(40,'Leif Davis',11,2,1,24,'Ready to play','1999-12-31','leif_davis.png'),(41,'Luke Ayling',11,2,1,2,'Ready to play','1991-08-25','luke_ayling.png'),(42,'Kalvin Phillips',11,3,1,23,'Ready to play','1995-12-02','kalvin_phillips.png'),(43,'Ouasim Bouy',11,3,24,NULL,'Ready to play','1993-06-11','ouasim_bouy.png'),(44,'Conor Shaughnessy',11,3,18,NULL,'Ready to play','1996-06-30','conor_shaughnessy.png'),(45,'Adam Forshaw',11,3,1,4,'Ready to play','1991-10-08','adam_forshaw.png'),(46,'Mateusz Klich',11,3,9,43,'Ready to play','1990-06-13','mateusz_klich.png'),(47,'Jamie Shackleton',11,3,1,46,'Ready to play','1999-10-08','jamie_shackleton.png'),(48,'Robbie Gotts',11,3,1,36,'Ready to play','1999-11-09','robbie_gotts.png'),(49,'Ezgjan Alioski',11,3,26,10,'Ready to play','1992-02-12','ezgjan_alioski.png'),(50,'Tyler Roberts',11,3,15,11,'Ready to play','1999-01-12','tyler_roberts.png'),(51,'Pablo Hernández',11,3,3,19,'Ready to play','1985-04-11','pablo_hernández.png'),(52,'Jack Harrison',11,4,1,22,'Ready to play','1996-11-20','jack_harrison.png'),(53,'Raphinha',11,4,13,18,'Ready to play','1996-12-14','raphinha.png'),(54,'Hélder Costa',11,4,21,17,'Ready to play','1994-01-12','hélder_costa.png'),(55,'Ian Poveda',11,4,1,7,'Ready to play','2000-02-09','ian_poveda.png'),(56,'Rodrigo',11,4,3,20,'Ready to play','1991-03-06','rodrigo.png'),(57,'Patrick Bamford',11,4,1,9,'Ready to play','1993-09-05','patrick_bamford.png'),(58,'Joe Gelhardt',11,4,1,30,'Ready to play','2002-05-04','joe_gelhardt.png'),(59,'Jay-Roy Grot',11,4,17,NULL,'Ready to play','1998-03-13','jay-roy_grot.png'),(60,'Alisson',12,1,13,1,'Ready to play','1992-10-02','alisson.png'),(61,'Adrián',12,1,3,13,'Ready to play','1987-01-03','adrián.png'),(62,'Caoimhin Kelleher',12,1,18,62,'Ready to play','1998-11-23','caoimhin_kelleher.png'),(63,'Virgil van Dijk',12,2,17,4,'Injured','1991-07-08','virgil_van_dijk.png'),(64,'Joe Gomez',12,2,1,12,'Ready to play','1997-05-23','joe_gomez.png'),(65,'Joel Matip',12,2,27,32,'Injured','1991-08-08','joel_matip.png'),(66,'Sepp van den Berg',12,2,17,72,'Ready to play','2001-12-20','sepp_van_den_berg.png'),(67,'Andrew Robertson',12,2,23,26,'Ready to play','1994-03-11','andrew_robertson.png'),(68,'Konstantinos Tsimikas',12,2,32,21,'Ready to play','1996-05-12','konstantinos_tsimikas.png'),(69,'Trent Alexander-Arnold',12,2,1,66,'Ready to play','1998-10-07','trent_alexander-arnold.png'),(70,'Neco Williams',12,2,15,76,'Ready to play','2001-04-13','neco_williams.png'),(71,'Fabinho',12,3,13,3,'Ready to play','1993-10-23','fabinho.png'),(72,'Thiago',12,3,3,6,'Injured','1991-04-11','thiago.png'),(73,'Georginio Wijnaldum',12,3,17,5,'Ready to play','1990-11-11','georginio_wijnaldum.png'),(74,'Naby Keïta',12,3,29,8,'Injured','1995-02-10','naby_keïta.png'),(75,'Jordan Henderson',12,3,1,14,'Ready to play','1990-06-17','jordan_henderson.png'),(76,'Alex Oxlade-Chamberlain',12,3,1,15,'Ready to play','1993-08-15','alex_oxlade-chamberlain.png'),(77,'James Milner',12,3,1,7,'Ready to play','1986-01-04','james_milner.png'),(78,'Curtis Jones',12,3,1,17,'Ready to play','2001-01-30','curtis_jones.png'),(79,'Ben Woodburn',12,3,15,58,'Ready to play','1999-10-15','ben_woodburn.png'),(80,'Sadio Mané',12,4,33,10,'Ready to play','1992-04-10','sadio_mané.png'),(81,'Diogo Jota',12,4,21,20,'Ready to play','1996-12-04','diogo_jota.png'),(82,'Takumi Minamino',12,4,30,18,'Ready to play','1995-01-16','takumi_minamino.png'),(83,'Mohamed Salah',12,4,28,11,'Ready to play','1992-06-15','mohamed_salah.png'),(84,'Harry Wilson',12,4,15,59,'Ready to play','1997-03-22','harry_wilson.png'),(85,'Xherdan Shaqiri',12,4,31,23,'Ready to play','1991-10-10','xherdan_shaqiri.png'),(86,'Roberto Firmino',12,4,13,9,'Ready to play','1991-10-02','roberto_firmino.png'),(87,'Divock Origi',12,4,14,27,'Ready to play','1995-04-18','divock_origi.png'),(88,'Mathew Ryan',4,1,5,1,'Ready to play','1992-04-08','mathew_ryan.png'),(89,'Christian Walton',4,1,1,31,'Ready to play','1995-11-09','christian_walton.png'),(90,'Jason Steele',4,1,1,23,'Ready to play','1990-08-18','jason_steele.png'),(91,'Robert Sánchez',4,1,3,26,'Ready to play','1997-11-18','robert_sánchez.png'),(92,'Lewis Dunk',4,2,1,5,'Ready to play','1991-11-21','lewis_dunk.png'),(93,'Adam Webster',4,2,1,4,'Ready to play','1995-01-04','adam_webster.png'),(94,'Joël Veltman',4,2,17,34,'Ready to play','1992-01-15','joël_veltman.png'),(95,'Ben White',4,2,1,3,'Ready to play','1997-10-08','ben_white.png'),(96,'Dan Burn',4,2,1,33,'Ready to play','1992-05-09','dan_burn.png'),(97,'Bernardo',4,2,13,30,'Ready to play','1995-05-14','bernardo.png'),(98,'Tariq Lamptey',4,2,1,2,'Ready to play','2000-09-30','tariq_lamptey.png'),(99,'Davy Pröpper',4,3,17,24,'Ready to play','1991-09-02','davy_pröpper.png'),(100,'Yves Bissouma',4,3,36,8,'Ready to play','1996-08-30','yves_bissouma.png'),(101,'Steven Alzate',4,3,22,17,'Ready to play','1998-09-08','steven_alzate.png'),(102,'Jayson Molumby',4,3,18,49,'Ready to play','1999-08-06','jayson_molumby.png'),(103,'Max Sanders',4,3,1,41,'Ready to play','1999-01-04','max_sanders.png'),(104,'Solly March',4,3,1,20,'Ready to play','1994-07-20','solly_march.png'),(105,'Alexis Mac Allister',4,3,20,10,'Ready to play','1998-12-24','alexis_mac_allister.png'),(106,'Pascal Groß',4,3,8,13,'Ready to play','1991-06-15','pascal_groß.png'),(107,'Adam Lallana',4,3,1,14,'Ready to play','1988-05-10','adam_lallana.png'),(108,'Leandro Trossard',4,4,14,11,'Ready to play','1994-12-04','leandro_trossard.png'),(109,'José Izquierdo',4,4,22,19,'Ready to play','1992-07-07','josé_izquierdo.png'),(110,'Alireza Jahanbakhsh',4,4,34,16,'Ready to play','1993-08-11','alireza_jahanbakhsh.png'),(111,'Neal Maupay',4,4,6,9,'Ready to play','1996-08-14','neal_maupay.png'),(112,'Aaron Connolly',4,4,18,7,'Ready to play','2000-01-28','aaron_connolly.png'),(113,'Florin Andone',4,4,35,21,'Ready to play','1993-04-11','florin_andone.png'),(114,'Andi Zeqiri',4,4,31,29,'Ready to play','1999-06-22','andi_zeqiri.png'),(115,'Aaron Ramsdale',17,1,1,1,'Ready to play','1998-05-14','aaron_ramsdale.png'),(116,'Michael Verrips',17,1,17,21,'Ready to play','1996-12-03','michael_verrips.png'),(117,'Wes Foderingham',17,1,1,18,'Ready to play','1991-01-14','wes_foderingham.png'),(118,'Simon Moore',17,1,1,25,'Ready to play','1990-05-19','simon_moore.png'),(119,'John Egan',17,2,18,12,'Ready to play','1992-10-20','john_egan.png'),(120,'Jack O\'Connell',17,2,1,5,'Ready to play','1994-03-29','jack_o\'connell.png'),(121,'Ethan Ampadu',17,2,15,22,'Ready to play','2000-09-14','ethan_ampadu.png'),(122,'Chris Basham',17,2,1,6,'Ready to play','1988-07-20','chris_basham.png'),(123,'Phil Jagielka',17,2,1,15,'Ready to play','1982-08-17','phil_jagielka.png'),(124,'Kean Bryan',17,2,1,29,'Ready to play','1996-11-01','kean_bryan.png'),(125,'Kyron Gordon',17,2,1,NULL,'Ready to play','2002-05-24','kyron_gordon.png'),(126,'Enda Stevens',17,2,18,3,'Ready to play','1990-07-09','enda_stevens.png'),(127,'Jack Robinson',17,2,1,19,'Ready to play','1993-09-01','jack_robinson.png'),(128,'Max Lowe',17,2,1,13,'Ready to play','1997-05-11','max_lowe.png'),(129,'George Baldock',17,2,1,2,'Ready to play','1993-03-09','george_baldock.png'),(130,'Jayden Bogle',17,2,1,20,'Ready to play','2000-07-27','jayden_bogle.png'),(131,'Sander Berge',17,3,42,8,'Ready to play','1998-02-14','sander_berge.png'),(132,'Jack Rodwell',17,3,1,26,'Ready to play','1991-03-11','jack_rodwell.png'),(133,'Oliver Norwood',17,3,25,16,'Ready to play','1991-04-12','oliver_norwood.png'),(134,'John Fleck',17,3,23,4,'Ready to play','1991-08-24','john_fleck.png'),(135,'John Lundstram',17,3,1,7,'Ready to play','1994-02-18','john_lundstram.png'),(136,'George Broadbent',17,3,1,NULL,'Ready to play','2000-09-30','george_broadbent.png'),(137,'Zak Brunt',17,3,1,42,'Ready to play','2001-11-17','zak_brunt.png'),(138,'Ben Osborn',17,3,1,23,'Ready to play','1994-08-05','ben_osborn.png'),(139,'Oliver Burke',17,4,23,14,'Ready to play','1997-04-07','oliver_burke.png'),(140,'Lys Mousset',17,4,6,11,'Ready to play','1996-02-08','lys_mousset.png'),(141,'Oliver McBurnie',17,4,23,9,'Ready to play','1996-06-04','oliver_mcburnie.png'),(142,'Rhian Brewster',17,4,1,24,'Ready to play','2000-04-01','rhian_brewster.png'),(143,'David McGoldrick',17,4,18,17,'Ready to play','1987-11-29','david_mcgoldrick.png'),(144,'Billy Sharp',17,4,1,10,'Ready to play','1986-02-05','billy_sharp.png'),(145,'Antwoine Hackford',17,4,1,39,'Ready to play','2004-03-20','antwoine_hackford.png'),(146,'Kepa',10,1,3,1,'Injured','1994-10-03','kepa.png'),(147,'Edouard Mendy',10,1,33,16,'Ready to play','1992-03-01','edouard_mendy.png'),(148,'Willy Caballero',10,1,20,13,'Ready to play','1981-09-28','willy_caballero.png'),(149,'Antonio Rüdiger',10,2,8,2,'Ready to play','1993-03-03','antonio_rüdiger.png'),(150,'Kurt Zouma',10,2,6,15,'Ready to play','1994-10-27','kurt_zouma.png'),(151,'Andreas Christensen',10,2,7,4,'Ready to play','1996-04-10','andreas_christensen.png'),(152,'Fikayo Tomori',10,2,1,14,'Ready to play','1997-12-19','fikayo_tomori.png'),(153,'Thiago Silva',10,2,13,6,'Ready to play','1984-09-22','thiago_silva.png'),(154,'Ben Chilwell',10,2,1,21,'Ready to play','1996-12-21','ben_chilwell.png'),(155,'Emerson',10,2,4,33,'Ready to play','1994-08-03','emerson.png'),(156,'Marcos Alonso',10,2,3,3,'Ready to play','1990-12-28','marcos_alonso.png'),(157,'Abdul Rahman Baba',10,2,53,NULL,'Ready to play','1994-07-02','abdul_rahman_baba.png'),(158,'César Azpilicueta',10,2,3,28,'Ready to play','1989-08-28','césar_azpilicueta.png'),(159,'Reece James',10,2,1,24,'Ready to play','1999-12-08','reece_james.png'),(160,'Jorginho',10,3,4,5,'Ready to play','1991-12-20','jorginho.png'),(161,'N\'Golo Kanté',10,3,6,7,'Ready to play','1991-03-29','n\'golo_kanté.png'),(162,'Mateo Kovacic',10,3,54,17,'Ready to play','1994-05-06','mateo_kovacic.png'),(163,'Billy Gilmour',10,3,23,23,'Ready to play','2001-06-11','billy_gilmour.png'),(164,'Danny Drinkwater',10,3,1,NULL,'Ready to play','1990-03-05','danny_drinkwater.png'),(165,'Kai Havertz',10,3,8,29,'Ready to play','1999-06-11','kai_havertz.png'),(166,'Mason Mount',10,3,1,19,'Ready to play','1999-01-10','mason_mount.png'),(167,'Charly Musonda Jr.',10,3,14,NULL,'Ready to play','1996-10-15','charly_musonda_jr..png'),(168,'Christian Pulisic',10,4,11,10,'Ready to play','1998-09-18','christian_pulisic.png'),(169,'Callum Hudson-Odoi',10,4,1,20,'Ready to play','2000-11-07','callum_hudson-odoi.png'),(170,'Hakim Ziyech',10,4,24,22,'Ready to play','1993-03-19','hakim_ziyech.png'),(171,'Victor Moses',10,4,60,NULL,'Ready to play','1990-12-12','victor_moses.png'),(172,'Timo Werner',10,4,8,11,'Ready to play','1996-03-06','timo_werner.png'),(173,'Tammy Abraham',10,4,1,9,'Ready to play','1997-10-02','tammy_abraham.png'),(174,'Olivier Giroud',10,4,6,18,'Ready to play','1986-09-30','olivier_giroud.png'),(175,'Martin Dubravka',1,1,48,1,'Ready to play','1989-01-15','martin_dubravka.png'),(176,'Karl Darlow',1,1,1,26,'Ready to play','1990-10-08','karl_darlow.png'),(177,'Mark Gillespie',1,1,1,29,'Ready to play','1992-03-27','mark_gillespie.png'),(178,'Dan Langley',1,1,1,41,'Ready to play','2000-12-28','dan_langley.png'),(179,'Jamaal Lascelles',1,2,1,6,'Ready to play','1993-11-11','jamaal_lascelles.png'),(180,'Fabian Schär',1,2,31,5,'Ready to play','1991-12-20','fabian_schär.png'),(181,'Paul Dummett',1,2,15,3,'Ready to play','1991-09-26','paul_dummett.png'),(182,'Federico Fernández',1,2,20,18,'Ready to play','1989-02-21','federico_fernández.png'),(183,'Ciaran Clark',1,2,18,2,'Ready to play','1989-09-26','ciaran_clark.png'),(184,'Jamal Lewis',1,2,25,15,'Ready to play','1998-01-25','jamal_lewis.png'),(185,'Matt Ritchie',1,2,23,11,'Injured','1989-09-10','matt_ritchie.png'),(186,'Achraf Lazaar',1,2,24,NULL,'Ready to play','1992-01-22','achraf_lazaar.png'),(187,'DeAndre Yedlin',1,2,11,22,'Ready to play','1993-07-09','deandre_yedlin.png'),(188,'Emil Krafth',1,2,40,17,'Ready to play','1994-08-02','emil_krafth.png'),(189,'Javier Manquillo',1,2,3,19,'Ready to play','1994-05-05','javier_manquillo.png'),(190,'Isaac Hayden',1,3,1,14,'Ready to play','1995-03-22','isaac_hayden.png'),(191,'Matthew Longstaff',1,3,1,4,'Ready to play','2000-03-21','matthew_longstaff.png'),(192,'Sean Longstaff',1,3,1,36,'Ready to play','1997-10-30','sean_longstaff.png'),(193,'Jonjo Shelvey',1,3,1,8,'Injured','1992-02-27','jonjo_shelvey.png'),(194,'Jeff Hendrick',1,3,18,16,'Ready to play','1992-01-31','jeff_hendrick.png'),(195,'Miguel Almirón',1,3,62,24,'Ready to play','1994-02-10','miguel_almirón.png'),(196,'Henri Saivet',1,3,33,28,'Ready to play','1990-10-26','henri_saivet.png'),(197,'Allan Saint-Maximin',1,4,6,10,'Ready to play','1997-03-12','allan_saint-maximin.png'),(198,'Ryan Fraser',1,4,23,21,'Ready to play','1994-02-24','ryan_fraser.png'),(199,'Christian Atsu',1,4,53,30,'Ready to play','1992-01-10','christian_atsu.png'),(200,'Rolando Aarons',1,4,1,NULL,'Ready to play','1995-11-16','rolando_aarons.png'),(201,'Jacob Murphy',1,4,1,23,'Ready to play','1995-02-24','jacob_murphy.png'),(202,'Joelinton',1,4,13,9,'Ready to play','1996-08-14','joelinton.png'),(203,'Callum Wilson',1,4,1,13,'Ready to play','1992-02-27','callum_wilson.png'),(204,'Dwight Gayle',1,4,1,12,'Ready to play','1990-10-17','dwight_gayle.png'),(205,'Andy Carroll',1,4,1,7,'Ready to play','1989-01-06','andy_carroll.png'),(206,'Kasper Schmeichel',2,1,7,1,'Ready to play','1986-11-05','kasper_schmeichel.png'),(207,'Danny Ward',2,1,15,12,'Ready to play','1993-06-22','danny_ward.png'),(208,'Eldin Jakupovic',2,1,31,35,'Ready to play','1984-10-02','eldin_jakupovic.png'),(209,'Caglar Söyüncü',2,2,45,4,'Ready to play','1996-05-23','caglar_söyüncü.png'),(210,'Jonny Evans',2,2,25,6,'Ready to play','1988-01-03','jonny_evans.png'),(211,'Wesley Fofana',2,2,6,3,'Ready to play','2000-12-17','wesley_fofana.png'),(212,'Filip Benkovic',2,2,54,16,'Ready to play','1997-07-13','filip_benkovic.png'),(213,'Wes Morgan',2,2,51,5,'Ready to play','1984-01-21','wes_morgan.png'),(214,'Christian Fuchs',2,2,37,28,'Ready to play','1986-04-07','christian_fuchs.png'),(215,'Luke Thomas',2,2,1,33,'Ready to play','2001-06-10','luke_thomas.png'),(216,'Ricardo Pereira',2,2,21,21,'Ready to play','1993-10-06','ricardo_pereira.png'),(217,'Timothy Castagne',2,2,14,27,'Ready to play','1995-12-05','timothy_castagne.png'),(218,'James Justin',2,2,1,2,'Ready to play','1998-02-23','james_justin.png'),(219,'Wilfred Ndidi',2,3,60,25,'Ready to play','1996-12-16','wilfred_ndidi.png'),(220,'Hamza Choudhury',2,3,1,20,'Ready to play','1997-10-01','hamza_choudhury.png'),(221,'Nampalys Mendy',2,3,6,24,'Ready to play','1992-06-23','nampalys_mendy.png'),(222,'Daniel Amartey',2,3,53,18,'Ready to play','1994-12-21','daniel_amartey.png'),(223,'Youri Tielemans',2,3,14,8,'Ready to play','1997-05-07','youri_tielemans.png'),(224,'Dennis Praet',2,3,14,26,'Ready to play','1994-05-14','dennis_praet.png'),(225,'Matty James',2,3,1,22,'Ready to play','1991-07-22','matty_james.png'),(226,'Marc Albrighton',2,3,1,11,'Ready to play','1989-11-18','marc_albrighton.png'),(227,'Harvey Barnes',2,3,1,15,'Ready to play','1997-12-09','harvey_barnes.png'),(228,'James Maddison',2,3,1,10,'Ready to play','1996-11-23','james_maddison.png'),(229,'Demarai Gray',2,4,1,7,'Ready to play','1996-06-28','demarai_gray.png'),(230,'Ayoze Pérez',2,4,3,17,'Ready to play','1993-07-29','ayoze_pérez.png'),(231,'Cengiz Ünder',2,4,45,19,'Ready to play','1997-07-14','cengiz_ünder.png'),(232,'Jamie Vardy',2,4,1,9,'Ready to play','1987-01-11','jamie_vardy.png'),(233,'Kelechi Iheanacho',2,4,60,14,'Ready to play','1996-10-03','kelechi_iheanacho.png'),(234,'Islam Slimani',2,4,61,13,'Ready to play','1988-06-18','islam_slimani.png'),(235,'Nick Pope',3,1,1,1,'Ready to play','1992-04-19','nick_pope.png'),(236,'Bailey Peacock-Farrell',3,1,25,15,'Ready to play','1996-10-29','bailey_peacock-farrell.png'),(237,'Will Norris',3,1,1,25,'Ready to play','1993-08-12','will_norris.png'),(238,'Lukas Jensen',3,1,7,40,'Ready to play','1999-03-18','lukas_jensen.png'),(239,'James Tarkowski',3,2,1,5,'Ready to play','1992-11-19','james_tarkowski.png'),(240,'Ben Mee',3,2,1,6,'Ready to play','1989-09-21','ben_mee.png'),(241,'Kevin Long',3,2,18,28,'Ready to play','1990-08-18','kevin_long.png'),(242,'Jimmy Dunne',3,2,18,34,'Ready to play','1997-10-19','jimmy_dunne.png'),(243,'Bobby Thomas',3,2,1,37,'Ready to play','2001-01-30','bobby_thomas.png'),(244,'Charlie Taylor',3,2,1,3,'Ready to play','1993-09-18','charlie_taylor.png'),(245,'Erik Pieters',3,2,17,23,'Injured','1988-08-07','erik_pieters.png'),(246,'Matthew Lowton',3,2,1,2,'Ready to play','1989-06-09','matthew_lowton.png'),(247,'Phil Bardsley',3,2,23,26,'Ready to play','1985-06-28','phil_bardsley.png'),(248,'Jack Cork',3,3,1,4,'Ready to play','1989-06-25','jack_cork.png'),(249,'Ashley Westwood',3,3,1,18,'Ready to play','1990-04-01','ashley_westwood.png'),(250,'Josh Brownhill',3,3,1,8,'Ready to play','1995-12-19','josh_brownhill.png'),(251,'Dale Stephens',3,3,1,16,'Ready to play','1989-06-12','dale_stephens.png'),(252,'Mace Goodridge',3,3,1,44,'Ready to play','1999-09-13','mace_goodridge.png'),(253,'Robbie Brady',3,3,18,12,'Ready to play','1992-01-14','robbie_brady.png'),(254,'Dwight McNeil',3,4,1,11,'Ready to play','1999-11-22','dwight_mcneil.png'),(255,'Jóhann Berg Gudmundsson',3,4,43,7,'Ready to play','1990-10-27','jóhann_berg_gudmundsson.png'),(256,'Chris Wood',3,4,64,9,'Ready to play','1991-12-07','chris_wood.png'),(257,'Ashley Barnes',3,4,1,10,'Ready to play','1989-10-30','ashley_barnes.png'),(258,'Jay Rodríguez',3,4,1,19,'Ready to play','1989-07-29','jay_rodríguez.png'),(259,'Matej Vydra',3,4,56,27,'Ready to play','1992-05-01','matej_vydra.png'),(260,'Alphonse Areola',5,1,6,1,'Ready to play','1993-02-27','alphonse_areola.png'),(261,'Marek Rodak',5,1,48,12,'Ready to play','1996-12-13','marek_rodak.png'),(262,'Fabri',5,1,3,31,'Ready to play','1987-12-31','fabri.png'),(263,'George Wickens',5,1,1,40,'Ready to play','2001-11-08','george_wickens.png'),(264,'Joachim Andersen',5,2,7,5,'Ready to play','1996-05-31','joachim_andersen.png'),(265,'Michael Hector',5,2,51,3,'Ready to play','1992-07-19','michael_hector.png'),(266,'Tosin Adarabioyo',5,2,1,16,'Ready to play','1997-09-24','tosin_adarabioyo.png'),(267,'Maxime Le Marchand',5,2,6,20,'Ready to play','1989-10-11','maxime_le_marchand.png'),(268,'Tim Ream',5,2,11,13,'Ready to play','1987-10-05','tim_ream.png'),(269,'Joe Bryan',5,2,1,23,'Ready to play','1993-09-17','joe_bryan.png'),(270,'Antonee Robinson',5,2,11,33,'Ready to play','1997-08-08','antonee_robinson.png'),(271,'Ola Aina',5,2,60,34,'Ready to play','1996-10-08','ola_aina.png'),(272,'Kenny Tete',5,2,17,2,'Ready to play','1995-10-09','kenny_tete.png'),(273,'Denis Odoi',5,2,14,4,'Ready to play','1988-05-27','denis_odoi.png'),(274,'André Zambo Anguissa',5,3,27,29,'Ready to play','1995-11-16','andré_zambo_anguissa.png'),(275,'Mario Lemina',5,3,52,18,'Ready to play','1993-09-01','mario_lemina.png'),(276,'Harrison Reed',5,3,1,21,'Ready to play','1995-01-27','harrison_reed.png'),(277,'Kevin McDonald',5,3,23,6,'Ready to play','1988-11-04','kevin_mcdonald.png'),(278,'Ruben Loftus-Cheek',5,3,1,15,'Ready to play','1996-01-23','ruben_loftus-cheek.png'),(279,'Tom Cairney',5,3,23,10,'Ready to play','1991-01-20','tom_cairney.png'),(280,'Jean Michaël Seri',5,3,16,24,'Ready to play','1991-07-19','jean_michaël_seri.png'),(281,'Stefan Johansen',5,3,42,8,'Ready to play','1991-01-08','stefan_johansen.png'),(282,'Josh Onomah',5,3,1,25,'Ready to play','1997-04-27','josh_onomah.png'),(283,'Ademola Lookman',5,4,1,19,'Ready to play','1997-10-20','ademola_lookman.png'),(284,'Ivan Cavaleiro',5,4,21,17,'Ready to play','1993-10-18','ivan_cavaleiro.png'),(285,'Neeskens Kebano',5,4,44,7,'Ready to play','1992-03-10','neeskens_kebano.png'),(286,'Sylvester Jasper',5,4,1,58,'Ready to play','2001-09-13','sylvester_jasper.png'),(287,'Anthony Knockaert',5,4,6,11,'Ready to play','1991-11-20','anthony_knockaert.png'),(288,'Aboubakar Kamara',5,4,6,47,'Ready to play','1995-03-07','aboubakar_kamara.png'),(289,'Bobby Reid',5,4,51,14,'Ready to play','1993-02-02','bobby_reid.png'),(290,'Aleksandar Mitrovic',5,4,55,9,'Ready to play','1994-09-16','aleksandar_mitrovic.png'),(291,'Jay Stansfield',5,4,1,71,'Ready to play','2002-11-24','jay_stansfield.png'),(292,'David de Gea',6,1,3,1,'Ready to play','1990-11-07','david_de_gea.png'),(293,'Dean Henderson',6,1,1,26,'Ready to play','1997-03-12','dean_henderson.png'),(294,'Sergio Romero',6,1,20,22,'Ready to play','1987-02-22','sergio_romero.png'),(295,'Lee Grant',6,1,1,13,'Ready to play','1983-01-27','lee_grant.png'),(296,'Harry Maguire',6,2,1,5,'Ready to play','1993-03-05','harry_maguire.png'),(297,'Victor Lindelöf',6,2,40,2,'Ready to play','1994-07-17','victor_lindelöf.png'),(298,'Eric Bailly',6,2,16,3,'Injured','1994-04-12','eric_bailly.png'),(299,'Marcos Rojo',6,2,20,16,'Ready to play','1990-03-20','marcos_rojo.png'),(300,'Axel Tuanzebe',6,2,1,38,'Ready to play','1997-11-14','axel_tuanzebe.png'),(301,'Phil Jones',6,2,1,4,'Ready to play','1992-02-21','phil_jones.png'),(302,'Alex Telles',6,2,13,27,'Ready to play','1992-12-15','alex_telles.png'),(303,'Luke Shaw',6,2,1,23,'Ready to play','1995-07-12','luke_shaw.png'),(304,'Brandon Williams',6,2,1,33,'Ready to play','2000-09-03','brandon_williams.png'),(305,'Aaron Wan-Bissaka',6,2,1,29,'Ready to play','1997-11-26','aaron_wan-bissaka.png'),(306,'Timothy Fosu-Mensah',6,2,17,24,'Ready to play','1998-01-02','timothy_fosu-mensah.png'),(307,'Nemanja Matic',6,3,55,31,'Ready to play','1988-08-01','nemanja_matic.png'),(308,'Paul Pogba',6,3,6,6,'Ready to play','1993-03-15','paul_pogba.png'),(309,'Donny van de Beek',6,3,17,34,'Ready to play','1997-04-18','donny_van_de_beek.png'),(310,'Scott McTominay',6,3,23,39,'Ready to play','1996-12-08','scott_mctominay.png'),(311,'Fred',6,3,13,17,'Ready to play','1993-03-05','fred.png'),(312,'Bruno Fernandes',6,3,21,18,'Ready to play','1994-09-08','bruno_fernandes.png'),(313,'Jesse Lingard',6,3,1,14,'Ready to play','1992-12-15','jesse_lingard.png'),(314,'Juan Mata',6,3,3,8,'Ready to play','1988-04-28','juan_mata.png'),(315,'Marcus Rashford',6,4,1,10,'Ready to play','1997-10-31','marcus_rashford.png'),(316,'Daniel James',6,4,15,21,'Ready to play','1997-11-10','daniel_james.png'),(317,'Mason Greenwood',6,4,1,11,'Ready to play','2001-10-01','mason_greenwood.png'),(318,'Facundo Pellistri',6,4,63,28,'Ready to play','2001-12-20','facundo_pellistri.png'),(319,'Anthony Martial',6,4,6,9,'Ready to play','1995-12-05','anthony_martial.png'),(320,'Edinson Cavani',6,4,63,7,'Ready to play','1987-02-14','edinson_cavani.png'),(321,'Odion Ighalo',6,4,60,25,'Ready to play','1989-06-16','odion_ighalo.png'),(322,'Emiliano Martínez',7,1,20,26,'Ready to play','1992-09-02','emiliano_martínez.png'),(323,'Tom Heaton',7,1,1,1,'Ready to play','1986-04-15','tom_heaton.png'),(324,'Lovre Kalinic',7,1,54,28,'Ready to play','1990-04-03','lovre_kalinic.png'),(325,'Jed Steer',7,1,1,12,'Ready to play','1992-09-23','jed_steer.png'),(326,'Tyrone Mings',7,2,1,5,'Ready to play','1993-03-13','tyrone_mings.png'),(327,'Björn Engels',7,2,14,22,'Ready to play','1994-09-15','björn_engels.png'),(328,'Ezri Konsa',7,2,1,4,'Ready to play','1997-10-23','ezri_konsa.png'),(329,'Kortney Hause',7,2,1,30,'Ready to play','1995-07-16','kortney_hause.png'),(330,'Matt Targett',7,2,1,18,'Ready to play','1995-09-18','matt_targett.png'),(331,'Neil Taylor',7,2,15,3,'Ready to play','1989-02-07','neil_taylor.png'),(332,'Frédéric Guilbert',7,2,6,24,'Ready to play','1994-12-24','frédéric_guilbert.png'),(333,'Matty Cash',7,2,1,2,'Ready to play','1997-08-07','matty_cash.png'),(334,'Ahmed Elmohamady',7,2,28,27,'Ready to play','1987-09-09','ahmed_elmohamady.png'),(335,'Douglas Luiz',7,3,13,6,'Ready to play','1998-05-09','douglas_luiz.png'),(336,'Marvelous Nakamba',7,3,59,19,'Ready to play','1994-01-19','marvelous_nakamba.png'),(337,'Ross Barkley',7,3,1,20,'Ready to play','1993-12-05','ross_barkley.png'),(338,'John McGinn',7,3,23,7,'Ready to play','1994-10-18','john_mcginn.png'),(339,'Conor Hourihane',7,3,18,14,'Ready to play','1991-02-02','conor_hourihane.png'),(340,'Henri Lansbury',7,3,1,8,'Ready to play','1990-10-12','henri_lansbury.png'),(341,'Jack Grealish',7,4,1,10,'Ready to play','1995-09-10','jack_grealish.png'),(342,'Trezeguet',7,4,28,17,'Ready to play','1994-10-01','trezeguet.png'),(343,'Bertrand Traoré',7,4,58,15,'Ready to play','1995-09-06','bertrand_traoré.png'),(344,'Anwar El Ghazi',7,4,17,21,'Ready to play','1995-05-03','anwar_el_ghazi.png'),(345,'Wesley',7,4,13,9,'Ready to play','1996-11-26','wesley.png'),(346,'Ollie Watkins',7,4,1,11,'Ready to play','1995-12-30','ollie_watkins.png'),(347,'Keinan Davis',7,4,1,39,'Ready to play','1998-02-13','keinan_davis.png'),(348,'Lukasz Fabianski',9,1,9,1,'Ready to play','1985-04-18','lukasz_fabianski.png'),(349,'Darren Randolph',9,1,18,35,'Ready to play','1987-05-12','darren_randolph.png'),(350,'David Martin',9,1,1,25,'Ready to play','1986-01-22','david_martin.png'),(351,'Issa Diop',9,2,6,23,'Ready to play','1997-01-09','issa_diop.png'),(352,'Fabián Balbuena',9,2,62,4,'Ready to play','1991-08-23','fabián_balbuena.png'),(353,'Angelo Ogbonna',9,2,4,21,'Ready to play','1988-05-23','angelo_ogbonna.png'),(354,'Craig Dawson',9,2,1,15,'Ready to play','1990-05-06','craig_dawson.png'),(355,'Aaron Cresswell',9,2,1,3,'Ready to play','1989-12-15','aaron_cresswell.png'),(356,'Arthur Masuaku',9,2,44,26,'Ready to play','1993-11-07','arthur_masuaku.png'),(357,'Ryan Fredericks',9,2,1,24,'Ready to play','1992-10-10','ryan_fredericks.png'),(358,'Vladimir Coufal',9,2,56,5,'Ready to play','1992-08-22','vladimir_coufal.png'),(359,'Ben Johnson',9,2,1,31,'Ready to play','2000-01-24','ben_johnson.png'),(360,'Declan Rice',9,3,1,41,'Ready to play','1999-01-14','declan_rice.png'),(361,'Tomas Soucek',9,3,56,28,'Ready to play','1995-02-27','tomas_soucek.png'),(362,'Mark Noble',9,3,1,16,'Ready to play','1987-05-08','mark_noble.png'),(363,'Manuel Lanzini',9,3,20,10,'Ready to play','1993-02-15','manuel_lanzini.png'),(364,'Pablo Fornals',9,3,3,18,'Ready to play','1996-02-22','pablo_fornals.png'),(365,'Jarrod Bowen',9,4,1,20,'Ready to play','1996-12-20','jarrod_bowen.png'),(366,'Andriy Yarmolenko',9,4,57,7,'Ready to play','1989-10-23','andriy_yarmolenko.png'),(367,'Robert Snodgrass',9,4,23,11,'Ready to play','1987-09-07','robert_snodgrass.png'),(368,'Sébastien Haller',9,4,6,22,'Ready to play','1994-06-22','sébastien_haller.png'),(369,'Michail Antonio',9,4,1,30,'Ready to play','1990-03-28','michail_antonio.png'),(370,'Bernd Leno',13,1,8,1,'Ready to play','1992-03-04','bernd_leno.png'),(371,'Rúnar Alex Rúnarsson',13,1,43,13,'Ready to play','1995-02-18','rúnar_alex_rúnarsson.png'),(372,'Matt Macey',13,1,1,33,'Ready to play','1994-09-09','matt_macey.png'),(373,'William Saliba',13,2,6,4,'Ready to play','2001-03-24','william_saliba.png'),(374,'Gabriel',13,2,13,6,'Ready to play','1997-12-19','gabriel.png'),(375,'Shkodran Mustafi',13,2,8,20,'Ready to play','1992-04-17','shkodran_mustafi.png'),(376,'Calum Chambers',13,2,1,21,'Ready to play','1995-01-20','calum_chambers.png'),(377,'Rob Holding',13,2,1,16,'Ready to play','1995-09-20','rob_holding.png'),(378,'Sokratis',13,2,32,5,'Ready to play','1988-06-09','sokratis.png'),(379,'David Luiz',13,2,13,23,'Ready to play','1987-04-22','david_luiz.png'),(380,'Pablo Marí',13,2,3,22,'Ready to play','1993-08-31','pablo_marí.png'),(381,'Kieran Tierney',13,2,23,3,'Ready to play','1997-06-05','kieran_tierney.png'),(382,'Sead Kolasinac',13,2,46,31,'Ready to play','1993-06-20','sead_kolasinac.png'),(383,'Héctor Bellerín',13,2,3,2,'Ready to play','1995-03-19','héctor_bellerín.png'),(384,'Cédric Soares',13,2,21,17,'Ready to play','1991-08-31','cédric_soares.png'),(385,'Thomas',13,3,53,18,'Ready to play','1993-06-13','thomas.png'),(386,'Granit Xhaka',13,3,31,34,'Ready to play','1992-09-27','granit_xhaka.png'),(387,'Mohamed Elneny',13,3,28,25,'Ready to play','1992-07-11','mohamed_elneny.png'),(388,'Dani Ceballos',13,3,3,8,'Ready to play','1996-08-07','dani_ceballos.png'),(389,'Joe Willock',13,3,1,28,'Ready to play','1999-08-20','joe_willock.png'),(390,'Ainsley Maitland-Niles',13,3,1,15,'Ready to play','1997-08-29','ainsley_maitland-niles.png'),(391,'Bukayo Saka',13,3,1,7,'Ready to play','2001-09-05','bukayo_saka.png'),(392,'Mesut Özil',13,3,8,10,'Ready to play','1988-10-15','mesut_özil.png'),(393,'Emile Smith Rowe',13,3,1,32,'Ready to play','2000-07-28','emile_smith_rowe.png'),(394,'Gabriel Martinelli',13,4,13,35,'Ready to play','2001-06-18','gabriel_martinelli.png'),(395,'Nicolas Pépé',13,4,16,19,'Ready to play','1995-05-29','nicolas_pépé.png'),(396,'Willian',13,4,13,12,'Ready to play','1988-08-09','willian.png'),(397,'Reiss Nelson',13,4,1,24,'Ready to play','1999-12-10','reiss_nelson.png'),(398,'Pierre-Emerick Aubameyang',13,4,52,14,'Ready to play','1989-06-18','pierre-emerick_aubameyang.png'),(399,'Alexandre Lacazette',13,4,6,9,'Ready to play','1991-05-28','alexandre_lacazette.png'),(400,'Eddie Nketiah',13,4,1,30,'Ready to play','1999-05-30','eddie_nketiah.png'),(401,'Ederson',14,1,13,31,'Ready to play','1993-08-17','ederson.png'),(402,'Zack Steffen',14,1,11,13,'Ready to play','1995-04-02','zack_steffen.png'),(403,'Scott Carson',14,1,1,33,'Ready to play','1985-09-03','scott_carson.png'),(404,'Aymeric Laporte',14,2,6,14,'Ready to play','1994-05-27','aymeric_laporte.png'),(405,'Rúben Dias',14,2,21,3,'Ready to play','1997-05-14','rúben_dias.png'),(406,'John Stones',14,2,1,5,'Ready to play','1994-05-28','john_stones.png'),(407,'Nathan Aké',14,2,17,6,'Ready to play','1995-02-18','nathan_aké.png'),(408,'Eric García',14,2,3,50,'Ready to play','2001-01-09','eric_garcía.png'),(409,'Philippe Sandler',14,2,17,34,'Ready to play','1997-02-10','philippe_sandler.png'),(410,'Taylor Harwood-Bellis',14,2,1,78,'Ready to play','2002-01-30','taylor_harwood-bellis.png'),(411,'Benjamin Mendy',14,2,6,22,'Ready to play','1994-07-17','benjamin_mendy.png'),(412,'Oleksandr Zinchenko',14,2,57,11,'Ready to play','1996-12-15','oleksandr_zinchenko.png'),(413,'Kyle Walker',14,2,1,2,'Ready to play','1990-05-28','kyle_walker.png'),(414,'João Cancelo',14,2,21,27,'Ready to play','1994-05-27','joão_cancelo.png'),(415,'Rodri',14,3,3,16,'Ready to play','1996-06-22','rodri.png'),(416,'Fernandinho',14,3,13,25,'Ready to play','1985-05-04','fernandinho.png'),(417,'Ilkay Gündogan',14,3,8,8,'Ready to play','1990-10-24','ilkay_gündogan.png'),(418,'Phil Foden',14,3,1,47,'Ready to play','2000-05-28','phil_foden.png'),(419,'Tommy Doyle',14,3,1,69,'Ready to play','2001-10-17','tommy_doyle.png'),(420,'Kevin De Bruyne',14,3,14,17,'Ready to play','1991-06-28','kevin_de_bruyne.png'),(421,'Raheem Sterling',14,4,1,7,'Ready to play','1994-12-08','raheem_sterling.png'),(422,'Bernardo Silva',14,4,21,20,'Ready to play','1994-08-10','bernardo_silva.png'),(423,'Riyad Mahrez',14,4,61,26,'Ready to play','1991-02-21','riyad_mahrez.png'),(424,'Ferran Torres',14,4,3,21,'Ready to play','2000-02-29','ferran_torres.png'),(425,'Gabriel Jesus',14,4,13,9,'Ready to play','1997-04-03','gabriel_jesus.png'),(426,'Sergio Agüero',14,4,20,10,'Ready to play','1988-06-02','sergio_agüero.png'),(427,'Rui Patrício',15,1,21,11,'Ready to play','1988-02-15','rui_patrício.png'),(428,'John Ruddy',15,1,1,21,'Ready to play','1986-10-24','john_ruddy.png'),(429,'Conor Coady',15,2,1,16,'Ready to play','1993-02-25','conor_coady.png'),(430,'Willy Boly',15,2,6,15,'Ready to play','1991-02-03','willy_boly.png'),(431,'Romain Saïss',15,2,24,27,'Ready to play','1990-03-26','romain_saïss.png'),(432,'Ryan Bennett',15,2,1,NULL,'Ready to play','1990-03-06','ryan_bennett.png'),(433,'Roderick Miranda',15,2,21,NULL,'Ready to play','1991-03-30','roderick_miranda.png'),(434,'Max Kilman',15,2,1,49,'Ready to play','1997-05-23','max_kilman.png'),(435,'Rayan Aït Nouri',15,2,6,3,'Ready to play','2001-06-06','rayan_aït_nouri.png'),(436,'Jonny Otto',15,2,3,19,'Ready to play','1994-03-03','jonny_otto.png'),(437,'Marçal',15,2,13,5,'Ready to play','1989-02-19','marçal.png'),(438,'Nélson Semedo',15,2,21,22,'Ready to play','1993-11-16','nélson_semedo.png'),(439,'Ki-Jana Hoever',15,2,17,2,'Ready to play','2002-01-18','ki-jana_hoever.png'),(440,'Luke Matheson',15,2,1,41,'Ready to play','2002-10-02','luke_matheson.png'),(441,'Oskar Buur',15,2,7,59,'Ready to play','1998-03-31','oskar_buur.png'),(442,'Rúben Neves',15,3,21,8,'Ready to play','1997-03-13','rúben_neves.png'),(443,'Leander Dendoncker',15,3,14,32,'Ready to play','1995-04-15','leander_dendoncker.png'),(444,'João Moutinho',15,3,21,28,'Ready to play','1986-09-08','joão_moutinho.png'),(445,'Vitinha',15,3,21,20,'Ready to play','2000-02-13','vitinha.png'),(446,'Daniel Podence',15,4,21,10,'Ready to play','1995-10-21','daniel_podence.png'),(447,'Pedro Neto',15,4,21,7,'Ready to play','2000-03-09','pedro_neto.png'),(448,'Adama Traoré',15,4,3,37,'Ready to play','1996-01-25','adama_traoré.png'),(449,'Raúl Jiménez',15,4,39,9,'Ready to play','1991-05-05','raúl_jiménez.png'),(450,'Fábio Silva',15,4,21,17,'Ready to play','2002-07-19','fábio_silva.png'),(451,'Vicente Guaita',16,1,3,31,'Ready to play','1987-01-10','vicente_guaita.png'),(452,'Wayne Hennessey',16,1,15,13,'Ready to play','1987-01-24','wayne_hennessey.png'),(453,'Stephen Henderson',16,1,18,19,'Ready to play','1988-05-02','stephen_henderson.png'),(454,'Mamadou Sakho',16,2,6,12,'Ready to play','1990-02-13','mamadou_sakho.png'),(455,'James Tomkins',16,2,1,5,'Ready to play','1989-03-29','james_tomkins.png'),(456,'Gary Cahill',16,2,1,24,'Ready to play','1985-12-19','gary_cahill.png'),(457,'Jairo Riedewald',16,2,17,44,'Ready to play','1996-09-09','jairo_riedewald.png'),(458,'Scott Dann',16,2,1,6,'Ready to play','1987-02-14','scott_dann.png'),(459,'Ryan Inniss',16,2,1,45,'Ready to play','1995-06-05','ryan_inniss.png'),(460,'Sam Woods',16,2,1,35,'Ready to play','1998-09-11','sam_woods.png'),(461,'Patrick van Aanholt',16,2,17,3,'Ready to play','1990-08-29','patrick_van_aanholt.png'),(462,'Tyrick Mitchell',16,2,1,27,'Ready to play','1999-09-01','tyrick_mitchell.png'),(463,'Nathan Ferguson',16,2,1,36,'Ready to play','2000-10-06','nathan_ferguson.png'),(464,'Joel Ward',16,2,1,2,'Ready to play','1989-10-29','joel_ward.png'),(465,'Martin Kelly',16,2,1,34,'Ready to play','1990-04-27','martin_kelly.png'),(466,'Luka Milivojevic',16,3,55,4,'Ready to play','1991-04-07','luka_milivojevic.png'),(467,'Cheikhou Kouyaté',16,3,33,8,'Ready to play','1989-12-21','cheikhou_kouyaté.png'),(468,'James McArthur',16,3,23,18,'Ready to play','1987-10-07','james_mcarthur.png'),(469,'James McCarthy',16,3,18,22,'Ready to play','1990-11-12','james_mccarthy.png'),(470,'Jeffrey Schlupp',16,3,53,15,'Ready to play','1992-12-23','jeffrey_schlupp.png'),(471,'Eberechi Eze',16,3,1,25,'Ready to play','1998-06-29','eberechi_eze.png'),(472,'Max Meyer',16,3,8,7,'Ready to play','1995-09-18','max_meyer.png'),(473,'Brandon Pierrick',16,3,1,40,'Ready to play','2001-12-10','brandon_pierrick.png'),(474,'Wilfried Zaha',16,4,16,11,'Ready to play','1992-11-10','wilfried_zaha.png'),(475,'Andros Townsend',16,4,1,10,'Ready to play','1991-07-16','andros_townsend.png'),(476,'Michy Batshuayi',16,4,14,23,'Ready to play','1993-10-02','michy_batshuayi.png'),(477,'Christian Benteke',16,4,14,20,'Ready to play','1990-12-03','christian_benteke.png'),(478,'Jordan Ayew',16,4,53,9,'Ready to play','1991-09-11','jordan_ayew.png'),(479,'Connor Wickham',16,4,1,21,'Ready to play','1993-03-31','connor_wickham.png'),(480,'Alex McCarthy',19,1,1,1,'Ready to play','1989-12-03','alex_mccarthy.png'),(481,'Fraser Forster',19,1,1,44,'Ready to play','1988-03-17','fraser_forster.png'),(482,'Angus Gunn',19,1,1,28,'Ready to play','1996-01-22','angus_gunn.png'),(483,'Harry Lewis',19,1,1,41,'Ready to play','1997-12-20','harry_lewis.png'),(484,'Jan Bednarek',19,2,9,35,'Ready to play','1996-04-12','jan_bednarek.png'),(485,'Jannik Vestergaard',19,2,7,4,'Ready to play','1992-08-03','jannik_vestergaard.png'),(486,'Mohammed Salisu',19,2,53,22,'Ready to play','1999-04-17','mohammed_salisu.png'),(487,'Jack Stephens',19,2,1,5,'Ready to play','1994-01-27','jack_stephens.png'),(488,'Ryan Bertrand',19,2,1,3,'Ready to play','1989-08-05','ryan_bertrand.png'),(489,'Sam McQueen',19,2,1,NULL,'Ready to play','1995-02-06','sam_mcqueen.png'),(490,'Jake Vokins',19,2,1,29,'Ready to play','2000-03-17','jake_vokins.png'),(491,'Kyle Walker-Peters',19,2,1,2,'Ready to play','1997-04-13','kyle_walker-peters.png'),(492,'Yan Valery',19,2,6,18,'Ready to play','1999-02-22','yan_valery.png'),(493,'Ibrahima Diallo',19,3,6,27,'Ready to play','1999-03-08','ibrahima_diallo.png'),(494,'Oriol Romeu',19,3,3,6,'Ready to play','1991-09-24','oriol_romeu.png'),(495,'James Ward-Prowse',19,3,1,8,'Ready to play','1994-11-01','james_ward-prowse.png'),(496,'Will Smallbone',19,3,18,20,'Ready to play','2000-02-21','will_smallbone.png'),(497,'Stuart Armstrong',19,3,23,17,'Ready to play','1992-03-30','stuart_armstrong.png'),(498,'Jake Hesketh',19,3,1,42,'Ready to play','1996-03-27','jake_hesketh.png'),(499,'Nathan Redmond',19,4,1,11,'Ready to play','1994-03-06','nathan_redmond.png'),(500,'Moussa Djenepo',19,4,36,12,'Ready to play','1998-06-15','moussa_djenepo.png'),(501,'Theo Walcott',19,4,1,32,'Ready to play','1989-03-16','theo_walcott.png'),(502,'Nathan Tella',19,4,1,23,'Ready to play','1999-07-05','nathan_tella.png'),(503,'Danny Ings',19,4,1,9,'Ready to play','1992-07-23','danny_ings.png'),(504,'Che Adams',19,4,1,10,'Ready to play','1996-07-13','che_adams.png'),(505,'Michael Obafemi',19,4,18,14,'Ready to play','2000-07-06','michael_obafemi.png'),(506,'Shane Long',19,4,18,7,'Ready to play','1987-01-22','shane_long.png'),(507,'Jordan Pickford',20,1,1,1,'Ready to play','1994-03-07','jordan_pickford.png'),(508,'Robin Olsen',20,1,40,33,'Ready to play','1990-01-08','robin_olsen.png'),(509,'Jonas Lössl',20,1,7,49,'Ready to play','1989-02-01','jonas_lössl.png'),(510,'João Virgínia',20,1,21,31,'Ready to play','1999-10-10','joão_virgínia.png'),(511,'Michael Keane',20,2,1,5,'Ready to play','1993-01-11','michael_keane.png'),(512,'Yerry Mina',20,2,22,13,'Ready to play','1994-09-23','yerry_mina.png'),(513,'Mason Holgate',20,2,1,4,'Ready to play','1996-10-22','mason_holgate.png'),(514,'Ben Godfrey',20,2,1,22,'Ready to play','1998-01-15','ben_godfrey.png'),(515,'Jarrad Branthwaite',20,2,1,32,'Ready to play','2002-06-27','jarrad_branthwaite.png'),(516,'Matthew Pennington',20,2,1,NULL,'Ready to play','1994-10-06','matthew_pennington.png'),(517,'Lucas Digne',20,2,6,12,'Ready to play','1993-07-20','lucas_digne.png'),(518,'Niels Nkounkou',20,2,6,18,'Ready to play','2000-11-01','niels_nkounkou.png'),(519,'Jonjoe Kenny',20,2,1,2,'Ready to play','1997-03-15','jonjoe_kenny.png'),(520,'Seamus Coleman',20,2,18,23,'Injured','1988-10-11','seamus_coleman.png'),(521,'Jean-Philippe Gbamin',20,3,16,25,'Ready to play','1995-09-25','jean-philippe_gbamin.png'),(522,'Muhamed Besic',20,3,46,30,'Ready to play','1992-09-10','muhamed_besic.png'),(523,'Allan',20,3,13,6,'Ready to play','1991-01-08','allan.png'),(524,'André Gomes',20,3,21,21,'Ready to play','1993-07-30','andré_gomes.png'),(525,'Abdoulaye Doucouré',20,3,6,16,'Ready to play','1993-01-01','abdoulaye_doucouré.png'),(526,'Tom Davies',20,3,1,26,'Ready to play','1998-06-30','tom_davies.png'),(527,'Fabian Delph',20,3,1,8,'Ready to play','1989-11-21','fabian_delph.png'),(528,'Beni Baningime',20,3,44,34,'Ready to play','1998-09-09','beni_baningime.png'),(529,'James Rodríguez',20,3,22,19,'Ready to play','1991-07-12','james_rodríguez.png'),(530,'Gylfi Sigurdsson',20,3,43,10,'Ready to play','1989-09-08','gylfi_sigurdsson.png'),(531,'Alex Iwobi',20,4,60,17,'Ready to play','1996-05-03','alex_iwobi.png'),(532,'Bernard',20,4,13,20,'Ready to play','1992-09-08','bernard.png'),(533,'Anthony Gordon',20,4,1,24,'Ready to play','2001-02-24','anthony_gordon.png'),(534,'Yannick Bolasie',20,4,44,29,'Ready to play','1989-05-24','yannick_bolasie.png'),(535,'Richarlison',20,4,13,7,'Ready to play','1997-05-10','richarlison.png'),(536,'Dominic Calvert-Lewin',20,4,1,9,'Ready to play','1997-03-16','dominic_calvert-lewin.png'),(537,'Cenk Tosun',20,4,45,14,'Ready to play','1991-06-07','cenk_tosun.png'),(538,'Sam Johnstone',8,1,1,1,'Ready to play','1993-03-25','sam_johnstone.png'),(539,'David Button',8,1,1,25,'Ready to play','1989-02-27','david_button.png'),(540,'Jonathan Bond',8,1,1,23,'Ready to play','1993-05-19','jonathan_bond.png'),(541,'Semi Ajayi',8,2,60,6,'Ready to play','1993-11-09','semi_ajayi.png'),(542,'Ahmed Hegazy',8,2,28,26,'Ready to play','1991-01-25','ahmed_hegazy.png'),(543,'Kyle Bartley',8,2,1,5,'Ready to play','1991-05-22','kyle_bartley.png'),(544,'Cédric Kipré',8,2,6,24,'Ready to play','1996-12-09','cédric_kipré.png'),(545,'Branislav Ivanovic',8,2,55,20,'Ready to play','1984-02-22','branislav_ivanovic.png'),(546,'Dara O\'Shea',8,2,18,27,'Ready to play','1999-03-04','dara_o\'shea.png'),(547,'Kieran Gibbs',8,2,1,3,'Ready to play','1989-09-26','kieran_gibbs.png'),(548,'Conor Townsend',8,2,1,14,'Ready to play','1993-03-04','conor_townsend.png'),(549,'Darnell Furlong',8,2,1,2,'Ready to play','1995-10-31','darnell_furlong.png'),(550,'Lee Peltier',8,2,1,22,'Ready to play','1986-12-11','lee_peltier.png'),(551,'Jake Livermore',8,3,1,8,'Ready to play','1989-11-14','jake_livermore.png'),(552,'Conor Gallagher',8,3,1,18,'Ready to play','2000-02-06','conor_gallagher.png'),(553,'Romaine Sawyers',8,3,38,19,'Ready to play','1991-11-02','romaine_sawyers.png'),(554,'Rekeem Harper',8,3,1,16,'Ready to play','2000-03-08','rekeem_harper.png'),(555,'Sam Field',8,3,1,28,'Injured','1998-05-08','sam_field.png'),(556,'Filip Krovinovic',8,3,54,17,'Ready to play','1995-08-29','filip_krovinovic.png'),(557,'Callum Robinson',8,4,18,7,'Ready to play','1995-02-02','callum_robinson.png'),(558,'Grady Diangana',8,4,1,11,'Ready to play','1998-04-19','grady_diangana.png'),(559,'Kamil Grosicki',8,4,9,13,'Ready to play','1988-06-08','kamil_grosicki.png'),(560,'Kyle Edwards',8,4,1,21,'Ready to play','1998-02-17','kyle_edwards.png'),(561,'Matheus Pereira',8,4,13,12,'Ready to play','1996-05-05','matheus_pereira.png'),(562,'Matt Phillips',8,4,23,10,'Ready to play','1991-03-13','matt_phillips.png'),(563,'Kenneth Zohore',8,4,7,9,'Ready to play','1994-01-31','kenneth_zohore.png'),(564,'Charlie Austin',8,4,1,15,'Ready to play','1989-07-05','charlie_austin.png'),(565,'Hal Robson-Kanu',8,4,15,4,'Injured','1989-05-21','hal_robson-kanu.png'),(566,'Steve Bruce',1,5,1,NULL,'Ready to play','1960-12-31','steve_bruce.png'),(567,'Brendan Rodgers',2,5,1,NULL,'Ready to play','1973-01-26','brendan_rodgers.png'),(568,'Sean Dyche',3,5,1,NULL,'Ready to play','1971-06-28','sean_dyche.png'),(569,'Graham Potter',4,5,1,NULL,'Ready to play','1975-05-20','graham_potter.png'),(570,'Scott Parker',5,5,1,NULL,'Ready to play','1980-10-13','scott_parker.png'),(571,'Ole Gunnar Solskjaer',6,5,42,NULL,'Ready to play','1973-02-26','ole_gunnar_solskjaer.png'),(572,'Dean Smith',7,5,1,NULL,'Ready to play','1971-03-19','dean_smith.png'),(573,'Slaven Bilic',8,5,54,NULL,'Ready to play','1968-09-11','slaven_bilic.png'),(574,'David Moyes',9,5,23,NULL,'Ready to play','1963-04-25','david_moyes.png'),(575,'Frank Lampard',10,5,1,NULL,'Ready to play','1978-06-20','frank_lampard.png'),(576,'Marcelo Bielsa',11,5,20,NULL,'Ready to play','1955-07-21','marcelo_bielsa.png'),(577,'Jürgen Klopp',12,5,8,NULL,'Ready to play','1967-06-16','jürgen_klopp.png'),(578,'Mikel Arteta',13,5,3,NULL,'Ready to play','1982-03-26','mikel_arteta.png'),(579,'Pep Guardiola',14,5,3,NULL,'Ready to play','1971-01-18','pep_guardiola.png'),(580,'Nuno Espírito Santo',15,5,21,NULL,'Ready to play','1974-01-25','nuno_espírito_santo.png'),(581,'Roy Hodgson',16,5,1,NULL,'Ready to play','1947-08-09','roy_hodgson.png'),(582,'Chris Wilder',17,5,1,NULL,'Ready to play','1967-09-23','chris_wilder.png'),(583,'José Mourinho',18,5,21,NULL,'Ready to play','1963-01-26','josé_mourinho.png'),(584,'Ralph Hasenhüttl',19,5,37,NULL,'Ready to play','1967-08-09','ralph_hasenhüttl.png'),(585,'Carlo Ancelotti',20,5,4,NULL,'Ready to play','1959-06-10','carlo_ancelotti.png');
/*!40000 ALTER TABLE `persons` ENABLE KEYS */;
UNLOCK TABLES;
/*!50003 SET @saved_cs_client      = @@character_set_client */ ;
/*!50003 SET @saved_cs_results     = @@character_set_results */ ;
/*!50003 SET @saved_col_connection = @@collation_connection */ ;
/*!50003 SET character_set_client  = utf8mb4 */ ;
/*!50003 SET character_set_results = utf8mb4 */ ;
/*!50003 SET collation_connection  = utf8mb4_0900_ai_ci */ ;
/*!50003 SET @saved_sql_mode       = @@sql_mode */ ;
/*!50003 SET sql_mode              = 'ONLY_FULL_GROUP_BY,STRICT_TRANS_TABLES,NO_ZERO_IN_DATE,NO_ZERO_DATE,ERROR_FOR_DIVISION_BY_ZERO,NO_ENGINE_SUBSTITUTION' */ ;
DELIMITER ;;
/*!50003 CREATE*/ /*!50017 DEFINER=`root`@`localhost`*/ /*!50003 TRIGGER `add_imgname_on_insert` BEFORE INSERT ON `persons` FOR EACH ROW BEGIN
	SET NEW.img_name = LOWER(CONCAT(REPLACE(NEW.name, ' ','_'),'.png'));
END */;;
DELIMITER ;
/*!50003 SET sql_mode              = @saved_sql_mode */ ;
/*!50003 SET character_set_client  = @saved_cs_client */ ;
/*!50003 SET character_set_results = @saved_cs_results */ ;
/*!50003 SET collation_connection  = @saved_col_connection */ ;

--
-- Table structure for table `positions`
--

DROP TABLE IF EXISTS `positions`;
/*!40101 SET @saved_cs_client     = @@character_set_client */;
/*!50503 SET character_set_client = utf8mb4 */;
CREATE TABLE `positions` (
  `id` bigint unsigned NOT NULL AUTO_INCREMENT,
  `name` varchar(255) DEFAULT NULL COMMENT 'Название позиции',
  `sports_id` bigint unsigned DEFAULT NULL,
  PRIMARY KEY (`id`),
  UNIQUE KEY `id` (`id`),
  KEY `sports_id` (`sports_id`),
  CONSTRAINT `positions_ibfk_1` FOREIGN KEY (`sports_id`) REFERENCES `sports` (`id`)
) ENGINE=InnoDB AUTO_INCREMENT=7 DEFAULT CHARSET=utf8mb4 COLLATE=utf8mb4_0900_ai_ci;
/*!40101 SET character_set_client = @saved_cs_client */;

--
-- Dumping data for table `positions`
--

LOCK TABLES `positions` WRITE;
/*!40000 ALTER TABLE `positions` DISABLE KEYS */;
INSERT INTO `positions` VALUES (1,'Goalkeeper',1),(2,'Defender',1),(3,'Midfielder',1),(4,'Forward',1),(5,'Coach',NULL),(6,'Referee',NULL);
/*!40000 ALTER TABLE `positions` ENABLE KEYS */;
UNLOCK TABLES;

--
-- Table structure for table `sports`
--

DROP TABLE IF EXISTS `sports`;
/*!40101 SET @saved_cs_client     = @@character_set_client */;
/*!50503 SET character_set_client = utf8mb4 */;
CREATE TABLE `sports` (
  `id` bigint unsigned NOT NULL AUTO_INCREMENT,
  `name` varchar(255) DEFAULT NULL COMMENT 'Название спорта',
  PRIMARY KEY (`id`),
  UNIQUE KEY `id` (`id`)
) ENGINE=InnoDB AUTO_INCREMENT=5 DEFAULT CHARSET=utf8mb4 COLLATE=utf8mb4_0900_ai_ci;
/*!40101 SET character_set_client = @saved_cs_client */;

--
-- Dumping data for table `sports`
--

LOCK TABLES `sports` WRITE;
/*!40000 ALTER TABLE `sports` DISABLE KEYS */;
INSERT INTO `sports` VALUES (1,'Football'),(2,'Basketball'),(3,'Rugby union'),(4,'Handball');
/*!40000 ALTER TABLE `sports` ENABLE KEYS */;
UNLOCK TABLES;

--
-- Table structure for table `teams`
--

DROP TABLE IF EXISTS `teams`;
/*!40101 SET @saved_cs_client     = @@character_set_client */;
/*!50503 SET character_set_client = utf8mb4 */;
CREATE TABLE `teams` (
  `id` bigint unsigned NOT NULL AUTO_INCREMENT,
  `name` varchar(255) DEFAULT NULL COMMENT 'Название команды',
  `competition_id` bigint unsigned NOT NULL,
  `logoname` varchar(255) DEFAULT NULL COMMENT 'Название файла с изображением логотипа клуба',
  PRIMARY KEY (`id`),
  UNIQUE KEY `id` (`id`),
  KEY `competition_id` (`competition_id`),
  CONSTRAINT `teams_ibfk_1` FOREIGN KEY (`competition_id`) REFERENCES `competitions` (`id`)
) ENGINE=InnoDB AUTO_INCREMENT=277 DEFAULT CHARSET=utf8mb4 COLLATE=utf8mb4_0900_ai_ci;
/*!40101 SET character_set_client = @saved_cs_client */;

--
-- Dumping data for table `teams`
--

LOCK TABLES `teams` WRITE;
/*!40000 ALTER TABLE `teams` DISABLE KEYS */;
INSERT INTO `teams` VALUES (1,'Newcastle',18,'newcastle.png'),(2,'Leicester',18,'leicester.png'),(3,'Burnley',18,'burnley.png'),(4,'Brighton',18,'brighton.png'),(5,'Fulham',18,'fulham.png'),(6,'Manchester Utd',18,'manchester utd.png'),(7,'Aston Villa',18,'aston villa.png'),(8,'West Brom',18,'west brom.png'),(9,'West Ham',18,'west ham.png'),(10,'Chelsea',18,'chelsea.png'),(11,'Leeds',18,'leeds.png'),(12,'Liverpool',18,'liverpool.png'),(13,'Arsenal',18,'arsenal.png'),(14,'Manchester City',18,'manchester city.png'),(15,'Wolves',18,'wolves.png'),(16,'Crystal Palace',18,'crystal palace.png'),(17,'Sheffield Utd',18,'sheffield utd.png'),(18,'Tottenham',18,'tottenham.png'),(19,'Southampton',18,'southampton.png'),(20,'Everton',18,'everton.png'),(21,'Bournemouth',19,'bournemouth.png'),(22,'Barnsley',19,'barnsley.png'),(23,'Stoke',19,'stoke.png'),(24,'QPR',19,'qpr.png'),(25,'Swansea',19,'swansea.png'),(26,'Bristol City',19,'bristol city.png'),(27,'Rotherham',19,'rotherham.png'),(28,'Cardiff',19,'cardiff.png'),(29,'Preston',19,'preston.png'),(30,'Nottingham',19,'nottingham.png'),(31,'Norwich',19,'norwich.png'),(32,'Millwall',19,'millwall.png'),(33,'Birmingham',19,'birmingham.png'),(34,'Brentford',19,'brentford.png'),(35,'Reading',19,'reading.png'),(36,'Blackburn',19,'blackburn.png'),(37,'Luton',19,'luton.png'),(38,'Sheffield Wed',19,'sheffield wed.png'),(39,'Huddersfield',19,'huddersfield.png'),(40,'Derby',19,'derby.png'),(41,'Middlesbrough',19,'middlesbrough.png'),(42,'Watford',19,'watford.png'),(43,'Wycombe',19,'wycombe.png'),(44,'Coventry',19,'coventry.png'),(45,'Aix',1,'aix.png'),(46,'Limoges',1,'limoges.png'),(47,'Nantes',1,'nantes.png'),(48,'Cesson Rennes-Metropole',1,'cesson rennes-metropole.png'),(49,'Chartres',1,'chartres.png'),(50,'Chambery Savoie',1,'chambery savoie.png'),(51,'Tremblay',1,'tremblay.png'),(52,'Creteil',1,'creteil.png'),(53,'Ivry',1,'ivry.png'),(54,'Dunkerque',1,'dunkerque.png'),(55,'St. Raphael',1,'st. raphael.png'),(56,'Istres',1,'istres.png'),(57,'Paris SG',1,'paris sg.png'),(58,'Montpellier',1,'montpellier.png'),(59,'Nimes',1,'nimes.png'),(60,'Toulouse',1,'toulouse.png'),(61,'Hannover-Burgdorf',2,'hannover-burgdorf.png'),(62,'Fuchse Berlin',2,'fuchse berlin.png'),(63,'Erlangen',2,'erlangen.png'),(64,'Coburg 2000',2,'coburg 2000.png'),(65,'Lemgo',2,'lemgo.png'),(66,'Bergischer',2,'bergischer.png'),(67,'SC Magdeburg',2,'sc magdeburg.png'),(68,'HBW Balingen-Weilstetten',2,'hbw balingen-weilstetten.png'),(69,'Leipzig',2,'leipzig.png'),(70,'Kiel',2,'kiel.png'),(71,'HSG Wetzlar',2,'hsg wetzlar.png'),(72,'Essen',2,'essen.png'),(73,'Minden',2,'minden.png'),(74,'Stuttgart',2,'stuttgart.png'),(75,'MT Melsungen',2,'mt melsungen.png'),(76,'Rhein-Neckar',2,'rhein-neckar.png'),(77,'Flensburg-H.',2,'flensburg-h..png'),(78,'Goppingen',2,'goppingen.png'),(79,'Ludwigshafen',2,'ludwigshafen.png'),(80,'Nordhorn-Lingen',2,'nordhorn-lingen.png'),(81,'Cisne',3,'cisne.png'),(82,'Puerto Sagunto',3,'puerto sagunto.png'),(83,'Morrazo Cangas',3,'morrazo cangas.png'),(84,'Puente Genil',3,'puente genil.png'),(85,'Granollers',3,'granollers.png'),(86,'Ademar',3,'ademar.png'),(87,'Nava',3,'nava.png'),(88,'Atl. Valladolid',3,'atl. valladolid.png'),(89,'CD Bidasoa Irun',3,'cd bidasoa irun.png'),(90,'Barcelona',3,'barcelona.png'),(91,'Villa de Aranda',3,'villa de aranda.png'),(92,'Anaitasuna',3,'anaitasuna.png'),(93,'Cuenca',3,'cuenca.png'),(94,'La Rioja',3,'la rioja.png'),(95,'Quabit Guadalajara',3,'quabit guadalajara.png'),(96,'Benidorm',3,'benidorm.png'),(97,'Huesca',3,'huesca.png'),(98,'BM Sinfin',3,'bm sinfin.png'),(99,'Aarhus',4,'aarhus.png'),(100,'Sonderjyske',4,'sonderjyske.png'),(101,'Mors',4,'mors.png'),(102,'Lemvig',4,'lemvig.png'),(103,'Ringsted',4,'ringsted.png'),(104,'Holstebro',4,'holstebro.png'),(105,'Bjerringbro/Silkeborg',4,'bjerringbrosilkeborg.png'),(106,'Fredericia',4,'fredericia.png'),(107,'Skanderborg',4,'skanderborg.png'),(108,'GOG',4,'gog.png'),(109,'Skjern',4,'skjern.png'),(110,'Ribe-Esbjerg',4,'ribe-esbjerg.png'),(111,'Aalborg',4,'aalborg.png'),(112,'Kolding',4,'kolding.png'),(113,'Uruguay',5,'uruguay.png'),(114,'Russia',5,'russia.png'),(115,'Angola',5,'angola.png'),(116,'Belarus',5,'belarus.png'),(117,'Argentina',5,'argentina.png'),(118,'Hungary',5,'hungary.png'),(119,'Austria',5,'austria.png'),(120,'South Korea',5,'south korea.png'),(121,'Tunisia',5,'tunisia.png'),(122,'Spain',5,'spain.png'),(123,'France',5,'france.png'),(124,'Algeria',5,'algeria.png'),(125,'Morocco',5,'morocco.png'),(126,'Croatia',5,'croatia.png'),(127,'Portugal',5,'portugal.png'),(128,'D.R. Congo',5,'d.r. congo.png'),(129,'Egypt',5,'egypt.png'),(130,'Sweden',5,'sweden.png'),(131,'Poland',5,'poland.png'),(132,'Cape Verde',5,'cape verde.png'),(133,'Iceland',5,'iceland.png'),(134,'Slovenia',5,'slovenia.png'),(135,'Qatar',5,'qatar.png'),(136,'Germany',5,'germany.png'),(137,'Norway',5,'norway.png'),(138,'Bahrain',5,'bahrain.png'),(139,'Japan',5,'japan.png'),(140,'Denmark',5,'denmark.png'),(141,'Czech Republic',5,'czech republic.png'),(142,'Brazil',5,'brazil.png'),(143,'B. Monchengladbach',22,'b. monchengladbach.png'),(144,'Union Berlin',22,'union berlin.png'),(145,'Dortmund',22,'dortmund.png'),(146,'Bayern Munich',22,'bayern munich.png'),(147,'Freiburg',22,'freiburg.png'),(148,'Arminia Bielefeld',22,'arminia bielefeld.png'),(149,'FC Koln',22,'fc koln.png'),(150,'Mainz',22,'mainz.png'),(151,'Wolfsburg',22,'wolfsburg.png'),(152,'Hoffenheim',22,'hoffenheim.png'),(153,'RB Leipzig',22,'rb leipzig.png'),(154,'Stuttgart',22,'stuttgart.png'),(155,'Werder Bremen',22,'werder bremen.png'),(156,'Hertha Berlin',22,'hertha berlin.png'),(157,'Bayer Leverkusen',22,'bayer leverkusen.png'),(158,'Augsburg',22,'augsburg.png'),(159,'Schalke',22,'schalke.png'),(160,'Eintracht Frankfurt',22,'eintracht frankfurt.png'),(161,'Greuther Furth',23,'greuther furth.png'),(162,'Darmstadt',23,'darmstadt.png'),(163,'Holstein Kiel',23,'holstein kiel.png'),(164,'Aue',23,'aue.png'),(165,'Bochum',23,'bochum.png'),(166,'Hamburger SV',23,'hamburger sv.png'),(167,'VfL Osnabruck',23,'vfl osnabruck.png'),(168,'Dusseldorf',23,'dusseldorf.png'),(169,'Braunschweig',23,'braunschweig.png'),(170,'Regensburg',23,'regensburg.png'),(171,'Heidenheim',23,'heidenheim.png'),(172,'St. Pauli',23,'st. pauli.png'),(173,'Karlsruher',23,'karlsruher.png'),(174,'Sandhausen',23,'sandhausen.png'),(175,'Hannover',23,'hannover.png'),(176,'Nurnberg',23,'nurnberg.png'),(177,'Wurzburger Kickers',23,'wurzburger kickers.png'),(178,'Paderborn',23,'paderborn.png'),(179,'Krasnodar',26,'krasnodar.png'),(180,'Dynamo Moscow',26,'dynamo moscow.png'),(181,'CSKA Moscow',26,'cska moscow.png'),(182,'Rubin Kazan',26,'rubin kazan.png'),(183,'R. Volgograd',26,'r. volgograd.png'),(184,'Zenit',26,'zenit.png'),(185,'Sochi',26,'sochi.png'),(186,'Akhmat Grozny',26,'akhmat grozny.png'),(187,'Ural',26,'ural.png'),(188,'Arsenal Tula',26,'arsenal tula.png'),(189,'Spartak Moscow',26,'spartak moscow.png'),(190,'Tambov',26,'tambov.png'),(191,'Ufa',26,'ufa.png'),(192,'Lokomotiv Moscow',26,'lokomotiv moscow.png'),(193,'Khimki',26,'khimki.png'),(194,'FK Rostov',26,'fk rostov.png'),(195,'Baltika',27,'baltika.png'),(196,'SKA Khabarovsk',27,'ska khabarovsk.png'),(197,'Volgar-Astrakhan',27,'volgar-astrakhan.png'),(198,'Chertanovo M.',27,'chertanovo m..png'),(199,'Yenisey',27,'yenisey.png'),(200,'Akron Togliatti',27,'akron togliatti.png'),(201,'Spartak Moscow 2',27,'spartak moscow 2.png'),(202,'Krasnodar 2',27,'krasnodar 2.png'),(203,'T. Moscow',27,'t. moscow.png'),(204,'FK Chayka',27,'fk chayka.png'),(205,'D. Bryansk',27,'d. bryansk.png'),(206,'Neftekhimik',27,'neftekhimik.png'),(207,'F. Voronezh',27,'f. voronezh.png'),(208,'Veles Moscow',27,'veles moscow.png'),(209,'Omsk',27,'omsk.png'),(210,'Tomsk',27,'tomsk.png'),(211,'Tekstilshtik',27,'tekstilshtik.png'),(212,'Orenburg',27,'orenburg.png'),(213,'Shinnik Yaroslavl',27,'shinnik yaroslavl.png'),(214,'Alania Vladikavkaz',27,'alania vladikavkaz.png'),(215,'Nizhny Novgorod',27,'nizhny novgorod.png'),(216,'FK Krylya Sovetov Samara',27,'fk krylya sovetov samara.png'),(217,'Barcelona',28,'barcelona.png'),(218,'Alaves',28,'alaves.png'),(219,'Real Sociedad',28,'real sociedad.png'),(220,'Cadiz CF',28,'cadiz cf.png'),(221,'Real Madrid',28,'real madrid.png'),(222,'Levante',28,'levante.png'),(223,'Osasuna',28,'osasuna.png'),(224,'Eibar',28,'eibar.png'),(225,'Huesca',28,'huesca.png'),(226,'Sevilla',28,'sevilla.png'),(227,'Granada CF',28,'granada cf.png'),(228,'Elche',28,'elche.png'),(229,'Ath Bilbao',28,'ath bilbao.png'),(230,'Valladolid',28,'valladolid.png'),(231,'Getafe',28,'getafe.png'),(232,'Atl. Madrid',28,'atl. madrid.png'),(233,'Celta Vigo',28,'celta vigo.png'),(234,'Villarreal',28,'villarreal.png'),(235,'Valencia',28,'valencia.png'),(236,'Betis',28,'betis.png'),(237,'Napoli',24,'napoli.png'),(238,'Spezia',24,'spezia.png'),(239,'AS Roma',24,'as roma.png'),(240,'Torino',24,'torino.png'),(241,'Juventus',24,'juventus.png'),(242,'Cagliari',24,'cagliari.png'),(243,'Benevento',24,'benevento.png'),(244,'Udinese',24,'udinese.png'),(245,'AC Milan',24,'ac milan.png'),(246,'Atalanta',24,'atalanta.png'),(247,'Parma',24,'parma.png'),(248,'Crotone',24,'crotone.png'),(249,'Bologna',24,'bologna.png'),(250,'Inter',24,'inter.png'),(251,'Genoa',24,'genoa.png'),(252,'Sassuolo',24,'sassuolo.png'),(253,'Sampdoria',24,'sampdoria.png'),(254,'Verona',24,'verona.png'),(255,'Lazio',24,'lazio.png'),(256,'Fiorentina',24,'fiorentina.png'),(257,'Reims',21,'reims.png'),(258,'Metz',21,'metz.png'),(259,'Paris SG',21,'paris sg.png'),(260,'St Etienne',21,'st etienne.png'),(261,'Strasbourg',21,'strasbourg.png'),(262,'Montpellier',21,'montpellier.png'),(263,'Lille',21,'lille.png'),(264,'Lyon',21,'lyon.png'),(265,'Angers',21,'angers.png'),(266,'Brest',21,'brest.png'),(267,'Monaco',21,'monaco.png'),(268,'Bordeaux',21,'bordeaux.png'),(269,'Lens',21,'lens.png'),(270,'Dijon',21,'dijon.png'),(271,'Lorient',21,'lorient.png'),(272,'Nice',21,'nice.png'),(273,'Nimes',21,'nimes.png'),(274,'Nantes',21,'nantes.png'),(275,'Marseille',21,'marseille.png'),(276,'Rennes',21,'rennes.png');
/*!40000 ALTER TABLE `teams` ENABLE KEYS */;
UNLOCK TABLES;

--
-- Table structure for table `transfers`
--

DROP TABLE IF EXISTS `transfers`;
/*!40101 SET @saved_cs_client     = @@character_set_client */;
/*!50503 SET character_set_client = utf8mb4 */;
CREATE TABLE `transfers` (
  `id` bigint unsigned NOT NULL AUTO_INCREMENT,
  `transfer_date` date DEFAULT NULL,
  `player_id` bigint unsigned NOT NULL,
  `team_out_id` bigint unsigned NOT NULL,
  `team_in_id` bigint unsigned NOT NULL,
  `type` enum('Loan','Return from loan','Transfer','Free agent') DEFAULT 'Transfer',
  PRIMARY KEY (`id`),
  UNIQUE KEY `id` (`id`),
  KEY `team_out_id` (`team_out_id`),
  KEY `team_in_id` (`team_in_id`),
  KEY `player_id` (`player_id`),
  CONSTRAINT `transfers_ibfk_1` FOREIGN KEY (`team_out_id`) REFERENCES `teams` (`id`),
  CONSTRAINT `transfers_ibfk_2` FOREIGN KEY (`team_in_id`) REFERENCES `teams` (`id`),
  CONSTRAINT `transfers_ibfk_3` FOREIGN KEY (`player_id`) REFERENCES `persons` (`id`)
) ENGINE=InnoDB AUTO_INCREMENT=118 DEFAULT CHARSET=utf8mb4 COLLATE=utf8mb4_0900_ai_ci;
/*!40101 SET character_set_client = @saved_cs_client */;

--
-- Dumping data for table `transfers`
--

LOCK TABLES `transfers` WRITE;
/*!40000 ALTER TABLE `transfers` DISABLE KEYS */;
INSERT INTO `transfers` VALUES (1,'2020-09-19',81,15,12,'Transfer'),(2,'2018-07-01',81,232,15,'Transfer'),(3,'2018-05-21',81,15,232,'Return from loan'),(4,'2017-07-25',81,232,15,'Loan'),(5,'2018-07-19',60,239,12,'Transfer'),(6,'2019-08-05',61,9,12,'Free agent'),(7,'2013-07-01',61,236,9,'Free agent'),(8,'2016-07-01',65,159,12,'Free agent'),(9,'2000-07-01',65,165,159,'Free agent'),(10,'2018-01-01',63,19,12,'Transfer'),(11,'2020-09-18',72,146,12,'Transfer'),(12,'2013-07-14',72,217,146,'Transfer'),(13,'2018-07-01',74,153,12,'Transfer'),(14,'2015-07-01',77,14,12,'Free agent'),(15,'2010-08-17',77,7,14,'Transfer'),(16,'2008-08-29',77,1,7,'Transfer'),(17,'2006-05-08',77,7,1,'Return from loan'),(18,'2005-08-31',77,1,7,'Loan'),(19,'2004-07-02',77,11,1,'Transfer'),(20,'2016-07-22',73,1,12,'Transfer'),(21,'2015-07-01',86,152,12,'Transfer'),(22,'2016-07-01',80,19,12,'Transfer'),(23,'2017-07-01',83,239,12,'Transfer'),(24,'2016-07-01',83,10,239,'Transfer'),(25,'2016-06-30',83,239,10,'Return from loan'),(26,'2015-08-06',83,10,239,'Loan'),(27,'2015-06-30',83,256,10,'Return from loan'),(28,'2015-02-02',83,10,256,'Loan'),(29,'2012-08-31',1,264,18,'Transfer'),(30,'2008-07-01',1,272,264,'Transfer'),(31,'2015-07-08',6,232,18,'Transfer'),(32,'2015-06-30',6,19,232,'Return from loan'),(33,'2014-09-01',6,232,19,'Loan'),(34,'2017-08-31',14,259,18,'Transfer'),(35,'2014-07-23',11,25,18,'Transfer'),(36,'2020-08-30',13,15,18,'Transfer'),(37,'2020-09-17',10,221,18,'Transfer'),(38,'2020-08-22',10,226,221,'Return from loan'),(39,'2019-07-05',10,221,226,'Loan'),(40,'2020-08-11',15,19,18,'Transfer'),(41,'2016-07-11',15,146,19,'Transfer'),(42,'2016-06-30',15,159,146,'Return from loan'),(43,'2015-08-28',15,146,159,'Loan'),(44,'2015-06-30',15,158,146,'Return from loan'),(45,'2015-01-07',15,146,158,'Loan'),(46,'2013-08-30',26,239,18,'Transfer'),(47,'2020-07-01',17,236,18,'Transfer'),(48,'2020-06-30',17,18,236,'Return from loan'),(49,'2019-08-08',17,236,18,'Loan'),(50,'2019-07-01',17,259,236,'Transfer'),(51,'2019-06-29',17,236,259,'Return from loan'),(52,'2018-08-31',17,259,236,'Loan'),(53,'2018-01-31',24,259,18,'Transfer'),(54,'2019-07-02',16,264,18,'Transfer'),(55,'2016-08-31',19,1,18,'Transfer'),(56,'2020-09-19',25,221,18,'Loan'),(57,'2013-09-01',25,18,221,'Transfer'),(58,'2007-07-01',25,19,18,'Transfer'),(59,'2013-05-14',28,2,18,'Return from loan'),(60,'2013-02-21',28,18,2,'Loan'),(61,'2013-02-01',28,31,18,'Return from loan'),(62,'2012-08-31',28,18,31,'Loan'),(63,'2012-05-01',28,32,18,'Return from loan'),(64,'2012-01-01',28,18,32,'Loan'),(65,'2015-08-28',22,157,18,'Transfer'),(66,'2013-07-01',22,166,157,'Transfer'),(67,'2018-08-08',146,229,10,'Transfer'),(68,'2016-06-30',146,230,229,'Return from loan'),(69,'2015-07-20',146,229,230,'Loan'),(70,'2017-07-01',148,14,10,'Free agent'),(71,'2020-09-24',147,276,10,'Transfer'),(72,'2019-08-06',147,257,276,'Transfer'),(73,'2016-07-01',147,275,257,'Free agent'),(74,'2016-08-31',156,256,10,'Transfer'),(75,'2012-08-24',158,275,10,'Transfer'),(76,'2010-07-01',158,223,275,'Transfer'),(77,'2020-08-26',154,2,10,'Transfer'),(78,'2016-01-03',154,39,2,'Return from loan'),(79,'2015-11-19',154,2,39,'Loan'),(80,'2017-06-30',151,143,10,'Return from loan'),(81,'2015-07-10',151,10,143,'Loan'),(82,'2020-08-28',153,259,10,'Free agent'),(83,'2012-07-14',153,245,259,'Transfer'),(84,'2019-05-31',152,40,10,'Return from loan'),(85,'2018-08-06',152,10,40,'Loan'),(86,'2017-05-31',152,4,10,'Return from loan'),(87,'2017-01-23',152,10,4,'Loan'),(88,'2019-05-31',150,20,10,'Return from loan'),(89,'2018-08-09',150,10,20,'Loan'),(90,'2018-05-31',150,23,10,'Return from loan'),(91,'2017-07-21',150,10,23,'Loan'),(92,'2014-06-30',150,260,10,'Return from loan'),(93,'2014-02-01',150,10,260,'Loan'),(94,'2014-01-31',150,260,10,'Transfer'),(95,'2020-09-04',165,157,10,'Transfer'),(96,'2018-07-14',160,237,10,'Transfer'),(97,'2014-01-15',160,254,237,'Transfer'),(98,'2016-07-16',161,2,10,'Transfer'),(99,'2019-07-01',162,221,10,'Transfer'),(100,'2019-06-30',162,10,221,'Return from loan'),(101,'2018-08-09',162,221,10,'Loan'),(102,'2015-08-18',162,250,221,'Transfer'),(103,'2019-05-31',166,40,10,'Return from loan'),(104,'2018-07-17',166,10,40,'Loan'),(105,'2019-06-30',168,145,10,'Return from loan'),(106,'2019-01-02',168,10,145,'Loan'),(107,'2019-01-02',168,145,10,'Transfer'),(108,'2019-05-31',173,7,10,'Return from loan'),(109,'2018-08-31',173,10,7,'Loan'),(110,'2018-05-31',173,25,10,'Return from loan'),(111,'2017-07-04',173,10,25,'Loan'),(112,'2017-05-31',173,26,10,'Return from loan'),(113,'2016-08-05',173,10,26,'Loan'),(114,'2018-01-31',174,13,10,'Transfer'),(115,'2012-07-01',174,262,13,'Transfer'),(116,'2020-07-01',172,153,10,'Transfer'),(117,'2016-07-01',172,154,153,'Transfer');
/*!40000 ALTER TABLE `transfers` ENABLE KEYS */;
UNLOCK TABLES;

--
-- Final view structure for view `current_table_guest`
--

/*!50001 DROP VIEW IF EXISTS `current_table_guest`*/;
/*!50001 SET @saved_cs_client          = @@character_set_client */;
/*!50001 SET @saved_cs_results         = @@character_set_results */;
/*!50001 SET @saved_col_connection     = @@collation_connection */;
/*!50001 SET character_set_client      = utf8mb4 */;
/*!50001 SET character_set_results     = utf8mb4 */;
/*!50001 SET collation_connection      = utf8mb4_0900_ai_ci */;
/*!50001 CREATE ALGORITHM=UNDEFINED */
/*!50013 DEFINER=`root`@`localhost` SQL SECURITY DEFINER */
/*!50001 VIEW `current_table_guest` AS select `t`.`name` AS `Team`,count(0) AS `Played Matches`,(select count(0) from (`matches` `mm` join `teams` `tt` on((`mm`.`away_team_id` = `tt`.`id`))) where ((`tt`.`name` = `t`.`name`) and (`mm`.`away_team_score` > `mm`.`home_team_score`) and (`mm`.`season` = `m`.`season`) and (`mm`.`competition_id` = `m`.`competition_id`))) AS `W`,(select count(0) from (`matches` `mm` join `teams` `tt` on((`mm`.`away_team_id` = `tt`.`id`))) where ((`tt`.`name` = `t`.`name`) and (`mm`.`home_team_score` = `mm`.`away_team_score`) and (`mm`.`season` = `m`.`season`) and (`mm`.`competition_id` = `m`.`competition_id`))) AS `D`,(select count(0) from (`matches` `mm` join `teams` `tt` on((`mm`.`away_team_id` = `tt`.`id`))) where ((`tt`.`name` = `t`.`name`) and (`mm`.`away_team_score` < `mm`.`home_team_score`) and (`mm`.`season` = `m`.`season`) and (`mm`.`competition_id` = `m`.`competition_id`))) AS `L`,sum(`m`.`away_team_score`) AS `Goals Scored`,sum(`m`.`home_team_score`) AS `Goals Conceded`,((3 * (select count(0) from (`matches` `mm` join `teams` `tt` on((`mm`.`away_team_id` = `tt`.`id`))) where ((`tt`.`name` = `t`.`name`) and (`mm`.`away_team_score` > `mm`.`home_team_score`) and (`mm`.`season` = `m`.`season`) and (`mm`.`competition_id` = `m`.`competition_id`)))) + (1 * (select count(0) from (`matches` `mm` join `teams` `tt` on((`mm`.`away_team_id` = `tt`.`id`))) where ((`tt`.`name` = `t`.`name`) and (`mm`.`home_team_score` = `mm`.`away_team_score`) and (`mm`.`season` = `m`.`season`) and (`mm`.`competition_id` = `m`.`competition_id`))))) AS `Points` from (`matches` `m` join `teams` `t` on((`m`.`away_team_id` = `t`.`id`))) where ((`m`.`status` = 'Finished') and (`m`.`season` = '20/21') and (`m`.`competition_id` = 18)) group by `t`.`name` order by `Points` desc,(`Goals Scored` - `Goals Conceded`) desc,`Goals Scored` desc */;
/*!50001 SET character_set_client      = @saved_cs_client */;
/*!50001 SET character_set_results     = @saved_cs_results */;
/*!50001 SET collation_connection      = @saved_col_connection */;

--
-- Final view structure for view `current_table_home`
--

/*!50001 DROP VIEW IF EXISTS `current_table_home`*/;
/*!50001 SET @saved_cs_client          = @@character_set_client */;
/*!50001 SET @saved_cs_results         = @@character_set_results */;
/*!50001 SET @saved_col_connection     = @@collation_connection */;
/*!50001 SET character_set_client      = utf8mb4 */;
/*!50001 SET character_set_results     = utf8mb4 */;
/*!50001 SET collation_connection      = utf8mb4_0900_ai_ci */;
/*!50001 CREATE ALGORITHM=UNDEFINED */
/*!50013 DEFINER=`root`@`localhost` SQL SECURITY DEFINER */
/*!50001 VIEW `current_table_home` AS select `t`.`name` AS `Team`,count(0) AS `Played Matches`,(select count(0) from (`matches` `mm` join `teams` `tt` on((`mm`.`home_team_id` = `tt`.`id`))) where ((`tt`.`name` = `t`.`name`) and (`mm`.`home_team_score` > `mm`.`away_team_score`) and (`mm`.`season` = `m`.`season`) and (`mm`.`competition_id` = `m`.`competition_id`))) AS `W`,(select count(0) from (`matches` `mm` join `teams` `tt` on((`mm`.`home_team_id` = `tt`.`id`))) where ((`tt`.`name` = `t`.`name`) and (`mm`.`home_team_score` = `mm`.`away_team_score`) and (`mm`.`season` = `m`.`season`) and (`mm`.`competition_id` = `m`.`competition_id`))) AS `D`,(select count(0) from (`matches` `mm` join `teams` `tt` on((`mm`.`home_team_id` = `tt`.`id`))) where ((`tt`.`name` = `t`.`name`) and (`mm`.`home_team_score` < `mm`.`away_team_score`) and (`mm`.`season` = `m`.`season`) and (`mm`.`competition_id` = `m`.`competition_id`))) AS `L`,sum(`m`.`home_team_score`) AS `Goals Scored`,sum(`m`.`away_team_score`) AS `Goals Conceded`,((3 * (select count(0) from (`matches` `mm` join `teams` `tt` on((`mm`.`home_team_id` = `tt`.`id`))) where ((`tt`.`name` = `t`.`name`) and (`mm`.`home_team_score` > `mm`.`away_team_score`) and (`mm`.`season` = `m`.`season`) and (`mm`.`competition_id` = `m`.`competition_id`)))) + (1 * (select count(0) from (`matches` `mm` join `teams` `tt` on((`mm`.`home_team_id` = `tt`.`id`))) where ((`tt`.`name` = `t`.`name`) and (`mm`.`home_team_score` = `mm`.`away_team_score`) and (`mm`.`season` = `m`.`season`) and (`mm`.`competition_id` = `m`.`competition_id`))))) AS `Points` from (`matches` `m` join `teams` `t` on((`m`.`home_team_id` = `t`.`id`))) where ((`m`.`status` = 'Finished') and (`m`.`season` = '20/21') and (`m`.`competition_id` = 18)) group by `t`.`name` order by `Points` desc,(`Goals Scored` - `Goals Conceded`) desc,`Goals Scored` desc */;
/*!50001 SET character_set_client      = @saved_cs_client */;
/*!50001 SET character_set_results     = @saved_cs_results */;
/*!50001 SET collation_connection      = @saved_col_connection */;

--
-- Final view structure for view `current_table_total`
--

/*!50001 DROP VIEW IF EXISTS `current_table_total`*/;
/*!50001 SET @saved_cs_client          = @@character_set_client */;
/*!50001 SET @saved_cs_results         = @@character_set_results */;
/*!50001 SET @saved_col_connection     = @@collation_connection */;
/*!50001 SET character_set_client      = utf8mb4 */;
/*!50001 SET character_set_results     = utf8mb4 */;
/*!50001 SET collation_connection      = utf8mb4_0900_ai_ci */;
/*!50001 CREATE ALGORITHM=UNDEFINED */
/*!50013 DEFINER=`root`@`localhost` SQL SECURITY DEFINER */
/*!50001 VIEW `current_table_total` AS select `ct`.`Team` AS `Team`,sum(`ct`.`Played Matches`) AS `Played Matches`,sum(`ct`.`W`) AS `W`,sum(`ct`.`D`) AS `D`,sum(`ct`.`L`) AS `L`,sum(`ct`.`Goals Scored`) AS `Goals Scored`,sum(`ct`.`Goals Conceded`) AS `Goals Conceded`,sum(`ct`.`Points`) AS `Points` from (select `current_table_home`.`Team` AS `Team`,`current_table_home`.`Played Matches` AS `Played Matches`,`current_table_home`.`W` AS `W`,`current_table_home`.`D` AS `D`,`current_table_home`.`L` AS `L`,`current_table_home`.`Goals Scored` AS `Goals Scored`,`current_table_home`.`Goals Conceded` AS `Goals Conceded`,`current_table_home`.`Points` AS `Points` from `current_table_home` union all select `current_table_guest`.`Team` AS `Team`,`current_table_guest`.`Played Matches` AS `Played Matches`,`current_table_guest`.`W` AS `W`,`current_table_guest`.`D` AS `D`,`current_table_guest`.`L` AS `L`,`current_table_guest`.`Goals Scored` AS `Goals Scored`,`current_table_guest`.`Goals Conceded` AS `Goals Conceded`,`current_table_guest`.`Points` AS `Points` from `current_table_guest`) `ct` group by `ct`.`Team` order by sum(`ct`.`Points`) desc,(sum(`ct`.`Goals Scored`) - sum(`ct`.`Goals Conceded`)) desc,sum(`ct`.`Goals Scored`) desc,sum(`ct`.`Played Matches`) */;
/*!50001 SET character_set_client      = @saved_cs_client */;
/*!50001 SET character_set_results     = @saved_cs_results */;
/*!50001 SET collation_connection      = @saved_col_connection */;
/*!40103 SET TIME_ZONE=@OLD_TIME_ZONE */;

/*!40101 SET SQL_MODE=@OLD_SQL_MODE */;
/*!40014 SET FOREIGN_KEY_CHECKS=@OLD_FOREIGN_KEY_CHECKS */;
/*!40014 SET UNIQUE_CHECKS=@OLD_UNIQUE_CHECKS */;
/*!40101 SET CHARACTER_SET_CLIENT=@OLD_CHARACTER_SET_CLIENT */;
/*!40101 SET CHARACTER_SET_RESULTS=@OLD_CHARACTER_SET_RESULTS */;
/*!40101 SET COLLATION_CONNECTION=@OLD_COLLATION_CONNECTION */;
/*!40111 SET SQL_NOTES=@OLD_SQL_NOTES */;

-- Dump completed on 2020-10-28 23:31:07
